source_row_id,date,region,product_line,refunds,refund_liability_inr,ingested_at
ERP-R-000001,2026-01-01,North,Apparel,49138.75,56018.17,2026-01-02T02:00:00+05:30
ERP-R-000002,2026-01-01,North,Electronics,87028.61,99212.61,2026-01-02T02:00:00+05:30
ERP-R-000003,2026-01-01,North,Home,32245.76,36760.16,2026-01-02T02:00:00+05:30
ERP-R-000004,2026-01-01,South,Apparel,39854.38,45433.99,2026-01-02T02:00:00+05:30
ERP-R-000005,2026-01-01,South,Electronics,75876.23,86498.91,2026-01-02T02:00:00+05:30
ERP-R-000006,2026-01-01,South,Home,28249.44,32204.36,2026-01-02T02:00:00+05:30
ERP-R-000007,2026-01-01,East,Apparel,29378.33,33491.3,2026-01-02T02:00:00+05:30
ERP-R-000008,2026-01-01,East,Electronics,53915.44,61463.6,2026-01-02T02:00:00+05:30
ERP-R-000009,2026-01-01,East,Home,19266.39,21963.68,2026-01-02T02:00:00+05:30
ERP-R-000010,2026-01-01,West,Apparel,36146.31,41206.79,2026-01-02T02:00:00+05:30
ERP-R-000011,2026-01-01,West,Electronics,77111.08,87906.63,2026-01-02T02:00:00+05:30
ERP-R-000012,2026-01-01,West,Home,26272.47,29950.61,2026-01-02T02:00:00+05:30
ERP-R-000013,2026-01-02,North,Apparel,36692.2,41829.11,2026-01-03T02:00:00+05:30
ERP-R-000014,2026-01-02,North,Electronics,80165.27,91388.41,2026-01-03T02:00:00+05:30
ERP-R-000015,2026-01-02,North,Home,27073.48,30863.76,2026-01-03T02:00:00+05:30
ERP-R-000016,2026-01-02,South,Apparel,32984.18,37601.96,2026-01-03T02:00:00+05:30
ERP-R-000017,2026-01-02,South,Electronics,65025.12,74128.63,2026-01-03T02:00:00+05:30
ERP-R-000018,2026-01-02,South,Home,22880.76,26084.07,2026-01-03T02:00:00+05:30
ERP-R-000019,2026-01-02,East,Apparel,23969.85,27325.63,2026-01-03T02:00:00+05:30
ERP-R-000020,2026-01-02,East,Electronics,43634.83,49743.71,2026-01-03T02:00:00+05:30
ERP-R-000021,2026-01-02,East,Home,15892.34,18117.27,2026-01-03T02:00:00+05:30
ERP-R-000022,2026-01-02,West,Apparel,29419.14,33537.82,2026-01-03T02:00:00+05:30
ERP-R-000023,2026-01-02,West,Electronics,57397.7,65433.38,2026-01-03T02:00:00+05:30
ERP-R-000024,2026-01-02,West,Home,19962.91,22757.72,2026-01-03T02:00:00+05:30
ERP-R-000025,2026-01-03,North,Apparel,41924.9,47794.39,2026-01-04T02:00:00+05:30
ERP-R-000026,2026-01-03,North,Electronics,89886.63,102470.76,2026-01-04T02:00:00+05:30
ERP-R-000027,2026-01-03,North,Home,30352.03,34601.32,2026-01-04T02:00:00+05:30
ERP-R-000028,2026-01-03,South,Apparel,38093.04,43426.07,2026-01-04T02:00:00+05:30
ERP-R-000029,2026-01-03,South,Electronics,67429.6,76869.75,2026-01-04T02:00:00+05:30
ERP-R-000030,2026-01-03,South,Home,28589.32,32591.83,2026-01-04T02:00:00+05:30
ERP-R-000031,2026-01-03,East,Apparel,26969.48,30745.21,2026-01-04T02:00:00+05:30
ERP-R-000032,2026-01-03,East,Electronics,52383.84,59717.58,2026-01-04T02:00:00+05:30
ERP-R-000033,2026-01-03,East,Home,18421.18,21000.15,2026-01-04T02:00:00+05:30
ERP-R-000034,2026-01-03,West,Apparel,36749.58,41894.53,2026-01-04T02:00:00+05:30
ERP-R-000035,2026-01-03,West,Electronics,69417.91,79136.41,2026-01-04T02:00:00+05:30
ERP-R-000036,2026-01-03,West,Home,23187.3,26433.52,2026-01-04T02:00:00+05:30
ERP-R-000037,2026-01-04,North,Apparel,45481.97,51849.45,2026-01-05T02:00:00+05:30
ERP-R-000038,2026-01-04,North,Electronics,92966.32,105981.6,2026-01-05T02:00:00+05:30
ERP-R-000039,2026-01-04,North,Home,32734.09,37316.86,2026-01-05T02:00:00+05:30
ERP-R-000040,2026-01-04,South,Apparel,36505.45,41616.21,2026-01-05T02:00:00+05:30
ERP-R-000041,2026-01-04,South,Electronics,75443.34,86005.41,2026-01-05T02:00:00+05:30
ERP-R-000042,2026-01-04,South,Home,27179.13,30984.21,2026-01-05T02:00:00+05:30
ERP-R-000043,2026-01-04,East,Apparel,27382.74,31216.32,2026-01-05T02:00:00+05:30
ERP-R-000044,2026-01-04,East,Electronics,52602.56,59966.92,2026-01-05T02:00:00+05:30
ERP-R-000045,2026-01-04,East,Home,18910.66,21558.15,2026-01-05T02:00:00+05:30
ERP-R-000046,2026-01-04,West,Apparel,35645.65,40636.05,2026-01-05T02:00:00+05:30
ERP-R-000047,2026-01-04,West,Electronics,74188.94,84575.39,2026-01-05T02:00:00+05:30
ERP-R-000048,2026-01-04,West,Home,24994.45,28493.67,2026-01-05T02:00:00+05:30
ERP-R-000049,2026-01-05,North,Apparel,40312.79,45956.58,2026-01-06T02:00:00+05:30
ERP-R-000050,2026-01-05,North,Electronics,71593.16,81616.2,2026-01-06T02:00:00+05:30
ERP-R-000051,2026-01-05,North,Home,26597.93,30321.64,2026-01-06T02:00:00+05:30
ERP-R-000052,2026-01-05,South,Apparel,33467.17,38152.57,2026-01-06T02:00:00+05:30
ERP-R-000053,2026-01-05,South,Electronics,63763.12,72689.96,2026-01-06T02:00:00+05:30
ERP-R-000054,2026-01-05,South,Home,22256.24,25372.11,2026-01-06T02:00:00+05:30
ERP-R-000055,2026-01-05,East,Apparel,21543.72,24559.84,2026-01-06T02:00:00+05:30
ERP-R-000056,2026-01-05,East,Electronics,39206.24,44695.12,2026-01-06T02:00:00+05:30
ERP-R-000057,2026-01-05,East,Home,16165.34,18428.49,2026-01-06T02:00:00+05:30
ERP-R-000058,2026-01-05,West,Apparel,28805.76,32838.56,2026-01-06T02:00:00+05:30
ERP-R-000059,2026-01-05,West,Electronics,60008.04,68409.16,2026-01-06T02:00:00+05:30
ERP-R-000060,2026-01-05,West,Home,21182.65,24148.22,2026-01-06T02:00:00+05:30
ERP-R-000061,2026-01-06,North,Apparel,41989.86,47868.44,2026-01-07T02:00:00+05:30
ERP-R-000062,2026-01-06,North,Electronics,74961.67,85456.3,2026-01-07T02:00:00+05:30
ERP-R-000063,2026-01-06,North,Home,24521.88,27954.95,2026-01-07T02:00:00+05:30
ERP-R-000064,2026-01-06,South,Apparel,33193.77,37840.9,2026-01-07T02:00:00+05:30
ERP-R-000065,2026-01-06,South,Electronics,67003.93,76384.49,2026-01-07T02:00:00+05:30
ERP-R-000066,2026-01-06,South,Home,24142.23,27522.14,2026-01-07T02:00:00+05:30
ERP-R-000067,2026-01-06,East,Apparel,21698.64,24736.45,2026-01-07T02:00:00+05:30
ERP-R-000068,2026-01-06,East,Electronics,43215.59,49265.78,2026-01-07T02:00:00+05:30
ERP-R-000069,2026-01-06,East,Home,15392.41,17547.34,2026-01-07T02:00:00+05:30
ERP-R-000070,2026-01-06,West,Apparel,30119.13,34335.8,2026-01-07T02:00:00+05:30
ERP-R-000071,2026-01-06,West,Electronics,61761.02,70407.57,2026-01-07T02:00:00+05:30
ERP-R-000072,2026-01-06,West,Home,20935.91,23866.93,2026-01-07T02:00:00+05:30
ERP-R-000073,2026-01-07,North,Apparel,41750.17,47595.19,2026-01-08T02:00:00+05:30
ERP-R-000074,2026-01-07,North,Electronics,81353.53,92743.03,2026-01-08T02:00:00+05:30
ERP-R-000075,2026-01-07,North,Home,27048.35,30835.12,2026-01-08T02:00:00+05:30
ERP-R-000076,2026-01-07,South,Apparel,31820.54,36275.41,2026-01-08T02:00:00+05:30
ERP-R-000077,2026-01-07,South,Electronics,62047.34,70733.97,2026-01-08T02:00:00+05:30
ERP-R-000078,2026-01-07,South,Home,23575.03,26875.54,2026-01-08T02:00:00+05:30
ERP-R-000079,2026-01-07,East,Apparel,22856.65,26056.58,2026-01-08T02:00:00+05:30
ERP-R-000080,2026-01-07,East,Electronics,42909.25,48916.55,2026-01-08T02:00:00+05:30
ERP-R-000081,2026-01-07,East,Home,15979.44,18216.57,2026-01-08T02:00:00+05:30
ERP-R-000082,2026-01-07,West,Apparel,29605.03,33749.73,2026-01-08T02:00:00+05:30
ERP-R-000083,2026-01-07,West,Electronics,62690.99,71467.72,2026-01-08T02:00:00+05:30
ERP-R-000084,2026-01-07,West,Home,20882.24,23805.75,2026-01-08T02:00:00+05:30
ERP-R-000085,2026-01-08,North,Apparel,38095.29,43428.63,2026-01-09T02:00:00+05:30
ERP-R-000086,2026-01-08,North,Electronics,73889.71,84234.27,2026-01-09T02:00:00+05:30
ERP-R-000087,2026-01-08,North,Home,25686.83,29282.99,2026-01-09T02:00:00+05:30
ERP-R-000088,2026-01-08,South,Apparel,35341.35,40289.13,2026-01-09T02:00:00+05:30
ERP-R-000089,2026-01-08,South,Electronics,64048.55,73015.34,2026-01-09T02:00:00+05:30
ERP-R-000090,2026-01-08,South,Home,23223.37,26474.65,2026-01-09T02:00:00+05:30
ERP-R-000091,2026-01-08,East,Apparel,22533.26,25687.92,2026-01-09T02:00:00+05:30
ERP-R-000092,2026-01-08,East,Electronics,47582.24,54243.75,2026-01-09T02:00:00+05:30
ERP-R-000093,2026-01-08,East,Home,15929.82,18159.99,2026-01-09T02:00:00+05:30
ERP-R-000094,2026-01-08,West,Apparel,31045.21,35391.54,2026-01-09T02:00:00+05:30
ERP-R-000095,2026-01-08,West,Electronics,58258.94,66415.19,2026-01-09T02:00:00+05:30
ERP-R-000096,2026-01-08,West,Home,20941.14,23872.9,2026-01-09T02:00:00+05:30
ERP-R-000097,2026-01-09,North,Apparel,40996.09,46735.54,2026-01-10T02:00:00+05:30
ERP-R-000098,2026-01-09,North,Electronics,79618.32,90764.89,2026-01-10T02:00:00+05:30
ERP-R-000099,2026-01-09,North,Home,27722.46,31603.61,2026-01-10T02:00:00+05:30
ERP-R-000100,2026-01-09,South,Apparel,31797.39,36249.03,2026-01-10T02:00:00+05:30
ERP-R-000101,2026-01-09,South,Electronics,60690.42,69187.08,2026-01-10T02:00:00+05:30
ERP-R-000102,2026-01-09,South,Home,23552.57,26849.93,2026-01-10T02:00:00+05:30
ERP-R-000103,2026-01-09,East,Apparel,22449.77,25592.74,2026-01-10T02:00:00+05:30
ERP-R-000104,2026-01-09,East,Electronics,42708.01,48687.14,2026-01-10T02:00:00+05:30
ERP-R-000105,2026-01-09,East,Home,15764.4,17971.42,2026-01-10T02:00:00+05:30
ERP-R-000106,2026-01-09,West,Apparel,28762.14,32788.83,2026-01-10T02:00:00+05:30
ERP-R-000107,2026-01-09,West,Electronics,59699.5,68057.43,2026-01-10T02:00:00+05:30
ERP-R-000108,2026-01-09,West,Home,19957.84,22751.94,2026-01-10T02:00:00+05:30
ERP-R-000109,2026-01-10,North,Apparel,44289.21,50489.7,2026-01-11T02:00:00+05:30
ERP-R-000110,2026-01-10,North,Electronics,93031.3,106055.68,2026-01-11T02:00:00+05:30
ERP-R-000111,2026-01-10,North,Home,32250.41,36765.47,2026-01-11T02:00:00+05:30
ERP-R-000112,2026-01-10,South,Apparel,38079.28,43410.38,2026-01-11T02:00:00+05:30
ERP-R-000113,2026-01-10,South,Electronics,76418.46,87117.04,2026-01-11T02:00:00+05:30
ERP-R-000114,2026-01-10,South,Home,27844.44,31742.66,2026-01-11T02:00:00+05:30
ERP-R-000115,2026-01-10,East,Apparel,27819.52,31714.25,2026-01-11T02:00:00+05:30
ERP-R-000116,2026-01-10,East,Electronics,52245.65,59560.05,2026-01-11T02:00:00+05:30
ERP-R-000117,2026-01-10,East,Home,20141.56,22961.38,2026-01-11T02:00:00+05:30
ERP-R-000118,2026-01-10,West,Apparel,34092.5,38865.45,2026-01-11T02:00:00+05:30
ERP-R-000119,2026-01-10,West,Electronics,71325.74,81311.34,2026-01-11T02:00:00+05:30
ERP-R-000120,2026-01-10,West,Home,23865.73,27206.93,2026-01-11T02:00:00+05:30
ERP-R-000121,2026-01-11,North,Apparel,47654.37,54325.98,2026-01-12T02:00:00+05:30
ERP-R-000122,2026-01-11,North,Electronics,91141.88,103901.75,2026-01-12T02:00:00+05:30
ERP-R-000123,2026-01-11,North,Home,32256.92,36772.88,2026-01-12T02:00:00+05:30
ERP-R-000124,2026-01-11,South,Apparel,40533.4,46208.08,2026-01-12T02:00:00+05:30
ERP-R-000125,2026-01-11,South,Electronics,78872.12,89914.21,2026-01-12T02:00:00+05:30
ERP-R-000126,2026-01-11,South,Home,29381.11,33494.46,2026-01-12T02:00:00+05:30
ERP-R-000127,2026-01-11,East,Apparel,27924.71,31834.17,2026-01-12T02:00:00+05:30
ERP-R-000128,2026-01-11,East,Electronics,50916.62,58044.95,2026-01-12T02:00:00+05:30
ERP-R-000129,2026-01-11,East,Home,18811.24,21444.82,2026-01-12T02:00:00+05:30
ERP-R-000130,2026-01-11,West,Apparel,36699.6,41837.55,2026-01-12T02:00:00+05:30
ERP-R-000131,2026-01-11,West,Electronics,73156.07,83397.92,2026-01-12T02:00:00+05:30
ERP-R-000132,2026-01-11,West,Home,23235.61,26488.59,2026-01-12T02:00:00+05:30
ERP-R-000133,2026-01-12,North,Apparel,39285.48,44785.44,2026-01-13T02:00:00+05:30
ERP-R-000134,2026-01-12,North,Electronics,79776.04,90944.69,2026-01-13T02:00:00+05:30
ERP-R-000135,2026-01-12,North,Home,25204.38,28732.99,2026-01-13T02:00:00+05:30
ERP-R-000136,2026-01-12,South,Apparel,32247.18,36761.78,2026-01-13T02:00:00+05:30
ERP-R-000137,2026-01-12,South,Electronics,64017.61,72980.07,2026-01-13T02:00:00+05:30
ERP-R-000138,2026-01-12,South,Home,24364.27,27775.27,2026-01-13T02:00:00+05:30
ERP-R-000139,2026-01-12,East,Apparel,23177.47,26422.31,2026-01-13T02:00:00+05:30
ERP-R-000140,2026-01-12,East,Electronics,43591.68,49694.51,2026-01-13T02:00:00+05:30
ERP-R-000141,2026-01-12,East,Home,15883.44,18107.13,2026-01-13T02:00:00+05:30
ERP-R-000142,2026-01-12,West,Apparel,29451.96,33575.23,2026-01-13T02:00:00+05:30
ERP-R-000143,2026-01-12,West,Electronics,62592.81,71355.81,2026-01-13T02:00:00+05:30
ERP-R-000144,2026-01-12,West,Home,20811.27,23724.85,2026-01-13T02:00:00+05:30
ERP-R-000145,2026-01-13,North,Apparel,42098.78,47992.61,2026-01-14T02:00:00+05:30
ERP-R-000146,2026-01-13,North,Electronics,77616.67,88483.0,2026-01-14T02:00:00+05:30
ERP-R-000147,2026-01-13,North,Home,25930.88,29561.2,2026-01-14T02:00:00+05:30
ERP-R-000148,2026-01-13,South,Apparel,32449.81,36992.78,2026-01-14T02:00:00+05:30
ERP-R-000149,2026-01-13,South,Electronics,60402.44,68858.79,2026-01-14T02:00:00+05:30
ERP-R-000150,2026-01-13,South,Home,21830.23,24886.46,2026-01-14T02:00:00+05:30
ERP-R-000151,2026-01-13,East,Apparel,21442.02,24443.91,2026-01-14T02:00:00+05:30
ERP-R-000152,2026-01-13,East,Electronics,45559.97,51938.37,2026-01-14T02:00:00+05:30
ERP-R-000153,2026-01-13,East,Home,15794.76,18006.02,2026-01-14T02:00:00+05:30
ERP-R-000154,2026-01-13,West,Apparel,28984.9,33042.78,2026-01-14T02:00:00+05:30
ERP-R-000155,2026-01-13,West,Electronics,58946.5,67199.01,2026-01-14T02:00:00+05:30
ERP-R-000156,2026-01-13,West,Home,20637.79,23527.08,2026-01-14T02:00:00+05:30
ERP-R-000157,2026-01-14,North,Apparel,38293.62,43654.72,2026-01-15T02:00:00+05:30
ERP-R-000158,2026-01-14,North,Electronics,77737.3,88620.52,2026-01-15T02:00:00+05:30
ERP-R-000159,2026-01-14,North,Home,25855.1,29474.81,2026-01-15T02:00:00+05:30
ERP-R-000160,2026-01-14,South,Apparel,33458.59,38142.79,2026-01-15T02:00:00+05:30
ERP-R-000161,2026-01-14,South,Electronics,61042.44,69588.38,2026-01-15T02:00:00+05:30
ERP-R-000162,2026-01-14,South,Home,24292.67,27693.64,2026-01-15T02:00:00+05:30
ERP-R-000163,2026-01-14,East,Apparel,23709.42,27028.74,2026-01-15T02:00:00+05:30
ERP-R-000164,2026-01-14,East,Electronics,44297.08,50498.67,2026-01-15T02:00:00+05:30
ERP-R-000165,2026-01-14,East,Home,16314.37,18598.38,2026-01-15T02:00:00+05:30
ERP-R-000166,2026-01-14,West,Apparel,30879.3,35202.4,2026-01-15T02:00:00+05:30
ERP-R-000167,2026-01-14,West,Electronics,59353.82,67663.36,2026-01-15T02:00:00+05:30
ERP-R-000168,2026-01-14,West,Home,19550.21,22287.24,2026-01-15T02:00:00+05:30
ERP-R-000169,2026-01-15,North,Apparel,38750.22,44175.25,2026-01-16T02:00:00+05:30
ERP-R-000170,2026-01-15,North,Electronics,77891.55,88796.37,2026-01-16T02:00:00+05:30
ERP-R-000171,2026-01-15,North,Home,26738.3,30481.66,2026-01-16T02:00:00+05:30
ERP-R-000172,2026-01-15,South,Apparel,33883.28,38626.94,2026-01-16T02:00:00+05:30
ERP-R-000173,2026-01-15,South,Electronics,61237.5,69810.76,2026-01-16T02:00:00+05:30
ERP-R-000174,2026-01-15,South,Home,24221.42,27612.41,2026-01-16T02:00:00+05:30
ERP-R-000175,2026-01-15,East,Apparel,23795.81,27127.22,2026-01-16T02:00:00+05:30
ERP-R-000176,2026-01-15,East,Electronics,43944.06,50096.23,2026-01-16T02:00:00+05:30
ERP-R-000177,2026-01-15,East,Home,16441.89,18743.75,2026-01-16T02:00:00+05:30
ERP-R-000178,2026-01-15,West,Apparel,28357.16,32327.16,2026-01-16T02:00:00+05:30
ERP-R-000179,2026-01-15,West,Electronics,60484.63,68952.48,2026-01-16T02:00:00+05:30
ERP-R-000180,2026-01-15,West,Home,22343.79,25471.92,2026-01-16T02:00:00+05:30
ERP-R-000181,2026-01-16,North,Apparel,38522.01,43915.1,2026-01-17T02:00:00+05:30
ERP-R-000182,2026-01-16,North,Electronics,81093.6,92446.71,2026-01-17T02:00:00+05:30
ERP-R-000183,2026-01-16,North,Home,25369.04,28920.71,2026-01-17T02:00:00+05:30
ERP-R-000184,2026-01-16,South,Apparel,34550.59,39387.68,2026-01-17T02:00:00+05:30
ERP-R-000185,2026-01-16,South,Electronics,62998.06,71817.79,2026-01-17T02:00:00+05:30
ERP-R-000186,2026-01-16,South,Home,21339.7,24327.26,2026-01-17T02:00:00+05:30
ERP-R-000187,2026-01-16,East,Apparel,22697.55,25875.2,2026-01-17T02:00:00+05:30
ERP-R-000188,2026-01-16,East,Electronics,41648.91,47479.76,2026-01-17T02:00:00+05:30
ERP-R-000189,2026-01-16,East,Home,16091.19,18343.96,2026-01-17T02:00:00+05:30
ERP-R-000190,2026-01-16,West,Apparel,30696.64,34994.17,2026-01-17T02:00:00+05:30
ERP-R-000191,2026-01-16,West,Electronics,60659.34,69151.65,2026-01-17T02:00:00+05:30
ERP-R-000192,2026-01-16,West,Home,21207.69,24176.77,2026-01-17T02:00:00+05:30
ERP-R-000193,2026-01-17,North,Apparel,47228.84,53840.88,2026-01-18T02:00:00+05:30
ERP-R-000194,2026-01-17,North,Electronics,93834.68,106971.54,2026-01-18T02:00:00+05:30
ERP-R-000195,2026-01-17,North,Home,32967.24,37582.65,2026-01-18T02:00:00+05:30
ERP-R-000196,2026-01-17,South,Apparel,39059.79,44528.16,2026-01-18T02:00:00+05:30
ERP-R-000197,2026-01-17,South,Electronics,81795.21,93246.54,2026-01-18T02:00:00+05:30
ERP-R-000198,2026-01-17,South,Home,27638.79,31508.22,2026-01-18T02:00:00+05:30
ERP-R-000199,2026-01-17,East,Apparel,29239.72,33333.28,2026-01-18T02:00:00+05:30
ERP-R-000200,2026-01-17,East,Electronics,54444.12,62066.3,2026-01-18T02:00:00+05:30
ERP-R-000201,2026-01-17,East,Home,19317.72,22022.2,2026-01-18T02:00:00+05:30
ERP-R-000202,2026-01-17,West,Apparel,35043.54,39949.64,2026-01-18T02:00:00+05:30
ERP-R-000203,2026-01-17,West,Electronics,74204.34,84592.95,2026-01-18T02:00:00+05:30
ERP-R-000204,2026-01-17,West,Home,24953.35,28446.82,2026-01-18T02:00:00+05:30
ERP-R-000205,2026-01-18,North,Apparel,46468.81,52974.44,2026-01-19T02:00:00+05:30
ERP-R-000206,2026-01-18,North,Electronics,92250.95,105166.09,2026-01-19T02:00:00+05:30
ERP-R-000207,2026-01-18,North,Home,32852.48,37451.82,2026-01-19T02:00:00+05:30
ERP-R-000208,2026-01-18,South,Apparel,38808.24,44241.4,2026-01-19T02:00:00+05:30
ERP-R-000209,2026-01-18,South,Electronics,75288.52,85828.91,2026-01-19T02:00:00+05:30
ERP-R-000210,2026-01-18,South,Home,28473.05,32459.28,2026-01-19T02:00:00+05:30
ERP-R-000211,2026-01-18,East,Apparel,26283.4,29963.08,2026-01-19T02:00:00+05:30
ERP-R-000212,2026-01-18,East,Electronics,50887.6,58011.86,2026-01-19T02:00:00+05:30
ERP-R-000213,2026-01-18,East,Home,18304.43,20867.05,2026-01-19T02:00:00+05:30
ERP-R-000214,2026-01-18,West,Apparel,35409.38,40366.69,2026-01-19T02:00:00+05:30
ERP-R-000215,2026-01-18,West,Electronics,75878.06,86500.98,2026-01-19T02:00:00+05:30
ERP-R-000216,2026-01-18,West,Home,25309.74,28853.11,2026-01-19T02:00:00+05:30
ERP-R-000217,2026-01-19,North,Apparel,40292.66,45933.63,2026-01-20T02:00:00+05:30
ERP-R-000218,2026-01-19,North,Electronics,77814.0,88707.97,2026-01-20T02:00:00+05:30
ERP-R-000219,2026-01-19,North,Home,26492.08,30200.97,2026-01-20T02:00:00+05:30
ERP-R-000220,2026-01-19,South,Apparel,36016.66,41058.99,2026-01-20T02:00:00+05:30
ERP-R-000221,2026-01-19,South,Electronics,63740.02,72663.62,2026-01-20T02:00:00+05:30
ERP-R-000222,2026-01-19,South,Home,24007.6,27368.66,2026-01-20T02:00:00+05:30
ERP-R-000223,2026-01-19,East,Apparel,23253.97,26509.53,2026-01-20T02:00:00+05:30
ERP-R-000224,2026-01-19,East,Electronics,44832.81,51109.4,2026-01-20T02:00:00+05:30
ERP-R-000225,2026-01-19,East,Home,15519.99,17692.79,2026-01-20T02:00:00+05:30
ERP-R-000226,2026-01-19,West,Apparel,29143.83,33223.97,2026-01-20T02:00:00+05:30
ERP-R-000227,2026-01-19,West,Electronics,62275.19,70993.72,2026-01-20T02:00:00+05:30
ERP-R-000228,2026-01-19,West,Home,20677.56,23572.42,2026-01-20T02:00:00+05:30
ERP-R-000229,2026-01-20,North,Apparel,46186.05,52652.1,2026-01-21T02:00:00+05:30
ERP-R-000230,2026-01-20,North,Electronics,90110.72,102726.22,2026-01-21T02:00:00+05:30
ERP-R-000231,2026-01-20,North,Home,32258.02,36774.14,2026-01-21T02:00:00+05:30
ERP-R-000232,2026-01-20,South,Apparel,38303.65,43666.16,2026-01-21T02:00:00+05:30
ERP-R-000233,2026-01-20,South,Electronics,76892.78,87657.77,2026-01-21T02:00:00+05:30
ERP-R-000234,2026-01-20,South,Home,28758.59,32784.8,2026-01-21T02:00:00+05:30
ERP-R-000235,2026-01-20,East,Apparel,28655.9,32667.73,2026-01-21T02:00:00+05:30
ERP-R-000236,2026-01-20,East,Electronics,52401.12,59737.27,2026-01-21T02:00:00+05:30
ERP-R-000237,2026-01-20,East,Home,19010.51,21671.99,2026-01-21T02:00:00+05:30
ERP-R-000238,2026-01-20,West,Apparel,35692.07,40688.96,2026-01-21T02:00:00+05:30
ERP-R-000239,2026-01-20,West,Electronics,73673.24,83987.49,2026-01-21T02:00:00+05:30
ERP-R-000240,2026-01-20,West,Home,23950.24,27303.28,2026-01-21T02:00:00+05:30
ERP-R-000241,2026-01-21,North,Apparel,48945.42,55797.78,2026-01-22T02:00:00+05:30
ERP-R-000242,2026-01-21,North,Electronics,92545.19,105501.52,2026-01-22T02:00:00+05:30
ERP-R-000243,2026-01-21,North,Home,29259.7,33356.06,2026-01-22T02:00:00+05:30
ERP-R-000244,2026-01-21,South,Apparel,39934.98,45525.88,2026-01-22T02:00:00+05:30
ERP-R-000245,2026-01-21,South,Electronics,78533.14,89527.78,2026-01-22T02:00:00+05:30
ERP-R-000246,2026-01-21,South,Home,27223.78,31035.11,2026-01-22T02:00:00+05:30
ERP-R-000247,2026-01-21,East,Apparel,26041.88,29687.75,2026-01-22T02:00:00+05:30
ERP-R-000248,2026-01-21,East,Electronics,49905.01,56891.72,2026-01-22T02:00:00+05:30
ERP-R-000249,2026-01-21,East,Home,19081.47,21752.87,2026-01-22T02:00:00+05:30
ERP-R-000250,2026-01-21,West,Apparel,35934.45,40965.27,2026-01-22T02:00:00+05:30
ERP-R-000251,2026-01-21,West,Electronics,70503.48,80373.97,2026-01-22T02:00:00+05:30
ERP-R-000252,2026-01-21,West,Home,23566.57,26865.88,2026-01-22T02:00:00+05:30
ERP-R-000253,2026-01-22,North,Apparel,47292.01,53912.89,2026-01-23T02:00:00+05:30
ERP-R-000254,2026-01-22,North,Electronics,87060.52,99248.99,2026-01-23T02:00:00+05:30
ERP-R-000255,2026-01-22,North,Home,32614.67,37180.73,2026-01-23T02:00:00+05:30
ERP-R-000256,2026-01-22,South,Apparel,39068.51,44538.1,2026-01-23T02:00:00+05:30
ERP-R-000257,2026-01-22,South,Electronics,77568.2,88427.74,2026-01-23T02:00:00+05:30
ERP-R-000258,2026-01-22,South,Home,29419.03,33537.69,2026-01-23T02:00:00+05:30
ERP-R-000259,2026-01-22,East,Apparel,27949.4,31862.31,2026-01-23T02:00:00+05:30
ERP-R-000260,2026-01-22,East,Electronics,50744.46,57848.68,2026-01-23T02:00:00+05:30
ERP-R-000261,2026-01-22,East,Home,18308.09,20871.22,2026-01-23T02:00:00+05:30
ERP-R-000262,2026-01-22,West,Apparel,36876.58,42039.3,2026-01-23T02:00:00+05:30
ERP-R-000263,2026-01-22,West,Electronics,73653.12,83964.55,2026-01-23T02:00:00+05:30
ERP-R-000264,2026-01-22,West,Home,24037.82,27403.11,2026-01-23T02:00:00+05:30
ERP-R-000265,2026-01-23,North,Apparel,49969.23,56964.92,2026-01-24T02:00:00+05:30
ERP-R-000266,2026-01-23,North,Electronics,97509.02,111160.28,2026-01-24T02:00:00+05:30
ERP-R-000267,2026-01-23,North,Home,30657.54,34949.59,2026-01-24T02:00:00+05:30
ERP-R-000268,2026-01-23,South,Apparel,39807.37,45380.4,2026-01-24T02:00:00+05:30
ERP-R-000269,2026-01-23,South,Electronics,72960.32,83174.76,2026-01-24T02:00:00+05:30
ERP-R-000270,2026-01-23,South,Home,28732.16,32754.66,2026-01-24T02:00:00+05:30
ERP-R-000271,2026-01-23,East,Apparel,26717.85,30458.35,2026-01-24T02:00:00+05:30
ERP-R-000272,2026-01-23,East,Electronics,54924.31,62613.71,2026-01-24T02:00:00+05:30
ERP-R-000273,2026-01-23,East,Home,18794.05,21425.22,2026-01-24T02:00:00+05:30
ERP-R-000274,2026-01-23,West,Apparel,33513.3,38205.16,2026-01-24T02:00:00+05:30
ERP-R-000275,2026-01-23,West,Electronics,72788.43,82978.81,2026-01-24T02:00:00+05:30
ERP-R-000276,2026-01-23,West,Home,25755.08,29360.79,2026-01-24T02:00:00+05:30
ERP-R-000277,2026-01-24,North,Apparel,55166.33,62889.62,2026-01-25T02:00:00+05:30
ERP-R-000278,2026-01-24,North,Electronics,105497.82,120267.52,2026-01-25T02:00:00+05:30
ERP-R-000279,2026-01-24,North,Home,38946.41,44398.9,2026-01-25T02:00:00+05:30
ERP-R-000280,2026-01-24,South,Apparel,44490.51,50719.19,2026-01-25T02:00:00+05:30
ERP-R-000281,2026-01-24,South,Electronics,93864.93,107006.02,2026-01-25T02:00:00+05:30
ERP-R-000282,2026-01-24,South,Home,32531.71,37086.15,2026-01-25T02:00:00+05:30
ERP-R-000283,2026-01-24,East,Apparel,31597.78,36021.47,2026-01-25T02:00:00+05:30
ERP-R-000284,2026-01-24,East,Electronics,62599.58,71363.52,2026-01-25T02:00:00+05:30
ERP-R-000285,2026-01-24,East,Home,22478.15,25625.09,2026-01-25T02:00:00+05:30
ERP-R-000286,2026-01-24,West,Apparel,44697.59,50955.25,2026-01-25T02:00:00+05:30
ERP-R-000287,2026-01-24,West,Electronics,86201.11,98269.27,2026-01-25T02:00:00+05:30
ERP-R-000288,2026-01-24,West,Home,29955.22,34148.96,2026-01-25T02:00:00+05:30
ERP-R-000289,2026-01-25,North,Apparel,54751.82,62417.08,2026-01-26T02:00:00+05:30
ERP-R-000290,2026-01-25,North,Electronics,113520.29,129413.13,2026-01-26T02:00:00+05:30
ERP-R-000291,2026-01-25,North,Home,37778.75,43067.77,2026-01-26T02:00:00+05:30
ERP-R-000292,2026-01-25,South,Apparel,46796.27,53347.74,2026-01-26T02:00:00+05:30
ERP-R-000293,2026-01-25,South,Electronics,94191.65,107378.48,2026-01-26T02:00:00+05:30
ERP-R-000294,2026-01-25,South,Home,34175.88,38960.5,2026-01-26T02:00:00+05:30
ERP-R-000295,2026-01-25,East,Apparel,34285.48,39085.44,2026-01-26T02:00:00+05:30
ERP-R-000296,2026-01-25,East,Electronics,57617.79,65684.28,2026-01-26T02:00:00+05:30
ERP-R-000297,2026-01-25,East,Home,22128.3,25226.26,2026-01-26T02:00:00+05:30
ERP-R-000298,2026-01-25,West,Apparel,41295.15,47076.47,2026-01-26T02:00:00+05:30
ERP-R-000299,2026-01-25,West,Electronics,87882.47,100186.01,2026-01-26T02:00:00+05:30
ERP-R-000300,2026-01-25,West,Home,28065.71,31994.91,2026-01-26T02:00:00+05:30
ERP-R-000301,2026-01-26,North,Apparel,56777.22,64726.03,2026-01-27T02:00:00+05:30
ERP-R-000302,2026-01-26,North,Electronics,112915.08,128723.19,2026-01-27T02:00:00+05:30
ERP-R-000303,2026-01-26,North,Home,36024.45,41067.87,2026-01-27T02:00:00+05:30
ERP-R-000304,2026-01-26,South,Apparel,47889.06,54593.53,2026-01-27T02:00:00+05:30
ERP-R-000305,2026-01-26,South,Electronics,88183.84,100529.57,2026-01-27T02:00:00+05:30
ERP-R-000306,2026-01-26,South,Home,33017.56,37640.01,2026-01-27T02:00:00+05:30
ERP-R-000307,2026-01-26,East,Apparel,34359.19,39169.48,2026-01-27T02:00:00+05:30
ERP-R-000308,2026-01-26,East,Electronics,62628.37,71396.34,2026-01-27T02:00:00+05:30
ERP-R-000309,2026-01-26,East,Home,24013.36,27375.24,2026-01-27T02:00:00+05:30
ERP-R-000310,2026-01-26,West,Apparel,45369.69,51721.44,2026-01-27T02:00:00+05:30
ERP-R-000311,2026-01-26,West,Electronics,88550.33,100947.38,2026-01-27T02:00:00+05:30
ERP-R-000312,2026-01-26,West,Home,28481.41,32468.8,2026-01-27T02:00:00+05:30
ERP-R-000313,2026-01-27,North,Apparel,45913.24,52341.09,2026-01-28T02:00:00+05:30
ERP-R-000314,2026-01-27,North,Electronics,99182.41,113067.95,2026-01-28T02:00:00+05:30
ERP-R-000315,2026-01-27,North,Home,31197.08,35564.67,2026-01-28T02:00:00+05:30
ERP-R-000316,2026-01-27,South,Apparel,39195.95,44683.38,2026-01-28T02:00:00+05:30
ERP-R-000317,2026-01-27,South,Electronics,81509.36,92920.68,2026-01-28T02:00:00+05:30
ERP-R-000318,2026-01-27,South,Home,27449.66,31292.61,2026-01-28T02:00:00+05:30
ERP-R-000319,2026-01-27,East,Apparel,27362.0,31192.69,2026-01-28T02:00:00+05:30
ERP-R-000320,2026-01-27,East,Electronics,50604.56,57689.19,2026-01-28T02:00:00+05:30
ERP-R-000321,2026-01-27,East,Home,18866.27,21507.54,2026-01-28T02:00:00+05:30
ERP-R-000322,2026-01-27,West,Apparel,35799.44,40811.36,2026-01-28T02:00:00+05:30
ERP-R-000323,2026-01-27,West,Electronics,75036.95,85542.12,2026-01-28T02:00:00+05:30
ERP-R-000324,2026-01-27,West,Home,24095.63,27469.02,2026-01-28T02:00:00+05:30
ERP-R-000325,2026-01-28,North,Apparel,37591.19,42853.96,2026-01-29T02:00:00+05:30
ERP-R-000326,2026-01-28,North,Electronics,75904.83,86531.51,2026-01-29T02:00:00+05:30
ERP-R-000327,2026-01-28,North,Home,25431.31,28991.69,2026-01-29T02:00:00+05:30
ERP-R-000328,2026-01-28,South,Apparel,32386.74,36920.88,2026-01-29T02:00:00+05:30
ERP-R-000329,2026-01-28,South,Electronics,64930.79,74021.1,2026-01-29T02:00:00+05:30
ERP-R-000330,2026-01-28,South,Home,23235.66,26488.66,2026-01-29T02:00:00+05:30
ERP-R-000331,2026-01-28,East,Apparel,22940.18,26151.81,2026-01-29T02:00:00+05:30
ERP-R-000332,2026-01-28,East,Electronics,43770.47,49898.33,2026-01-29T02:00:00+05:30
ERP-R-000333,2026-01-28,East,Home,16726.7,19068.44,2026-01-29T02:00:00+05:30
ERP-R-000334,2026-01-28,West,Apparel,29047.42,33114.06,2026-01-29T02:00:00+05:30
ERP-R-000335,2026-01-28,West,Electronics,57586.15,65648.21,2026-01-29T02:00:00+05:30
ERP-R-000336,2026-01-28,West,Home,20144.59,22964.83,2026-01-29T02:00:00+05:30
ERP-R-000337,2026-01-29,North,Apparel,41887.73,47752.01,2026-01-30T02:00:00+05:30
ERP-R-000338,2026-01-29,North,Electronics,80956.87,92290.83,2026-01-30T02:00:00+05:30
ERP-R-000339,2026-01-29,North,Home,26683.46,30419.14,2026-01-30T02:00:00+05:30
ERP-R-000340,2026-01-29,South,Apparel,30664.76,34957.82,2026-01-30T02:00:00+05:30
ERP-R-000341,2026-01-29,South,Electronics,64385.31,73399.25,2026-01-30T02:00:00+05:30
ERP-R-000342,2026-01-29,South,Home,25476.97,29043.75,2026-01-30T02:00:00+05:30
ERP-R-000343,2026-01-29,East,Apparel,23221.89,26472.96,2026-01-30T02:00:00+05:30
ERP-R-000344,2026-01-29,East,Electronics,43819.2,49953.89,2026-01-30T02:00:00+05:30
ERP-R-000345,2026-01-29,East,Home,16055.57,18303.35,2026-01-30T02:00:00+05:30
ERP-R-000346,2026-01-29,West,Apparel,28823.75,32859.07,2026-01-30T02:00:00+05:30
ERP-R-000347,2026-01-29,West,Electronics,61889.17,70553.66,2026-01-30T02:00:00+05:30
ERP-R-000348,2026-01-29,West,Home,22711.59,25891.21,2026-01-30T02:00:00+05:30
ERP-R-000349,2026-01-30,North,Apparel,39945.85,45538.27,2026-01-31T02:00:00+05:30
ERP-R-000350,2026-01-30,North,Electronics,79911.52,91099.13,2026-01-31T02:00:00+05:30
ERP-R-000351,2026-01-30,North,Home,25525.6,29099.19,2026-01-31T02:00:00+05:30
ERP-R-000352,2026-01-30,South,Apparel,34857.35,39737.38,2026-01-31T02:00:00+05:30
ERP-R-000353,2026-01-30,South,Electronics,64853.38,73932.85,2026-01-31T02:00:00+05:30
ERP-R-000354,2026-01-30,South,Home,24620.88,28067.8,2026-01-31T02:00:00+05:30
ERP-R-000355,2026-01-30,East,Apparel,22050.42,25137.48,2026-01-31T02:00:00+05:30
ERP-R-000356,2026-01-30,East,Electronics,45888.86,52313.3,2026-01-31T02:00:00+05:30
ERP-R-000357,2026-01-30,East,Home,15297.91,17439.62,2026-01-31T02:00:00+05:30
ERP-R-000358,2026-01-30,West,Apparel,31697.37,36135.0,2026-01-31T02:00:00+05:30
ERP-R-000359,2026-01-30,West,Electronics,61849.1,70507.97,2026-01-31T02:00:00+05:30
ERP-R-000360,2026-01-30,West,Home,20568.6,23448.21,2026-01-31T02:00:00+05:30
ERP-R-000361,2026-01-31,North,Apparel,48764.89,55591.98,2026-02-01T02:00:00+05:30
ERP-R-000362,2026-01-31,North,Electronics,92433.77,105374.5,2026-02-01T02:00:00+05:30
ERP-R-000363,2026-01-31,North,Home,30534.2,34808.98,2026-02-01T02:00:00+05:30
ERP-R-000364,2026-01-31,South,Apparel,40170.69,45794.58,2026-02-01T02:00:00+05:30
ERP-R-000365,2026-01-31,South,Electronics,79701.23,90859.4,2026-02-01T02:00:00+05:30
ERP-R-000366,2026-01-31,South,Home,26562.75,30281.53,2026-02-01T02:00:00+05:30
ERP-R-000367,2026-01-31,East,Apparel,26868.21,30629.76,2026-02-01T02:00:00+05:30
ERP-R-000368,2026-01-31,East,Electronics,53605.84,61110.66,2026-02-01T02:00:00+05:30
ERP-R-000369,2026-01-31,East,Home,18985.86,21643.88,2026-02-01T02:00:00+05:30
ERP-R-000370,2026-01-31,West,Apparel,36056.31,41104.2,2026-02-01T02:00:00+05:30
ERP-R-000371,2026-01-31,West,Electronics,71871.06,81933.01,2026-02-01T02:00:00+05:30
ERP-R-000372,2026-01-31,West,Home,24255.63,27651.41,2026-02-01T02:00:00+05:30
ERP-R-000373,2026-02-01,North,Apparel,45709.87,52109.26,2026-02-02T02:00:00+05:30
ERP-R-000374,2026-02-01,North,Electronics,92887.44,105891.68,2026-02-02T02:00:00+05:30
ERP-R-000375,2026-02-01,North,Home,32259.66,36776.01,2026-02-02T02:00:00+05:30
ERP-R-000376,2026-02-01,South,Apparel,40681.16,46376.52,2026-02-02T02:00:00+05:30
ERP-R-000377,2026-02-01,South,Electronics,79566.49,90705.8,2026-02-02T02:00:00+05:30
ERP-R-000378,2026-02-01,South,Home,27883.69,31787.41,2026-02-02T02:00:00+05:30
ERP-R-000379,2026-02-01,East,Apparel,29271.95,33370.02,2026-02-02T02:00:00+05:30
ERP-R-000380,2026-02-01,East,Electronics,50582.88,57664.49,2026-02-02T02:00:00+05:30
ERP-R-000381,2026-02-01,East,Home,19249.46,21944.39,2026-02-02T02:00:00+05:30
ERP-R-000382,2026-02-01,West,Apparel,33875.34,38617.89,2026-02-02T02:00:00+05:30
ERP-R-000383,2026-02-01,West,Electronics,73257.91,83514.02,2026-02-02T02:00:00+05:30
ERP-R-000384,2026-02-01,West,Home,25310.79,28854.3,2026-02-02T02:00:00+05:30
ERP-R-000385,2026-02-02,North,Apparel,43895.82,50041.24,2026-02-03T02:00:00+05:30
ERP-R-000386,2026-02-02,North,Electronics,81812.39,93266.12,2026-02-03T02:00:00+05:30
ERP-R-000387,2026-02-02,North,Home,27060.21,30848.64,2026-02-03T02:00:00+05:30
ERP-R-000388,2026-02-02,South,Apparel,35409.05,40366.31,2026-02-03T02:00:00+05:30
ERP-R-000389,2026-02-02,South,Electronics,65332.1,74478.6,2026-02-03T02:00:00+05:30
ERP-R-000390,2026-02-02,South,Home,24523.63,27956.94,2026-02-03T02:00:00+05:30
ERP-R-000391,2026-02-02,East,Apparel,23686.19,27002.26,2026-02-03T02:00:00+05:30
ERP-R-000392,2026-02-02,East,Electronics,45745.73,52150.13,2026-02-03T02:00:00+05:30
ERP-R-000393,2026-02-02,East,Home,17124.88,19522.36,2026-02-03T02:00:00+05:30
ERP-R-000394,2026-02-02,West,Apparel,31206.94,35575.92,2026-02-03T02:00:00+05:30
ERP-R-000395,2026-02-02,West,Electronics,62920.14,71728.96,2026-02-03T02:00:00+05:30
ERP-R-000396,2026-02-02,West,Home,20451.73,23314.98,2026-02-03T02:00:00+05:30
ERP-R-000397,2026-02-03,North,Apparel,38692.97,44109.98,2026-02-04T02:00:00+05:30
ERP-R-000398,2026-02-03,North,Electronics,84732.66,96595.23,2026-02-04T02:00:00+05:30
ERP-R-000399,2026-02-03,North,Home,26628.32,30356.28,2026-02-04T02:00:00+05:30
ERP-R-000400,2026-02-03,South,Apparel,33377.41,38050.25,2026-02-04T02:00:00+05:30
ERP-R-000401,2026-02-03,South,Electronics,62348.13,71076.86,2026-02-04T02:00:00+05:30
ERP-R-000402,2026-02-03,South,Home,22151.36,25252.55,2026-02-04T02:00:00+05:30
ERP-R-000403,2026-02-03,East,Apparel,23003.1,26223.53,2026-02-04T02:00:00+05:30
ERP-R-000404,2026-02-03,East,Electronics,45835.27,52252.21,2026-02-04T02:00:00+05:30
ERP-R-000405,2026-02-03,East,Home,16715.93,19056.16,2026-02-04T02:00:00+05:30
ERP-R-000406,2026-02-03,West,Apparel,31040.57,35386.25,2026-02-04T02:00:00+05:30
ERP-R-000407,2026-02-03,West,Electronics,63956.7,72910.64,2026-02-04T02:00:00+05:30
ERP-R-000408,2026-02-03,West,Home,21427.45,24427.29,2026-02-04T02:00:00+05:30
ERP-R-000409,2026-02-04,North,Apparel,38271.0,43628.94,2026-02-05T02:00:00+05:30
ERP-R-000410,2026-02-04,North,Electronics,84590.44,96433.1,2026-02-05T02:00:00+05:30
ERP-R-000411,2026-02-04,North,Home,27106.6,30901.52,2026-02-05T02:00:00+05:30
ERP-R-000412,2026-02-04,South,Apparel,33038.57,37663.96,2026-02-05T02:00:00+05:30
ERP-R-000413,2026-02-04,South,Electronics,64897.97,73983.68,2026-02-05T02:00:00+05:30
ERP-R-000414,2026-02-04,South,Home,24466.16,27891.42,2026-02-05T02:00:00+05:30
ERP-R-000415,2026-02-04,East,Apparel,22153.93,25255.48,2026-02-05T02:00:00+05:30
ERP-R-000416,2026-02-04,East,Electronics,42845.96,48844.4,2026-02-05T02:00:00+05:30
ERP-R-000417,2026-02-04,East,Home,15853.74,18073.27,2026-02-05T02:00:00+05:30
ERP-R-000418,2026-02-04,West,Apparel,29567.32,33706.75,2026-02-05T02:00:00+05:30
ERP-R-000419,2026-02-04,West,Electronics,58895.21,67140.54,2026-02-05T02:00:00+05:30
ERP-R-000420,2026-02-04,West,Home,21329.33,24315.43,2026-02-05T02:00:00+05:30
ERP-R-000421,2026-02-05,North,Apparel,42132.34,48030.87,2026-02-06T02:00:00+05:30
ERP-R-000422,2026-02-05,North,Electronics,77933.71,88844.43,2026-02-06T02:00:00+05:30
ERP-R-000423,2026-02-05,North,Home,27895.05,31800.36,2026-02-06T02:00:00+05:30
ERP-R-000424,2026-02-05,South,Apparel,32586.43,37148.53,2026-02-06T02:00:00+05:30
ERP-R-000425,2026-02-05,South,Electronics,62659.95,71432.34,2026-02-06T02:00:00+05:30
ERP-R-000426,2026-02-05,South,Home,24527.06,27960.85,2026-02-06T02:00:00+05:30
ERP-R-000427,2026-02-05,East,Apparel,23233.95,26486.7,2026-02-06T02:00:00+05:30
ERP-R-000428,2026-02-05,East,Electronics,48538.8,55334.24,2026-02-06T02:00:00+05:30
ERP-R-000429,2026-02-05,East,Home,15415.05,17573.16,2026-02-06T02:00:00+05:30
ERP-R-000430,2026-02-05,West,Apparel,31294.76,35676.03,2026-02-06T02:00:00+05:30
ERP-R-000431,2026-02-05,West,Electronics,60573.9,69054.25,2026-02-06T02:00:00+05:30
ERP-R-000432,2026-02-05,West,Home,19731.01,22493.36,2026-02-06T02:00:00+05:30
ERP-R-000433,2026-02-06,North,Apparel,41815.85,47670.06,2026-02-07T02:00:00+05:30
ERP-R-000434,2026-02-06,North,Electronics,77492.37,88341.3,2026-02-07T02:00:00+05:30
ERP-R-000435,2026-02-06,North,Home,25739.73,29343.29,2026-02-07T02:00:00+05:30
ERP-R-000436,2026-02-06,South,Apparel,31683.53,36119.22,2026-02-07T02:00:00+05:30
ERP-R-000437,2026-02-06,South,Electronics,68032.39,77556.92,2026-02-07T02:00:00+05:30
ERP-R-000438,2026-02-06,South,Home,23219.33,26470.03,2026-02-07T02:00:00+05:30
ERP-R-000439,2026-02-06,East,Apparel,23294.86,26556.14,2026-02-07T02:00:00+05:30
ERP-R-000440,2026-02-06,East,Electronics,43265.45,49322.61,2026-02-07T02:00:00+05:30
ERP-R-000441,2026-02-06,East,Home,15706.57,17905.49,2026-02-07T02:00:00+05:30
ERP-R-000442,2026-02-06,West,Apparel,31065.25,35414.38,2026-02-07T02:00:00+05:30
ERP-R-000443,2026-02-06,West,Electronics,59184.47,67470.29,2026-02-07T02:00:00+05:30
ERP-R-000444,2026-02-06,West,Home,20274.95,23113.44,2026-02-07T02:00:00+05:30
ERP-R-000445,2026-02-07,North,Apparel,48308.34,55071.5,2026-02-08T02:00:00+05:30
ERP-R-000446,2026-02-07,North,Electronics,94987.9,108286.2,2026-02-08T02:00:00+05:30
ERP-R-000447,2026-02-07,North,Home,32320.94,36845.88,2026-02-08T02:00:00+05:30
ERP-R-000448,2026-02-07,South,Apparel,38939.1,44390.57,2026-02-08T02:00:00+05:30
ERP-R-000449,2026-02-07,South,Electronics,70601.72,80485.96,2026-02-08T02:00:00+05:30
ERP-R-000450,2026-02-07,South,Home,29941.31,34133.09,2026-02-08T02:00:00+05:30
ERP-R-000451,2026-02-07,East,Apparel,27685.2,31561.13,2026-02-08T02:00:00+05:30
ERP-R-000452,2026-02-07,East,Electronics,51048.76,58195.58,2026-02-08T02:00:00+05:30
ERP-R-000453,2026-02-07,East,Home,19438.18,22159.53,2026-02-08T02:00:00+05:30
ERP-R-000454,2026-02-07,West,Apparel,37197.38,42405.01,2026-02-08T02:00:00+05:30
ERP-R-000455,2026-02-07,West,Electronics,75350.43,85899.48,2026-02-08T02:00:00+05:30
ERP-R-000456,2026-02-07,West,Home,24978.13,28475.07,2026-02-08T02:00:00+05:30
ERP-R-000457,2026-02-08,North,Apparel,46907.12,53474.12,2026-02-09T02:00:00+05:30
ERP-R-000458,2026-02-08,North,Electronics,95929.34,109359.45,2026-02-09T02:00:00+05:30
ERP-R-000459,2026-02-08,North,Home,29877.8,34060.69,2026-02-09T02:00:00+05:30
ERP-R-000460,2026-02-08,South,Apparel,38230.4,43582.66,2026-02-09T02:00:00+05:30
ERP-R-000461,2026-02-08,South,Electronics,79137.81,90217.11,2026-02-09T02:00:00+05:30
ERP-R-000462,2026-02-08,South,Home,28390.12,32364.74,2026-02-09T02:00:00+05:30
ERP-R-000463,2026-02-08,East,Apparel,27167.69,30971.17,2026-02-09T02:00:00+05:30
ERP-R-000464,2026-02-08,East,Electronics,49451.45,56374.65,2026-02-09T02:00:00+05:30
ERP-R-000465,2026-02-08,East,Home,19925.52,22715.09,2026-02-09T02:00:00+05:30
ERP-R-000466,2026-02-08,West,Apparel,36264.74,41341.81,2026-02-09T02:00:00+05:30
ERP-R-000467,2026-02-08,West,Electronics,72326.42,82452.12,2026-02-09T02:00:00+05:30
ERP-R-000468,2026-02-08,West,Home,25014.25,28516.25,2026-02-09T02:00:00+05:30
ERP-R-000469,2026-02-09,North,Apparel,39245.23,44739.56,2026-02-10T02:00:00+05:30
ERP-R-000470,2026-02-09,North,Electronics,79277.23,90376.04,2026-02-10T02:00:00+05:30
ERP-R-000471,2026-02-09,North,Home,23889.11,27233.59,2026-02-10T02:00:00+05:30
ERP-R-000472,2026-02-09,South,Apparel,35093.58,40006.68,2026-02-10T02:00:00+05:30
ERP-R-000473,2026-02-09,South,Electronics,61190.79,69757.5,2026-02-10T02:00:00+05:30
ERP-R-000474,2026-02-09,South,Home,22362.69,25493.47,2026-02-10T02:00:00+05:30
ERP-R-000475,2026-02-09,East,Apparel,24066.08,27435.33,2026-02-10T02:00:00+05:30
ERP-R-000476,2026-02-09,East,Electronics,45273.65,51611.96,2026-02-10T02:00:00+05:30
ERP-R-000477,2026-02-09,East,Home,17994.54,20513.78,2026-02-10T02:00:00+05:30
ERP-R-000478,2026-02-09,West,Apparel,33104.99,37739.69,2026-02-10T02:00:00+05:30
ERP-R-000479,2026-02-09,West,Electronics,63474.68,72361.14,2026-02-10T02:00:00+05:30
ERP-R-000480,2026-02-09,West,Home,21449.36,24452.27,2026-02-10T02:00:00+05:30
ERP-R-000481,2026-02-10,North,Apparel,39948.73,45541.55,2026-02-11T02:00:00+05:30
ERP-R-000482,2026-02-10,North,Electronics,80046.07,91252.52,2026-02-11T02:00:00+05:30
ERP-R-000483,2026-02-10,North,Home,28066.46,31995.76,2026-02-11T02:00:00+05:30
ERP-R-000484,2026-02-10,South,Apparel,36424.57,41524.02,2026-02-11T02:00:00+05:30
ERP-R-000485,2026-02-10,South,Electronics,66326.95,75612.73,2026-02-11T02:00:00+05:30
ERP-R-000486,2026-02-10,South,Home,22714.96,25895.06,2026-02-11T02:00:00+05:30
ERP-R-000487,2026-02-10,East,Apparel,23974.23,27330.62,2026-02-11T02:00:00+05:30
ERP-R-000488,2026-02-10,East,Electronics,45485.14,51853.06,2026-02-11T02:00:00+05:30
ERP-R-000489,2026-02-10,East,Home,16026.13,18269.79,2026-02-11T02:00:00+05:30
ERP-R-000490,2026-02-10,West,Apparel,32608.24,37173.4,2026-02-11T02:00:00+05:30
ERP-R-000491,2026-02-10,West,Electronics,59888.04,68272.36,2026-02-11T02:00:00+05:30
ERP-R-000492,2026-02-10,West,Home,21498.39,24508.17,2026-02-11T02:00:00+05:30
ERP-R-000493,2026-02-11,North,Apparel,40958.06,46692.19,2026-02-12T02:00:00+05:30
ERP-R-000494,2026-02-11,North,Electronics,73785.68,84115.67,2026-02-12T02:00:00+05:30
ERP-R-000495,2026-02-11,North,Home,24786.46,28256.56,2026-02-12T02:00:00+05:30
ERP-R-000496,2026-02-11,South,Apparel,31562.19,35980.89,2026-02-12T02:00:00+05:30
ERP-R-000497,2026-02-11,South,Electronics,67693.15,77170.19,2026-02-12T02:00:00+05:30
ERP-R-000498,2026-02-11,South,Home,23665.52,26978.7,2026-02-12T02:00:00+05:30
ERP-R-000499,2026-02-11,East,Apparel,22749.89,25934.88,2026-02-12T02:00:00+05:30
ERP-R-000500,2026-02-11,East,Electronics,45934.63,52365.48,2026-02-12T02:00:00+05:30
ERP-R-000501,2026-02-11,East,Home,17593.25,20056.31,2026-02-12T02:00:00+05:30
ERP-R-000502,2026-02-11,West,Apparel,30598.29,34882.05,2026-02-12T02:00:00+05:30
ERP-R-000503,2026-02-11,West,Electronics,60218.03,68648.56,2026-02-12T02:00:00+05:30
ERP-R-000504,2026-02-11,West,Home,20736.46,23639.57,2026-02-12T02:00:00+05:30
ERP-R-000505,2026-02-12,North,Apparel,39461.94,44986.61,2026-02-13T02:00:00+05:30
ERP-R-000506,2026-02-12,North,Electronics,73984.26,84342.05,2026-02-13T02:00:00+05:30
ERP-R-000507,2026-02-12,North,Home,27328.9,31154.95,2026-02-13T02:00:00+05:30
ERP-R-000508,2026-02-12,South,Apparel,32443.11,36985.15,2026-02-13T02:00:00+05:30
ERP-R-000509,2026-02-12,South,Electronics,67590.13,77052.74,2026-02-13T02:00:00+05:30
ERP-R-000510,2026-02-12,South,Home,25705.31,29304.05,2026-02-13T02:00:00+05:30
ERP-R-000511,2026-02-12,East,Apparel,22995.97,26215.41,2026-02-13T02:00:00+05:30
ERP-R-000512,2026-02-12,East,Electronics,44743.84,51007.98,2026-02-13T02:00:00+05:30
ERP-R-000513,2026-02-12,East,Home,16289.47,18569.99,2026-02-13T02:00:00+05:30
ERP-R-000514,2026-02-12,West,Apparel,30223.86,34455.2,2026-02-13T02:00:00+05:30
ERP-R-000515,2026-02-12,West,Electronics,67565.1,77024.22,2026-02-13T02:00:00+05:30
ERP-R-000516,2026-02-12,West,Home,22123.83,25221.16,2026-02-13T02:00:00+05:30
ERP-R-000517,2026-02-13,North,Apparel,41148.04,46908.77,2026-02-14T02:00:00+05:30
ERP-R-000518,2026-02-13,North,Electronics,87283.74,99503.46,2026-02-14T02:00:00+05:30
ERP-R-000519,2026-02-13,North,Home,26794.7,30545.96,2026-02-14T02:00:00+05:30
ERP-R-000520,2026-02-13,South,Apparel,34658.36,39510.53,2026-02-14T02:00:00+05:30
ERP-R-000521,2026-02-13,South,Electronics,64916.98,74005.36,2026-02-14T02:00:00+05:30
ERP-R-000522,2026-02-13,South,Home,23784.17,27113.95,2026-02-14T02:00:00+05:30
ERP-R-000523,2026-02-13,East,Apparel,24097.13,27470.73,2026-02-14T02:00:00+05:30
ERP-R-000524,2026-02-13,East,Electronics,45611.9,51997.57,2026-02-14T02:00:00+05:30
ERP-R-000525,2026-02-13,East,Home,16050.05,18297.06,2026-02-14T02:00:00+05:30
ERP-R-000526,2026-02-13,West,Apparel,31215.63,35585.82,2026-02-14T02:00:00+05:30
ERP-R-000527,2026-02-13,West,Electronics,58793.99,67025.14,2026-02-14T02:00:00+05:30
ERP-R-000528,2026-02-13,West,Home,22304.69,25427.35,2026-02-14T02:00:00+05:30
ERP-R-000529,2026-02-14,North,Apparel,48380.35,55153.59,2026-02-15T02:00:00+05:30
ERP-R-000530,2026-02-14,North,Electronics,90980.34,103717.59,2026-02-15T02:00:00+05:30
ERP-R-000531,2026-02-14,North,Home,32280.64,36799.93,2026-02-15T02:00:00+05:30
ERP-R-000532,2026-02-14,South,Apparel,41528.71,47342.73,2026-02-15T02:00:00+05:30
ERP-R-000533,2026-02-14,South,Electronics,78055.58,88983.36,2026-02-15T02:00:00+05:30
ERP-R-000534,2026-02-14,South,Home,29475.47,33602.03,2026-02-15T02:00:00+05:30
ERP-R-000535,2026-02-14,East,Apparel,29075.71,33146.3,2026-02-15T02:00:00+05:30
ERP-R-000536,2026-02-14,East,Electronics,54291.03,61891.78,2026-02-15T02:00:00+05:30
ERP-R-000537,2026-02-14,East,Home,19409.51,22126.84,2026-02-15T02:00:00+05:30
ERP-R-000538,2026-02-14,West,Apparel,38098.02,43431.74,2026-02-15T02:00:00+05:30
ERP-R-000539,2026-02-14,West,Electronics,78381.96,89355.43,2026-02-15T02:00:00+05:30
ERP-R-000540,2026-02-14,West,Home,25834.72,29451.59,2026-02-15T02:00:00+05:30
ERP-R-000541,2026-02-15,North,Apparel,49018.14,55880.68,2026-02-16T02:00:00+05:30
ERP-R-000542,2026-02-15,North,Electronics,89671.75,102225.8,2026-02-16T02:00:00+05:30
ERP-R-000543,2026-02-15,North,Home,32197.09,36704.69,2026-02-16T02:00:00+05:30
ERP-R-000544,2026-02-15,South,Apparel,41025.53,46769.11,2026-02-16T02:00:00+05:30
ERP-R-000545,2026-02-15,South,Electronics,77269.57,88087.31,2026-02-16T02:00:00+05:30
ERP-R-000546,2026-02-15,South,Home,30002.53,34202.89,2026-02-16T02:00:00+05:30
ERP-R-000547,2026-02-15,East,Apparel,27213.62,31023.53,2026-02-16T02:00:00+05:30
ERP-R-000548,2026-02-15,East,Electronics,51796.57,59048.09,2026-02-16T02:00:00+05:30
ERP-R-000549,2026-02-15,East,Home,20373.07,23225.3,2026-02-16T02:00:00+05:30
ERP-R-000550,2026-02-15,West,Apparel,36605.61,41730.4,2026-02-16T02:00:00+05:30
ERP-R-000551,2026-02-15,West,Electronics,73049.32,83276.22,2026-02-16T02:00:00+05:30
ERP-R-000552,2026-02-15,West,Home,25296.82,28838.38,2026-02-16T02:00:00+05:30
ERP-R-000553,2026-02-16,North,Apparel,36013.24,41055.09,2026-02-17T02:00:00+05:30
ERP-R-000554,2026-02-16,North,Electronics,83334.11,95000.89,2026-02-17T02:00:00+05:30
ERP-R-000555,2026-02-16,North,Home,26108.55,29763.75,2026-02-17T02:00:00+05:30
ERP-R-000556,2026-02-16,South,Apparel,33537.29,38232.51,2026-02-17T02:00:00+05:30
ERP-R-000557,2026-02-16,South,Electronics,68749.44,78374.36,2026-02-17T02:00:00+05:30
ERP-R-000558,2026-02-16,South,Home,24353.07,27762.5,2026-02-17T02:00:00+05:30
ERP-R-000559,2026-02-16,East,Apparel,22699.67,25877.62,2026-02-17T02:00:00+05:30
ERP-R-000560,2026-02-16,East,Electronics,43992.44,50151.38,2026-02-17T02:00:00+05:30
ERP-R-000561,2026-02-16,East,Home,17144.43,19544.65,2026-02-17T02:00:00+05:30
ERP-R-000562,2026-02-16,West,Apparel,31425.38,35824.93,2026-02-17T02:00:00+05:30
ERP-R-000563,2026-02-16,West,Electronics,63362.43,72233.17,2026-02-17T02:00:00+05:30
ERP-R-000564,2026-02-16,West,Home,20534.85,23409.72,2026-02-17T02:00:00+05:30
ERP-R-000565,2026-02-17,North,Apparel,39172.31,44656.44,2026-02-18T02:00:00+05:30
ERP-R-000566,2026-02-17,North,Electronics,80172.82,91397.01,2026-02-18T02:00:00+05:30
ERP-R-000567,2026-02-17,North,Home,25880.34,29503.59,2026-02-18T02:00:00+05:30
ERP-R-000568,2026-02-17,South,Apparel,34420.56,39239.44,2026-02-18T02:00:00+05:30
ERP-R-000569,2026-02-17,South,Electronics,64207.66,73196.73,2026-02-18T02:00:00+05:30
ERP-R-000570,2026-02-17,South,Home,23371.58,26643.6,2026-02-18T02:00:00+05:30
ERP-R-000571,2026-02-17,East,Apparel,22730.83,25913.15,2026-02-18T02:00:00+05:30
ERP-R-000572,2026-02-17,East,Electronics,44192.62,50379.59,2026-02-18T02:00:00+05:30
ERP-R-000573,2026-02-17,East,Home,17504.14,19954.72,2026-02-18T02:00:00+05:30
ERP-R-000574,2026-02-17,West,Apparel,31224.05,35595.41,2026-02-18T02:00:00+05:30
ERP-R-000575,2026-02-17,West,Electronics,62364.78,71095.85,2026-02-18T02:00:00+05:30
ERP-R-000576,2026-02-17,West,Home,21049.39,23996.31,2026-02-18T02:00:00+05:30
ERP-R-000577,2026-02-18,North,Apparel,41080.29,46831.53,2026-02-19T02:00:00+05:30
ERP-R-000578,2026-02-18,North,Electronics,78620.42,89627.28,2026-02-19T02:00:00+05:30
ERP-R-000579,2026-02-18,North,Home,29735.17,33898.1,2026-02-19T02:00:00+05:30
ERP-R-000580,2026-02-18,South,Apparel,35867.17,40888.57,2026-02-19T02:00:00+05:30
ERP-R-000581,2026-02-18,South,Electronics,68600.82,78204.94,2026-02-19T02:00:00+05:30
ERP-R-000582,2026-02-18,South,Home,24874.94,28357.43,2026-02-19T02:00:00+05:30
ERP-R-000583,2026-02-18,East,Apparel,23999.29,27359.19,2026-02-19T02:00:00+05:30
ERP-R-000584,2026-02-18,East,Electronics,44211.29,50400.87,2026-02-19T02:00:00+05:30
ERP-R-000585,2026-02-18,East,Home,15699.41,17897.33,2026-02-19T02:00:00+05:30
ERP-R-000586,2026-02-18,West,Apparel,30583.74,34865.46,2026-02-19T02:00:00+05:30
ERP-R-000587,2026-02-18,West,Electronics,63681.36,72596.75,2026-02-19T02:00:00+05:30
ERP-R-000588,2026-02-18,West,Home,21342.36,24330.29,2026-02-19T02:00:00+05:30
ERP-R-000589,2026-02-19,North,Apparel,40516.96,46189.33,2026-02-20T02:00:00+05:30
ERP-R-000590,2026-02-19,North,Electronics,80892.1,92217.0,2026-02-20T02:00:00+05:30
ERP-R-000591,2026-02-19,North,Home,27101.13,30895.29,2026-02-20T02:00:00+05:30
ERP-R-000592,2026-02-19,South,Apparel,33844.15,38582.33,2026-02-20T02:00:00+05:30
ERP-R-000593,2026-02-19,South,Electronics,69469.46,79195.18,2026-02-20T02:00:00+05:30
ERP-R-000594,2026-02-19,South,Home,23923.55,27272.84,2026-02-20T02:00:00+05:30
ERP-R-000595,2026-02-19,East,Apparel,25628.41,29216.39,2026-02-20T02:00:00+05:30
ERP-R-000596,2026-02-19,East,Electronics,45164.22,51487.21,2026-02-20T02:00:00+05:30
ERP-R-000597,2026-02-19,East,Home,16915.95,19284.19,2026-02-20T02:00:00+05:30
ERP-R-000598,2026-02-19,West,Apparel,31094.19,35447.37,2026-02-20T02:00:00+05:30
ERP-R-000599,2026-02-19,West,Electronics,64890.67,73975.36,2026-02-20T02:00:00+05:30
ERP-R-000600,2026-02-19,West,Home,19341.28,22049.06,2026-02-20T02:00:00+05:30
ERP-R-000601,2026-02-20,North,Apparel,37535.2,42790.13,2026-02-21T02:00:00+05:30
ERP-R-000602,2026-02-20,North,Electronics,81968.83,93444.46,2026-02-21T02:00:00+05:30
ERP-R-000603,2026-02-20,North,Home,27279.09,31098.17,2026-02-21T02:00:00+05:30
ERP-R-000604,2026-02-20,South,Apparel,34380.78,39194.09,2026-02-21T02:00:00+05:30
ERP-R-000605,2026-02-20,South,Electronics,66285.81,75565.82,2026-02-21T02:00:00+05:30
ERP-R-000606,2026-02-20,South,Home,24315.14,27719.26,2026-02-21T02:00:00+05:30
ERP-R-000607,2026-02-20,East,Apparel,23293.89,26555.04,2026-02-21T02:00:00+05:30
ERP-R-000608,2026-02-20,East,Electronics,46569.88,53089.66,2026-02-21T02:00:00+05:30
ERP-R-000609,2026-02-20,East,Home,15578.3,17759.27,2026-02-21T02:00:00+05:30
ERP-R-000610,2026-02-20,West,Apparel,31516.48,35928.79,2026-02-21T02:00:00+05:30
ERP-R-000611,2026-02-20,West,Electronics,60745.82,69250.23,2026-02-21T02:00:00+05:30
ERP-R-000612,2026-02-20,West,Home,21018.01,23960.53,2026-02-21T02:00:00+05:30
ERP-R-000613,2026-02-21,North,Apparel,48794.43,55625.65,2026-02-22T02:00:00+05:30
ERP-R-000614,2026-02-21,North,Electronics,97058.29,110646.45,2026-02-22T02:00:00+05:30
ERP-R-000615,2026-02-21,North,Home,30453.6,34717.11,2026-02-22T02:00:00+05:30
ERP-R-000616,2026-02-21,South,Apparel,39696.83,45254.39,2026-02-22T02:00:00+05:30
ERP-R-000617,2026-02-21,South,Electronics,80817.01,92131.39,2026-02-22T02:00:00+05:30
ERP-R-000618,2026-02-21,South,Home,28916.97,32965.34,2026-02-22T02:00:00+05:30
ERP-R-000619,2026-02-21,East,Apparel,29131.05,33209.4,2026-02-22T02:00:00+05:30
ERP-R-000620,2026-02-21,East,Electronics,55991.52,63830.33,2026-02-22T02:00:00+05:30
ERP-R-000621,2026-02-21,East,Home,19262.18,21958.89,2026-02-22T02:00:00+05:30
ERP-R-000622,2026-02-21,West,Apparel,36824.46,41979.88,2026-02-22T02:00:00+05:30
ERP-R-000623,2026-02-21,West,Electronics,75102.15,85616.45,2026-02-22T02:00:00+05:30
ERP-R-000624,2026-02-21,West,Home,25202.8,28731.19,2026-02-22T02:00:00+05:30
ERP-R-000625,2026-02-22,North,Apparel,48695.33,55512.68,2026-02-23T02:00:00+05:30
ERP-R-000626,2026-02-22,North,Electronics,90585.82,103267.84,2026-02-23T02:00:00+05:30
ERP-R-000627,2026-02-22,North,Home,33050.07,37677.08,2026-02-23T02:00:00+05:30
ERP-R-000628,2026-02-22,South,Apparel,41925.79,47795.4,2026-02-23T02:00:00+05:30
ERP-R-000629,2026-02-22,South,Electronics,79347.26,90455.88,2026-02-23T02:00:00+05:30
ERP-R-000630,2026-02-22,South,Home,31961.57,36436.19,2026-02-23T02:00:00+05:30
ERP-R-000631,2026-02-22,East,Apparel,30382.53,34636.09,2026-02-23T02:00:00+05:30
ERP-R-000632,2026-02-22,East,Electronics,57848.11,65946.85,2026-02-23T02:00:00+05:30
ERP-R-000633,2026-02-22,East,Home,19144.67,21824.93,2026-02-23T02:00:00+05:30
ERP-R-000634,2026-02-22,West,Apparel,36021.55,41064.57,2026-02-23T02:00:00+05:30
ERP-R-000635,2026-02-22,West,Electronics,74864.12,85345.1,2026-02-23T02:00:00+05:30
ERP-R-000636,2026-02-22,West,Home,26696.87,30434.43,2026-02-23T02:00:00+05:30
ERP-R-000637,2026-02-23,North,Apparel,41077.85,46828.74,2026-02-24T02:00:00+05:30
ERP-R-000638,2026-02-23,North,Electronics,79089.22,90161.71,2026-02-24T02:00:00+05:30
ERP-R-000639,2026-02-23,North,Home,27476.09,31322.74,2026-02-24T02:00:00+05:30
ERP-R-000640,2026-02-23,South,Apparel,35678.73,40673.75,2026-02-24T02:00:00+05:30
ERP-R-000641,2026-02-23,South,Electronics,62059.1,70747.38,2026-02-24T02:00:00+05:30
ERP-R-000642,2026-02-23,South,Home,23628.33,26936.3,2026-02-24T02:00:00+05:30
ERP-R-000643,2026-02-23,East,Apparel,25466.16,29031.42,2026-02-24T02:00:00+05:30
ERP-R-000644,2026-02-23,East,Electronics,46171.7,52635.74,2026-02-24T02:00:00+05:30
ERP-R-000645,2026-02-23,East,Home,16004.88,18245.57,2026-02-24T02:00:00+05:30
ERP-R-000646,2026-02-23,West,Apparel,32079.63,36570.77,2026-02-24T02:00:00+05:30
ERP-R-000647,2026-02-23,West,Electronics,60800.87,69312.99,2026-02-24T02:00:00+05:30
ERP-R-000648,2026-02-23,West,Home,21753.81,24799.34,2026-02-24T02:00:00+05:30
ERP-R-000649,2026-02-24,North,Apparel,42855.77,48855.58,2026-02-25T02:00:00+05:30
ERP-R-000650,2026-02-24,North,Electronics,81853.23,93312.69,2026-02-25T02:00:00+05:30
ERP-R-000651,2026-02-24,North,Home,25116.51,28632.82,2026-02-25T02:00:00+05:30
ERP-R-000652,2026-02-24,South,Apparel,34735.84,39598.86,2026-02-25T02:00:00+05:30
ERP-R-000653,2026-02-24,South,Electronics,66247.34,75521.97,2026-02-25T02:00:00+05:30
ERP-R-000654,2026-02-24,South,Home,26423.91,30123.25,2026-02-25T02:00:00+05:30
ERP-R-000655,2026-02-24,East,Apparel,24415.92,27834.15,2026-02-25T02:00:00+05:30
ERP-R-000656,2026-02-24,East,Electronics,45741.41,52145.2,2026-02-25T02:00:00+05:30
ERP-R-000657,2026-02-24,East,Home,16338.1,18625.43,2026-02-25T02:00:00+05:30
ERP-R-000658,2026-02-24,West,Apparel,30076.16,34286.82,2026-02-25T02:00:00+05:30
ERP-R-000659,2026-02-24,West,Electronics,64663.06,73715.89,2026-02-25T02:00:00+05:30
ERP-R-000660,2026-02-24,West,Home,22070.11,25159.92,2026-02-25T02:00:00+05:30
ERP-R-000661,2026-02-25,North,Apparel,42937.52,48948.77,2026-02-26T02:00:00+05:30
ERP-R-000662,2026-02-25,North,Electronics,79550.46,90687.52,2026-02-26T02:00:00+05:30
ERP-R-000663,2026-02-25,North,Home,25979.96,29617.15,2026-02-26T02:00:00+05:30
ERP-R-000664,2026-02-25,South,Apparel,34170.7,38954.6,2026-02-26T02:00:00+05:30
ERP-R-000665,2026-02-25,South,Electronics,69727.49,79489.33,2026-02-26T02:00:00+05:30
ERP-R-000666,2026-02-25,South,Home,24199.28,27587.18,2026-02-26T02:00:00+05:30
ERP-R-000667,2026-02-25,East,Apparel,24817.98,28292.49,2026-02-26T02:00:00+05:30
ERP-R-000668,2026-02-25,East,Electronics,47936.25,54647.32,2026-02-26T02:00:00+05:30
ERP-R-000669,2026-02-25,East,Home,16959.63,19333.98,2026-02-26T02:00:00+05:30
ERP-R-000670,2026-02-25,West,Apparel,29543.48,33679.57,2026-02-26T02:00:00+05:30
ERP-R-000671,2026-02-25,West,Electronics,62042.98,70729.0,2026-02-26T02:00:00+05:30
ERP-R-000672,2026-02-25,West,Home,22180.5,25285.77,2026-02-26T02:00:00+05:30
ERP-R-000673,2026-02-26,North,Apparel,41846.3,47704.79,2026-02-27T02:00:00+05:30
ERP-R-000674,2026-02-26,North,Electronics,83034.25,94659.04,2026-02-27T02:00:00+05:30
ERP-R-000675,2026-02-26,North,Home,26228.45,29900.43,2026-02-27T02:00:00+05:30
ERP-R-000676,2026-02-26,South,Apparel,34138.06,38917.39,2026-02-27T02:00:00+05:30
ERP-R-000677,2026-02-26,South,Electronics,67129.23,76527.32,2026-02-27T02:00:00+05:30
ERP-R-000678,2026-02-26,South,Home,25676.05,29270.7,2026-02-27T02:00:00+05:30
ERP-R-000679,2026-02-26,East,Apparel,24212.67,27602.44,2026-02-27T02:00:00+05:30
ERP-R-000680,2026-02-26,East,Electronics,49754.19,56719.77,2026-02-27T02:00:00+05:30
ERP-R-000681,2026-02-26,East,Home,16951.52,19324.73,2026-02-27T02:00:00+05:30
ERP-R-000682,2026-02-26,West,Apparel,32809.04,37402.31,2026-02-27T02:00:00+05:30
ERP-R-000683,2026-02-26,West,Electronics,60142.9,68562.91,2026-02-27T02:00:00+05:30
ERP-R-000684,2026-02-26,West,Home,21847.65,24906.32,2026-02-27T02:00:00+05:30
ERP-R-000685,2026-02-27,North,Apparel,42479.73,48426.89,2026-02-28T02:00:00+05:30
ERP-R-000686,2026-02-27,North,Electronics,81507.45,92918.5,2026-02-28T02:00:00+05:30
ERP-R-000687,2026-02-27,North,Home,25700.86,29298.98,2026-02-28T02:00:00+05:30
ERP-R-000688,2026-02-27,South,Apparel,34403.32,39219.79,2026-02-28T02:00:00+05:30
ERP-R-000689,2026-02-27,South,Electronics,65892.77,75117.76,2026-02-28T02:00:00+05:30
ERP-R-000690,2026-02-27,South,Home,24922.97,28412.18,2026-02-28T02:00:00+05:30
ERP-R-000691,2026-02-27,East,Apparel,23149.61,26390.56,2026-02-28T02:00:00+05:30
ERP-R-000692,2026-02-27,East,Electronics,46472.54,52978.69,2026-02-28T02:00:00+05:30
ERP-R-000693,2026-02-27,East,Home,16867.7,19229.17,2026-02-28T02:00:00+05:30
ERP-R-000694,2026-02-27,West,Apparel,30430.74,34691.05,2026-02-28T02:00:00+05:30
ERP-R-000695,2026-02-27,West,Electronics,59292.93,67593.94,2026-02-28T02:00:00+05:30
ERP-R-000696,2026-02-27,West,Home,22422.58,25561.74,2026-02-28T02:00:00+05:30
ERP-R-000697,2026-02-28,North,Apparel,46039.26,52484.76,2026-03-01T02:00:00+05:30
ERP-R-000698,2026-02-28,North,Electronics,88492.91,100881.91,2026-03-01T02:00:00+05:30
ERP-R-000699,2026-02-28,North,Home,33068.89,37698.53,2026-03-01T02:00:00+05:30
ERP-R-000700,2026-02-28,South,Apparel,37631.54,42899.96,2026-03-01T02:00:00+05:30
ERP-R-000701,2026-02-28,South,Electronics,81353.21,92742.66,2026-03-01T02:00:00+05:30
ERP-R-000702,2026-02-28,South,Home,30834.89,35151.78,2026-03-01T02:00:00+05:30
ERP-R-000703,2026-02-28,East,Apparel,27403.04,31239.47,2026-03-01T02:00:00+05:30
ERP-R-000704,2026-02-28,East,Electronics,53658.21,61170.36,2026-03-01T02:00:00+05:30
ERP-R-000705,2026-02-28,East,Home,19816.63,22590.96,2026-03-01T02:00:00+05:30
ERP-R-000706,2026-02-28,West,Apparel,36488.27,41596.62,2026-03-01T02:00:00+05:30
ERP-R-000707,2026-02-28,West,Electronics,75034.04,85538.81,2026-03-01T02:00:00+05:30
ERP-R-000708,2026-02-28,West,Home,25739.34,29342.85,2026-03-01T02:00:00+05:30
ERP-R-000709,2026-03-01,North,Apparel,48070.19,54800.02,2026-03-02T02:00:00+05:30
ERP-R-000710,2026-03-01,North,Electronics,101404.37,115600.98,2026-03-02T02:00:00+05:30
ERP-R-000711,2026-03-01,North,Home,31020.39,35363.24,2026-03-02T02:00:00+05:30
ERP-R-000712,2026-03-01,South,Apparel,40802.81,46515.2,2026-03-02T02:00:00+05:30
ERP-R-000713,2026-03-01,South,Electronics,79296.92,90398.49,2026-03-02T02:00:00+05:30
ERP-R-000714,2026-03-01,South,Home,30553.7,34831.22,2026-03-02T02:00:00+05:30
ERP-R-000715,2026-03-01,East,Apparel,29351.61,33460.83,2026-03-02T02:00:00+05:30
ERP-R-000716,2026-03-01,East,Electronics,54362.81,61973.6,2026-03-02T02:00:00+05:30
ERP-R-000717,2026-03-01,East,Home,19456.21,22180.07,2026-03-02T02:00:00+05:30
ERP-R-000718,2026-03-01,West,Apparel,35556.42,40534.32,2026-03-02T02:00:00+05:30
ERP-R-000719,2026-03-01,West,Electronics,71230.57,81202.85,2026-03-02T02:00:00+05:30
ERP-R-000720,2026-03-01,West,Home,25213.35,28743.22,2026-03-02T02:00:00+05:30
ERP-R-000721,2026-03-02,North,Apparel,40974.5,46710.93,2026-03-03T02:00:00+05:30
ERP-R-000722,2026-03-02,North,Electronics,76587.54,87309.79,2026-03-03T02:00:00+05:30
ERP-R-000723,2026-03-02,North,Home,28246.89,32201.46,2026-03-03T02:00:00+05:30
ERP-R-000724,2026-03-02,South,Apparel,34792.41,39663.35,2026-03-03T02:00:00+05:30
ERP-R-000725,2026-03-02,South,Electronics,67881.87,77385.33,2026-03-03T02:00:00+05:30
ERP-R-000726,2026-03-02,South,Home,26169.57,29833.31,2026-03-03T02:00:00+05:30
ERP-R-000727,2026-03-02,East,Apparel,24357.14,27767.14,2026-03-03T02:00:00+05:30
ERP-R-000728,2026-03-02,East,Electronics,43941.78,50093.63,2026-03-03T02:00:00+05:30
ERP-R-000729,2026-03-02,East,Home,16707.72,19046.8,2026-03-03T02:00:00+05:30
ERP-R-000730,2026-03-02,West,Apparel,30280.82,34520.14,2026-03-03T02:00:00+05:30
ERP-R-000731,2026-03-02,West,Electronics,66269.83,75547.61,2026-03-03T02:00:00+05:30
ERP-R-000732,2026-03-02,West,Home,21685.24,24721.18,2026-03-03T02:00:00+05:30
ERP-R-000733,2026-03-03,North,Apparel,40862.97,46583.79,2026-03-04T02:00:00+05:30
ERP-R-000734,2026-03-03,North,Electronics,75494.92,86064.21,2026-03-04T02:00:00+05:30
ERP-R-000735,2026-03-03,North,Home,27424.9,31264.39,2026-03-04T02:00:00+05:30
ERP-R-000736,2026-03-03,South,Apparel,33116.52,37752.83,2026-03-04T02:00:00+05:30
ERP-R-000737,2026-03-03,South,Electronics,67146.84,76547.4,2026-03-04T02:00:00+05:30
ERP-R-000738,2026-03-03,South,Home,25336.89,28884.05,2026-03-04T02:00:00+05:30
ERP-R-000739,2026-03-03,East,Apparel,22707.28,25886.3,2026-03-04T02:00:00+05:30
ERP-R-000740,2026-03-03,East,Electronics,43022.54,49045.7,2026-03-04T02:00:00+05:30
ERP-R-000741,2026-03-03,East,Home,16633.95,18962.7,2026-03-04T02:00:00+05:30
ERP-R-000742,2026-03-03,West,Apparel,31341.31,35729.09,2026-03-04T02:00:00+05:30
ERP-R-000743,2026-03-03,West,Electronics,62814.53,71608.56,2026-03-04T02:00:00+05:30
ERP-R-000744,2026-03-03,West,Home,21135.67,24094.67,2026-03-04T02:00:00+05:30
ERP-R-000745,2026-03-04,North,Apparel,53402.55,60878.91,2026-03-05T02:00:00+05:30
ERP-R-000746,2026-03-04,North,Electronics,96373.35,109865.62,2026-03-05T02:00:00+05:30
ERP-R-000747,2026-03-04,North,Home,31248.06,35622.79,2026-03-05T02:00:00+05:30
ERP-R-000748,2026-03-04,South,Apparel,44472.17,50698.28,2026-03-05T02:00:00+05:30
ERP-R-000749,2026-03-04,South,Electronics,82482.61,94030.18,2026-03-05T02:00:00+05:30
ERP-R-000750,2026-03-04,South,Home,31269.05,35646.72,2026-03-05T02:00:00+05:30
ERP-R-000751,2026-03-04,East,Apparel,29181.71,33267.15,2026-03-05T02:00:00+05:30
ERP-R-000752,2026-03-04,East,Electronics,56031.01,63875.35,2026-03-05T02:00:00+05:30
ERP-R-000753,2026-03-04,East,Home,20424.95,23284.45,2026-03-05T02:00:00+05:30
ERP-R-000754,2026-03-04,West,Apparel,36267.56,41345.02,2026-03-05T02:00:00+05:30
ERP-R-000755,2026-03-04,West,Electronics,80770.96,92078.89,2026-03-05T02:00:00+05:30
ERP-R-000756,2026-03-04,West,Home,27044.65,30830.91,2026-03-05T02:00:00+05:30
ERP-R-000757,2026-03-05,North,Apparel,42856.68,48856.61,2026-03-06T02:00:00+05:30
ERP-R-000758,2026-03-05,North,Electronics,76902.5,87668.85,2026-03-06T02:00:00+05:30
ERP-R-000759,2026-03-05,North,Home,27026.01,30809.65,2026-03-06T02:00:00+05:30
ERP-R-000760,2026-03-05,South,Apparel,34298.81,39100.64,2026-03-06T02:00:00+05:30
ERP-R-000761,2026-03-05,South,Electronics,66741.2,76084.97,2026-03-06T02:00:00+05:30
ERP-R-000762,2026-03-05,South,Home,25457.0,29020.98,2026-03-06T02:00:00+05:30
ERP-R-000763,2026-03-05,East,Apparel,23429.0,26709.06,2026-03-06T02:00:00+05:30
ERP-R-000764,2026-03-05,East,Electronics,44480.79,50708.1,2026-03-06T02:00:00+05:30
ERP-R-000765,2026-03-05,East,Home,17058.43,19446.61,2026-03-06T02:00:00+05:30
ERP-R-000766,2026-03-05,West,Apparel,29760.86,33927.38,2026-03-06T02:00:00+05:30
ERP-R-000767,2026-03-05,West,Electronics,62367.71,71099.19,2026-03-06T02:00:00+05:30
ERP-R-000768,2026-03-05,West,Home,21709.04,24748.3,2026-03-06T02:00:00+05:30
ERP-R-000769,2026-03-06,North,Apparel,40911.13,46638.68,2026-03-07T02:00:00+05:30
ERP-R-000770,2026-03-06,North,Electronics,78475.26,89461.8,2026-03-07T02:00:00+05:30
ERP-R-000771,2026-03-06,North,Home,26313.79,29997.72,2026-03-07T02:00:00+05:30
ERP-R-000772,2026-03-06,South,Apparel,31324.4,35709.81,2026-03-07T02:00:00+05:30
ERP-R-000773,2026-03-06,South,Electronics,65464.67,74629.72,2026-03-07T02:00:00+05:30
ERP-R-000774,2026-03-06,South,Home,26114.61,29770.65,2026-03-07T02:00:00+05:30
ERP-R-000775,2026-03-06,East,Apparel,24536.59,27971.72,2026-03-07T02:00:00+05:30
ERP-R-000776,2026-03-06,East,Electronics,48366.17,55137.43,2026-03-07T02:00:00+05:30
ERP-R-000777,2026-03-06,East,Home,17250.13,19665.14,2026-03-07T02:00:00+05:30
ERP-R-000778,2026-03-06,West,Apparel,33272.93,37931.14,2026-03-07T02:00:00+05:30
ERP-R-000779,2026-03-06,West,Electronics,63780.1,72709.32,2026-03-07T02:00:00+05:30
ERP-R-000780,2026-03-06,West,Home,21838.27,24895.63,2026-03-07T02:00:00+05:30
ERP-R-000781,2026-03-07,North,Apparel,51018.45,58161.03,2026-03-08T02:00:00+05:30
ERP-R-000782,2026-03-07,North,Electronics,100860.14,114980.56,2026-03-08T02:00:00+05:30
ERP-R-000783,2026-03-07,North,Home,31005.77,35346.57,2026-03-08T02:00:00+05:30
ERP-R-000784,2026-03-07,South,Apparel,39496.16,45025.62,2026-03-08T02:00:00+05:30
ERP-R-000785,2026-03-07,South,Electronics,78478.94,89465.99,2026-03-08T02:00:00+05:30
ERP-R-000786,2026-03-07,South,Home,30256.64,34492.57,2026-03-08T02:00:00+05:30
ERP-R-000787,2026-03-07,East,Apparel,26969.63,30745.37,2026-03-08T02:00:00+05:30
ERP-R-000788,2026-03-07,East,Electronics,54750.94,62416.08,2026-03-08T02:00:00+05:30
ERP-R-000789,2026-03-07,East,Home,19348.55,22057.34,2026-03-08T02:00:00+05:30
ERP-R-000790,2026-03-07,West,Apparel,39136.88,44616.04,2026-03-08T02:00:00+05:30
ERP-R-000791,2026-03-07,West,Electronics,72815.07,83009.18,2026-03-08T02:00:00+05:30
ERP-R-000792,2026-03-07,West,Home,26042.21,29688.12,2026-03-08T02:00:00+05:30
ERP-R-000793,2026-03-08,North,Apparel,46963.1,53537.94,2026-03-09T02:00:00+05:30
ERP-R-000794,2026-03-08,North,Electronics,95014.37,108316.39,2026-03-09T02:00:00+05:30
ERP-R-000795,2026-03-08,North,Home,30941.68,35273.52,2026-03-09T02:00:00+05:30
ERP-R-000796,2026-03-08,South,Apparel,42309.7,48233.06,2026-03-09T02:00:00+05:30
ERP-R-000797,2026-03-08,South,Electronics,79714.98,90875.07,2026-03-09T02:00:00+05:30
ERP-R-000798,2026-03-08,South,Home,29780.27,33949.5,2026-03-09T02:00:00+05:30
ERP-R-000799,2026-03-08,East,Apparel,30510.33,34781.77,2026-03-09T02:00:00+05:30
ERP-R-000800,2026-03-08,East,Electronics,52374.36,59706.77,2026-03-09T02:00:00+05:30
ERP-R-000801,2026-03-08,East,Home,19675.35,22429.9,2026-03-09T02:00:00+05:30
ERP-R-000802,2026-03-08,West,Apparel,35060.92,39969.45,2026-03-09T02:00:00+05:30
ERP-R-000803,2026-03-08,West,Electronics,73569.35,83869.06,2026-03-09T02:00:00+05:30
ERP-R-000804,2026-03-08,West,Home,27469.38,31315.09,2026-03-09T02:00:00+05:30
ERP-R-000805,2026-03-09,North,Apparel,41320.45,47105.31,2026-03-10T02:00:00+05:30
ERP-R-000806,2026-03-09,North,Electronics,83395.13,95070.45,2026-03-10T02:00:00+05:30
ERP-R-000807,2026-03-09,North,Home,27226.98,31038.76,2026-03-10T02:00:00+05:30
ERP-R-000808,2026-03-09,South,Apparel,34924.37,39813.79,2026-03-10T02:00:00+05:30
ERP-R-000809,2026-03-09,South,Electronics,66381.61,75675.04,2026-03-10T02:00:00+05:30
ERP-R-000810,2026-03-09,South,Home,24450.83,27873.95,2026-03-10T02:00:00+05:30
ERP-R-000811,2026-03-09,East,Apparel,23559.31,26857.62,2026-03-10T02:00:00+05:30
ERP-R-000812,2026-03-09,East,Electronics,47462.58,54107.34,2026-03-10T02:00:00+05:30
ERP-R-000813,2026-03-09,East,Home,17538.42,19993.79,2026-03-10T02:00:00+05:30
ERP-R-000814,2026-03-09,West,Apparel,31703.62,36142.13,2026-03-10T02:00:00+05:30
ERP-R-000815,2026-03-09,West,Electronics,64476.65,73503.38,2026-03-10T02:00:00+05:30
ERP-R-000816,2026-03-09,West,Home,21638.25,24667.6,2026-03-10T02:00:00+05:30
ERP-R-000817,2026-03-10,North,Apparel,40951.85,46685.11,2026-03-11T02:00:00+05:30
ERP-R-000818,2026-03-10,North,Electronics,78379.25,89352.35,2026-03-11T02:00:00+05:30
ERP-R-000819,2026-03-10,North,Home,26331.84,30018.29,2026-03-11T02:00:00+05:30
ERP-R-000820,2026-03-10,South,Apparel,33462.09,38146.78,2026-03-11T02:00:00+05:30
ERP-R-000821,2026-03-10,South,Electronics,71357.26,81347.27,2026-03-11T02:00:00+05:30
ERP-R-000822,2026-03-10,South,Home,24683.32,28138.98,2026-03-11T02:00:00+05:30
ERP-R-000823,2026-03-10,East,Apparel,22633.19,25801.83,2026-03-11T02:00:00+05:30
ERP-R-000824,2026-03-10,East,Electronics,46487.1,52995.29,2026-03-11T02:00:00+05:30
ERP-R-000825,2026-03-10,East,Home,16054.74,18302.4,2026-03-11T02:00:00+05:30
ERP-R-000826,2026-03-10,West,Apparel,31648.34,36079.1,2026-03-11T02:00:00+05:30
ERP-R-000827,2026-03-10,West,Electronics,63211.33,72060.91,2026-03-11T02:00:00+05:30
ERP-R-000828,2026-03-10,West,Home,21276.91,24255.67,2026-03-11T02:00:00+05:30
ERP-R-000829,2026-03-11,North,Apparel,41550.32,47367.36,2026-03-12T02:00:00+05:30
ERP-R-000830,2026-03-11,North,Electronics,83882.49,95626.04,2026-03-12T02:00:00+05:30
ERP-R-000831,2026-03-11,North,Home,27577.73,31438.61,2026-03-12T02:00:00+05:30
ERP-R-000832,2026-03-11,South,Apparel,37053.77,42241.3,2026-03-12T02:00:00+05:30
ERP-R-000833,2026-03-11,South,Electronics,68052.6,77579.96,2026-03-12T02:00:00+05:30
ERP-R-000834,2026-03-11,South,Home,23411.25,26688.82,2026-03-12T02:00:00+05:30
ERP-R-000835,2026-03-11,East,Apparel,23986.74,27344.88,2026-03-12T02:00:00+05:30
ERP-R-000836,2026-03-11,East,Electronics,43612.0,49717.68,2026-03-12T02:00:00+05:30
ERP-R-000837,2026-03-11,East,Home,16821.67,19176.71,2026-03-12T02:00:00+05:30
ERP-R-000838,2026-03-11,West,Apparel,29915.76,34103.97,2026-03-12T02:00:00+05:30
ERP-R-000839,2026-03-11,West,Electronics,63470.24,72356.07,2026-03-12T02:00:00+05:30
ERP-R-000840,2026-03-11,West,Home,22061.27,25149.84,2026-03-12T02:00:00+05:30
ERP-R-000841,2026-03-12,North,Apparel,41223.0,46994.22,2026-03-13T02:00:00+05:30
ERP-R-000842,2026-03-12,North,Electronics,80344.4,91592.62,2026-03-13T02:00:00+05:30
ERP-R-000843,2026-03-12,North,Home,26366.69,30058.02,2026-03-13T02:00:00+05:30
ERP-R-000844,2026-03-12,South,Apparel,33335.45,38002.41,2026-03-13T02:00:00+05:30
ERP-R-000845,2026-03-12,South,Electronics,69172.94,78857.15,2026-03-13T02:00:00+05:30
ERP-R-000846,2026-03-12,South,Home,24820.52,28295.39,2026-03-13T02:00:00+05:30
ERP-R-000847,2026-03-12,East,Apparel,23674.4,26988.81,2026-03-13T02:00:00+05:30
ERP-R-000848,2026-03-12,East,Electronics,46073.91,52524.26,2026-03-13T02:00:00+05:30
ERP-R-000849,2026-03-12,East,Home,17094.36,19487.57,2026-03-13T02:00:00+05:30
ERP-R-000850,2026-03-12,West,Apparel,31388.31,35782.67,2026-03-13T02:00:00+05:30
ERP-R-000851,2026-03-12,West,Electronics,62224.1,70935.47,2026-03-13T02:00:00+05:30
ERP-R-000852,2026-03-12,West,Home,20620.95,23507.89,2026-03-13T02:00:00+05:30
ERP-R-000853,2026-03-13,North,Apparel,42330.22,48256.45,2026-03-14T02:00:00+05:30
ERP-R-000854,2026-03-13,North,Electronics,80605.46,91890.22,2026-03-14T02:00:00+05:30
ERP-R-000855,2026-03-13,North,Home,27594.66,31457.92,2026-03-14T02:00:00+05:30
ERP-R-000856,2026-03-13,South,Apparel,36253.14,41328.58,2026-03-14T02:00:00+05:30
ERP-R-000857,2026-03-13,South,Electronics,70792.62,80703.59,2026-03-14T02:00:00+05:30
ERP-R-000858,2026-03-13,South,Home,25437.78,28999.07,2026-03-14T02:00:00+05:30
ERP-R-000859,2026-03-13,East,Apparel,23595.61,26898.99,2026-03-14T02:00:00+05:30
ERP-R-000860,2026-03-13,East,Electronics,44679.02,50934.09,2026-03-14T02:00:00+05:30
ERP-R-000861,2026-03-13,East,Home,15648.17,17838.91,2026-03-14T02:00:00+05:30
ERP-R-000862,2026-03-13,West,Apparel,32946.01,37558.45,2026-03-14T02:00:00+05:30
ERP-R-000863,2026-03-13,West,Electronics,63836.01,72773.05,2026-03-14T02:00:00+05:30
ERP-R-000864,2026-03-13,West,Home,22272.29,25390.41,2026-03-14T02:00:00+05:30
ERP-R-000865,2026-03-14,North,Apparel,51711.11,58950.66,2026-03-15T02:00:00+05:30
ERP-R-000866,2026-03-14,North,Electronics,93954.05,107107.62,2026-03-15T02:00:00+05:30
ERP-R-000867,2026-03-14,North,Home,32527.73,37081.62,2026-03-15T02:00:00+05:30
ERP-R-000868,2026-03-14,South,Apparel,40571.46,46251.46,2026-03-15T02:00:00+05:30
ERP-R-000869,2026-03-14,South,Electronics,78278.79,89237.82,2026-03-15T02:00:00+05:30
ERP-R-000870,2026-03-14,South,Home,29714.57,33874.61,2026-03-15T02:00:00+05:30
ERP-R-000871,2026-03-14,East,Apparel,29209.47,33298.79,2026-03-15T02:00:00+05:30
ERP-R-000872,2026-03-14,East,Electronics,56388.46,64282.84,2026-03-15T02:00:00+05:30
ERP-R-000873,2026-03-14,East,Home,20401.68,23257.91,2026-03-15T02:00:00+05:30
ERP-R-000874,2026-03-14,West,Apparel,37269.14,42486.83,2026-03-15T02:00:00+05:30
ERP-R-000875,2026-03-14,West,Electronics,77441.61,88283.44,2026-03-15T02:00:00+05:30
ERP-R-000876,2026-03-14,West,Home,25817.07,29431.47,2026-03-15T02:00:00+05:30
ERP-R-000877,2026-03-15,North,Apparel,51850.35,59109.39,2026-03-16T02:00:00+05:30
ERP-R-000878,2026-03-15,North,Electronics,98433.73,112214.45,2026-03-16T02:00:00+05:30
ERP-R-000879,2026-03-15,North,Home,33713.18,38433.03,2026-03-16T02:00:00+05:30
ERP-R-000880,2026-03-15,South,Apparel,38265.79,43623.0,2026-03-16T02:00:00+05:30
ERP-R-000881,2026-03-15,South,Electronics,80660.81,91953.33,2026-03-16T02:00:00+05:30
ERP-R-000882,2026-03-15,South,Home,30272.42,34510.56,2026-03-16T02:00:00+05:30
ERP-R-000883,2026-03-15,East,Apparel,28495.85,32485.27,2026-03-16T02:00:00+05:30
ERP-R-000884,2026-03-15,East,Electronics,57227.64,65239.51,2026-03-16T02:00:00+05:30
ERP-R-000885,2026-03-15,East,Home,18503.49,21093.98,2026-03-16T02:00:00+05:30
ERP-R-000886,2026-03-15,West,Apparel,35952.09,40985.38,2026-03-16T02:00:00+05:30
ERP-R-000887,2026-03-15,West,Electronics,76013.66,86655.57,2026-03-16T02:00:00+05:30
ERP-R-000888,2026-03-15,West,Home,24995.76,28495.17,2026-03-16T02:00:00+05:30
ERP-R-000889,2026-03-16,North,Apparel,42817.91,48812.42,2026-03-17T02:00:00+05:30
ERP-R-000890,2026-03-16,North,Electronics,79723.79,90885.12,2026-03-17T02:00:00+05:30
ERP-R-000891,2026-03-16,North,Home,28484.09,32471.87,2026-03-17T02:00:00+05:30
ERP-R-000892,2026-03-16,South,Apparel,34286.67,39086.8,2026-03-17T02:00:00+05:30
ERP-R-000893,2026-03-16,South,Electronics,70485.16,80353.08,2026-03-17T02:00:00+05:30
ERP-R-000894,2026-03-16,South,Home,23694.92,27012.21,2026-03-17T02:00:00+05:30
ERP-R-000895,2026-03-16,East,Apparel,25250.06,28785.07,2026-03-17T02:00:00+05:30
ERP-R-000896,2026-03-16,East,Electronics,45609.16,51994.44,2026-03-17T02:00:00+05:30
ERP-R-000897,2026-03-16,East,Home,16970.68,19346.58,2026-03-17T02:00:00+05:30
ERP-R-000898,2026-03-16,West,Apparel,32047.47,36534.12,2026-03-17T02:00:00+05:30
ERP-R-000899,2026-03-16,West,Electronics,61897.75,70563.43,2026-03-17T02:00:00+05:30
ERP-R-000900,2026-03-16,West,Home,20289.17,23129.65,2026-03-17T02:00:00+05:30
ERP-R-000901,2026-03-17,North,Apparel,44405.27,50622.01,2026-03-18T02:00:00+05:30
ERP-R-000902,2026-03-17,North,Electronics,85210.2,97139.62,2026-03-18T02:00:00+05:30
ERP-R-000903,2026-03-17,North,Home,27211.87,31021.53,2026-03-18T02:00:00+05:30
ERP-R-000904,2026-03-17,South,Apparel,36013.56,41055.45,2026-03-18T02:00:00+05:30
ERP-R-000905,2026-03-17,South,Electronics,68383.65,77957.36,2026-03-18T02:00:00+05:30
ERP-R-000906,2026-03-17,South,Home,23584.83,26886.71,2026-03-18T02:00:00+05:30
ERP-R-000907,2026-03-17,East,Apparel,24554.68,27992.33,2026-03-18T02:00:00+05:30
ERP-R-000908,2026-03-17,East,Electronics,47092.49,53685.44,2026-03-18T02:00:00+05:30
ERP-R-000909,2026-03-17,East,Home,16319.72,18604.48,2026-03-18T02:00:00+05:30
ERP-R-000910,2026-03-17,West,Apparel,31769.02,36216.68,2026-03-18T02:00:00+05:30
ERP-R-000911,2026-03-17,West,Electronics,63027.61,71851.48,2026-03-18T02:00:00+05:30
ERP-R-000912,2026-03-17,West,Home,19776.27,22544.95,2026-03-18T02:00:00+05:30
ERP-R-000913,2026-03-18,North,Apparel,43625.38,49732.93,2026-03-19T02:00:00+05:30
ERP-R-000914,2026-03-18,North,Electronics,82991.52,94610.33,2026-03-19T02:00:00+05:30
ERP-R-000915,2026-03-18,North,Home,26845.36,30603.71,2026-03-19T02:00:00+05:30
ERP-R-000916,2026-03-18,South,Apparel,36373.57,41465.87,2026-03-19T02:00:00+05:30
ERP-R-000917,2026-03-18,South,Electronics,71402.95,81399.36,2026-03-19T02:00:00+05:30
ERP-R-000918,2026-03-18,South,Home,26112.43,29768.17,2026-03-19T02:00:00+05:30
ERP-R-000919,2026-03-18,East,Apparel,24774.24,28242.63,2026-03-19T02:00:00+05:30
ERP-R-000920,2026-03-18,East,Electronics,44211.87,50401.53,2026-03-19T02:00:00+05:30
ERP-R-000921,2026-03-18,East,Home,17027.62,19411.48,2026-03-19T02:00:00+05:30
ERP-R-000922,2026-03-18,West,Apparel,34184.79,38970.66,2026-03-19T02:00:00+05:30
ERP-R-000923,2026-03-18,West,Electronics,61816.13,70470.39,2026-03-19T02:00:00+05:30
ERP-R-000924,2026-03-18,West,Home,22548.27,25705.03,2026-03-19T02:00:00+05:30
ERP-R-000925,2026-03-19,North,Apparel,39291.04,44791.79,2026-03-20T02:00:00+05:30
ERP-R-000926,2026-03-19,North,Electronics,80572.21,91852.32,2026-03-20T02:00:00+05:30
ERP-R-000927,2026-03-19,North,Home,29303.19,33405.63,2026-03-20T02:00:00+05:30
ERP-R-000928,2026-03-19,South,Apparel,33893.66,38638.77,2026-03-20T02:00:00+05:30
ERP-R-000929,2026-03-19,South,Electronics,69524.11,79257.48,2026-03-20T02:00:00+05:30
ERP-R-000930,2026-03-19,South,Home,25972.81,29609.01,2026-03-20T02:00:00+05:30
ERP-R-000931,2026-03-19,East,Apparel,23713.61,27033.51,2026-03-20T02:00:00+05:30
ERP-R-000932,2026-03-19,East,Electronics,46748.85,53293.69,2026-03-20T02:00:00+05:30
ERP-R-000933,2026-03-19,East,Home,16201.0,18469.14,2026-03-20T02:00:00+05:30
ERP-R-000934,2026-03-19,West,Apparel,32649.96,37220.95,2026-03-20T02:00:00+05:30
ERP-R-000935,2026-03-19,West,Electronics,59642.7,67992.68,2026-03-20T02:00:00+05:30
ERP-R-000936,2026-03-19,West,Home,20631.46,23519.86,2026-03-20T02:00:00+05:30
ERP-R-000937,2026-03-20,North,Apparel,42070.75,47960.65,2026-03-21T02:00:00+05:30
ERP-R-000938,2026-03-20,North,Electronics,79621.62,90768.64,2026-03-21T02:00:00+05:30
ERP-R-000939,2026-03-20,North,Home,27596.34,31459.83,2026-03-21T02:00:00+05:30
ERP-R-000940,2026-03-20,South,Apparel,35837.99,40855.31,2026-03-21T02:00:00+05:30
ERP-R-000941,2026-03-20,South,Electronics,67452.84,76896.23,2026-03-21T02:00:00+05:30
ERP-R-000942,2026-03-20,South,Home,25361.28,28911.86,2026-03-21T02:00:00+05:30
ERP-R-000943,2026-03-20,East,Apparel,23536.12,26831.18,2026-03-21T02:00:00+05:30
ERP-R-000944,2026-03-20,East,Electronics,49924.87,56914.35,2026-03-21T02:00:00+05:30
ERP-R-000945,2026-03-20,East,Home,15598.69,17782.51,2026-03-21T02:00:00+05:30
ERP-R-000946,2026-03-20,West,Apparel,29883.85,34067.59,2026-03-21T02:00:00+05:30
ERP-R-000947,2026-03-20,West,Electronics,67420.78,76859.69,2026-03-21T02:00:00+05:30
ERP-R-000948,2026-03-20,West,Home,20275.28,23113.82,2026-03-21T02:00:00+05:30
ERP-R-000949,2026-03-21,North,Apparel,48701.64,55519.87,2026-03-22T02:00:00+05:30
ERP-R-000950,2026-03-21,North,Electronics,97670.77,111344.67,2026-03-22T02:00:00+05:30
ERP-R-000951,2026-03-21,North,Home,31546.45,35962.95,2026-03-22T02:00:00+05:30
ERP-R-000952,2026-03-21,South,Apparel,41299.25,47081.14,2026-03-22T02:00:00+05:30
ERP-R-000953,2026-03-21,South,Electronics,85650.79,97641.9,2026-03-22T02:00:00+05:30
ERP-R-000954,2026-03-21,South,Home,29734.65,33897.5,2026-03-22T02:00:00+05:30
ERP-R-000955,2026-03-21,East,Apparel,29415.49,33533.66,2026-03-22T02:00:00+05:30
ERP-R-000956,2026-03-21,East,Electronics,56948.38,64921.15,2026-03-22T02:00:00+05:30
ERP-R-000957,2026-03-21,East,Home,19770.73,22538.63,2026-03-22T02:00:00+05:30
ERP-R-000958,2026-03-21,West,Apparel,37857.2,43157.21,2026-03-22T02:00:00+05:30
ERP-R-000959,2026-03-21,West,Electronics,65390.53,74545.2,2026-03-22T02:00:00+05:30
ERP-R-000960,2026-03-21,West,Home,25028.42,28532.4,2026-03-22T02:00:00+05:30
ERP-R-000961,2026-03-22,North,Apparel,49576.8,56517.55,2026-03-23T02:00:00+05:30
ERP-R-000962,2026-03-22,North,Electronics,94868.09,108149.62,2026-03-23T02:00:00+05:30
ERP-R-000963,2026-03-22,North,Home,34416.73,39235.07,2026-03-23T02:00:00+05:30
ERP-R-000964,2026-03-22,South,Apparel,42175.52,48080.09,2026-03-23T02:00:00+05:30
ERP-R-000965,2026-03-22,South,Electronics,78647.91,89658.62,2026-03-23T02:00:00+05:30
ERP-R-000966,2026-03-22,South,Home,30127.39,34345.22,2026-03-23T02:00:00+05:30
ERP-R-000967,2026-03-22,East,Apparel,29146.03,33226.47,2026-03-23T02:00:00+05:30
ERP-R-000968,2026-03-22,East,Electronics,57705.8,65784.61,2026-03-23T02:00:00+05:30
ERP-R-000969,2026-03-22,East,Home,20208.52,23037.71,2026-03-23T02:00:00+05:30
ERP-R-000970,2026-03-22,West,Apparel,35974.09,41010.46,2026-03-23T02:00:00+05:30
ERP-R-000971,2026-03-22,West,Electronics,74196.61,84584.13,2026-03-23T02:00:00+05:30
ERP-R-000972,2026-03-22,West,Home,25125.7,28643.3,2026-03-23T02:00:00+05:30
ERP-R-000973,2026-03-23,North,Apparel,42491.6,48440.43,2026-03-24T02:00:00+05:30
ERP-R-000974,2026-03-23,North,Electronics,79674.92,90829.41,2026-03-24T02:00:00+05:30
ERP-R-000975,2026-03-23,North,Home,30215.78,34445.99,2026-03-24T02:00:00+05:30
ERP-R-000976,2026-03-23,South,Apparel,35922.11,40951.2,2026-03-24T02:00:00+05:30
ERP-R-000977,2026-03-23,South,Electronics,70515.86,80388.08,2026-03-24T02:00:00+05:30
ERP-R-000978,2026-03-23,South,Home,25150.14,28671.15,2026-03-24T02:00:00+05:30
ERP-R-000979,2026-03-23,East,Apparel,24545.57,27981.95,2026-03-24T02:00:00+05:30
ERP-R-000980,2026-03-23,East,Electronics,48482.06,55269.55,2026-03-24T02:00:00+05:30
ERP-R-000981,2026-03-23,East,Home,18479.64,21066.78,2026-03-24T02:00:00+05:30
ERP-R-000982,2026-03-23,West,Apparel,31741.93,36185.8,2026-03-24T02:00:00+05:30
ERP-R-000983,2026-03-23,West,Electronics,66046.05,75292.5,2026-03-24T02:00:00+05:30
ERP-R-000984,2026-03-23,West,Home,22897.02,26102.6,2026-03-24T02:00:00+05:30
ERP-R-000985,2026-03-24,North,Apparel,41757.59,47603.66,2026-03-25T02:00:00+05:30
ERP-R-000986,2026-03-24,North,Electronics,87097.18,99290.79,2026-03-25T02:00:00+05:30
ERP-R-000987,2026-03-24,North,Home,27270.68,31088.58,2026-03-25T02:00:00+05:30
ERP-R-000988,2026-03-24,South,Apparel,36012.47,41054.21,2026-03-25T02:00:00+05:30
ERP-R-000989,2026-03-24,South,Electronics,67201.03,76609.18,2026-03-25T02:00:00+05:30
ERP-R-000990,2026-03-24,South,Home,24758.46,28224.64,2026-03-25T02:00:00+05:30
ERP-R-000991,2026-03-24,East,Apparel,25115.46,28631.63,2026-03-25T02:00:00+05:30
ERP-R-000992,2026-03-24,East,Electronics,44649.16,50900.04,2026-03-25T02:00:00+05:30
ERP-R-000993,2026-03-24,East,Home,17081.73,19473.17,2026-03-25T02:00:00+05:30
ERP-R-000994,2026-03-24,West,Apparel,31324.43,35709.84,2026-03-25T02:00:00+05:30
ERP-R-000995,2026-03-24,West,Electronics,61859.34,70519.65,2026-03-25T02:00:00+05:30
ERP-R-000996,2026-03-24,West,Home,23118.34,26354.91,2026-03-25T02:00:00+05:30
ERP-R-000997,2026-03-25,North,Apparel,41634.33,47463.13,2026-03-26T02:00:00+05:30
ERP-R-000998,2026-03-25,North,Electronics,81861.06,93321.6,2026-03-26T02:00:00+05:30
ERP-R-000999,2026-03-25,North,Home,28744.32,32768.53,2026-03-26T02:00:00+05:30
ERP-R-001000,2026-03-25,South,Apparel,35692.09,40688.98,2026-03-26T02:00:00+05:30
ERP-R-001001,2026-03-25,South,Electronics,68471.26,78057.24,2026-03-26T02:00:00+05:30
ERP-R-001002,2026-03-25,South,Home,25258.24,28794.39,2026-03-26T02:00:00+05:30
ERP-R-001003,2026-03-25,East,Apparel,25747.97,29352.68,2026-03-26T02:00:00+05:30
ERP-R-001004,2026-03-25,East,Electronics,46969.68,53545.43,2026-03-26T02:00:00+05:30
ERP-R-001005,2026-03-25,East,Home,17372.76,19804.95,2026-03-26T02:00:00+05:30
ERP-R-001006,2026-03-25,West,Apparel,31507.24,35918.26,2026-03-26T02:00:00+05:30
ERP-R-001007,2026-03-25,West,Electronics,65611.23,74796.8,2026-03-26T02:00:00+05:30
ERP-R-001008,2026-03-25,West,Home,22400.4,25536.45,2026-03-26T02:00:00+05:30
ERP-R-001009,2026-03-26,North,Apparel,40226.56,45858.27,2026-03-27T02:00:00+05:30
ERP-R-001010,2026-03-26,North,Electronics,78425.9,89405.53,2026-03-27T02:00:00+05:30
ERP-R-001011,2026-03-26,North,Home,28326.73,32292.47,2026-03-27T02:00:00+05:30
ERP-R-001012,2026-03-26,South,Apparel,37336.38,42563.47,2026-03-27T02:00:00+05:30
ERP-R-001013,2026-03-26,South,Electronics,64279.23,73278.32,2026-03-27T02:00:00+05:30
ERP-R-001014,2026-03-26,South,Home,24394.52,27809.75,2026-03-27T02:00:00+05:30
ERP-R-001015,2026-03-26,East,Apparel,24751.51,28216.72,2026-03-27T02:00:00+05:30
ERP-R-001016,2026-03-26,East,Electronics,46890.93,53455.65,2026-03-27T02:00:00+05:30
ERP-R-001017,2026-03-26,East,Home,16871.91,19233.98,2026-03-27T02:00:00+05:30
ERP-R-001018,2026-03-26,West,Apparel,31087.88,35440.19,2026-03-27T02:00:00+05:30
ERP-R-001019,2026-03-26,West,Electronics,60702.18,69200.49,2026-03-27T02:00:00+05:30
ERP-R-001020,2026-03-26,West,Home,20395.02,23250.32,2026-03-27T02:00:00+05:30
ERP-R-001021,2026-03-27,North,Apparel,44900.39,51186.44,2026-03-28T02:00:00+05:30
ERP-R-001022,2026-03-27,North,Electronics,79173.79,90258.12,2026-03-28T02:00:00+05:30
ERP-R-001023,2026-03-27,North,Home,26676.23,30410.9,2026-03-28T02:00:00+05:30
ERP-R-001024,2026-03-27,South,Apparel,34153.29,38934.75,2026-03-28T02:00:00+05:30
ERP-R-001025,2026-03-27,South,Electronics,64611.36,73656.95,2026-03-28T02:00:00+05:30
ERP-R-001026,2026-03-27,South,Home,26986.08,30764.13,2026-03-28T02:00:00+05:30
ERP-R-001027,2026-03-27,East,Apparel,24616.67,28063.01,2026-03-28T02:00:00+05:30
ERP-R-001028,2026-03-27,East,Electronics,44310.96,50514.49,2026-03-28T02:00:00+05:30
ERP-R-001029,2026-03-27,East,Home,16860.41,19220.87,2026-03-28T02:00:00+05:30
ERP-R-001030,2026-03-27,West,Apparel,32855.14,37454.86,2026-03-28T02:00:00+05:30
ERP-R-001031,2026-03-27,West,Electronics,64804.47,73877.1,2026-03-28T02:00:00+05:30
ERP-R-001032,2026-03-27,West,Home,21115.83,24072.05,2026-03-28T02:00:00+05:30
ERP-R-001033,2026-03-28,North,Apparel,53299.13,60761.01,2026-03-29T02:00:00+05:30
ERP-R-001034,2026-03-28,North,Electronics,94617.16,107863.56,2026-03-29T02:00:00+05:30
ERP-R-001035,2026-03-28,North,Home,31608.32,36033.48,2026-03-29T02:00:00+05:30
ERP-R-001036,2026-03-28,South,Apparel,41632.76,47461.35,2026-03-29T02:00:00+05:30
ERP-R-001037,2026-03-28,South,Electronics,81526.44,92940.15,2026-03-29T02:00:00+05:30
ERP-R-001038,2026-03-28,South,Home,29684.66,33840.51,2026-03-29T02:00:00+05:30
ERP-R-001039,2026-03-28,East,Apparel,30976.34,35313.03,2026-03-29T02:00:00+05:30
ERP-R-001040,2026-03-28,East,Electronics,57470.21,65516.04,2026-03-29T02:00:00+05:30
ERP-R-001041,2026-03-28,East,Home,21045.96,23992.4,2026-03-29T02:00:00+05:30
ERP-R-001042,2026-03-28,West,Apparel,38755.6,44181.38,2026-03-29T02:00:00+05:30
ERP-R-001043,2026-03-28,West,Electronics,77288.47,88108.86,2026-03-29T02:00:00+05:30
ERP-R-001044,2026-03-28,West,Home,24641.65,28091.48,2026-03-29T02:00:00+05:30
ERP-R-001045,2026-03-29,North,Apparel,48735.72,55558.72,2026-03-30T02:00:00+05:30
ERP-R-001046,2026-03-29,North,Electronics,99573.27,113513.53,2026-03-30T02:00:00+05:30
ERP-R-001047,2026-03-29,North,Home,29757.9,33924.01,2026-03-30T02:00:00+05:30
ERP-R-001048,2026-03-29,South,Apparel,43540.26,49635.9,2026-03-30T02:00:00+05:30
ERP-R-001049,2026-03-29,South,Electronics,84094.56,95867.79,2026-03-30T02:00:00+05:30
ERP-R-001050,2026-03-29,South,Home,30616.85,34903.21,2026-03-30T02:00:00+05:30
ERP-R-001051,2026-03-29,East,Apparel,28929.71,32979.87,2026-03-30T02:00:00+05:30
ERP-R-001052,2026-03-29,East,Electronics,55458.2,63222.34,2026-03-30T02:00:00+05:30
ERP-R-001053,2026-03-29,East,Home,18184.99,20730.89,2026-03-30T02:00:00+05:30
ERP-R-001054,2026-03-29,West,Apparel,38942.88,44394.88,2026-03-30T02:00:00+05:30
ERP-R-001055,2026-03-29,West,Electronics,73468.32,83753.88,2026-03-30T02:00:00+05:30
ERP-R-001056,2026-03-29,West,Home,25731.4,29333.8,2026-03-30T02:00:00+05:30
ERP-R-001057,2026-03-30,North,Apparel,41115.76,46871.97,2026-03-31T02:00:00+05:30
ERP-R-001058,2026-03-30,North,Electronics,91390.74,104185.44,2026-03-31T02:00:00+05:30
ERP-R-001059,2026-03-30,North,Home,30581.96,34863.44,2026-03-31T02:00:00+05:30
ERP-R-001060,2026-03-30,South,Apparel,35287.12,40227.32,2026-03-31T02:00:00+05:30
ERP-R-001061,2026-03-30,South,Electronics,65953.25,75186.71,2026-03-31T02:00:00+05:30
ERP-R-001062,2026-03-30,South,Home,24586.64,28028.77,2026-03-31T02:00:00+05:30
ERP-R-001063,2026-03-30,East,Apparel,25481.49,29048.89,2026-03-31T02:00:00+05:30
ERP-R-001064,2026-03-30,East,Electronics,45846.97,52265.54,2026-03-31T02:00:00+05:30
ERP-R-001065,2026-03-30,East,Home,16809.31,19162.61,2026-03-31T02:00:00+05:30
ERP-R-001066,2026-03-30,West,Apparel,32790.64,37381.33,2026-03-31T02:00:00+05:30
ERP-R-001067,2026-03-30,West,Electronics,67280.4,76699.65,2026-03-31T02:00:00+05:30
ERP-R-001068,2026-03-30,West,Home,21400.44,24396.5,2026-03-31T02:00:00+05:30
ERP-R-001069,2026-03-31,North,Apparel,43723.79,49845.12,2026-04-01T02:00:00+05:30
ERP-R-001070,2026-03-31,North,Electronics,79233.13,90325.77,2026-04-01T02:00:00+05:30
ERP-R-001071,2026-03-31,North,Home,27458.09,31302.22,2026-04-01T02:00:00+05:30
ERP-R-001072,2026-03-31,South,Apparel,34696.6,39554.13,2026-04-01T02:00:00+05:30
ERP-R-001073,2026-03-31,South,Electronics,70418.43,80277.01,2026-04-01T02:00:00+05:30
ERP-R-001074,2026-03-31,South,Home,25515.22,29087.35,2026-04-01T02:00:00+05:30
ERP-R-001075,2026-03-31,East,Apparel,23219.02,26469.68,2026-04-01T02:00:00+05:30
ERP-R-001076,2026-03-31,East,Electronics,46234.36,52707.18,2026-04-01T02:00:00+05:30
ERP-R-001077,2026-03-31,East,Home,17667.89,20141.4,2026-04-01T02:00:00+05:30
ERP-R-001078,2026-03-31,West,Apparel,30184.83,34410.71,2026-04-01T02:00:00+05:30
ERP-R-001079,2026-03-31,West,Electronics,63770.16,72697.98,2026-04-01T02:00:00+05:30
ERP-R-001080,2026-03-31,West,Home,21154.22,24115.81,2026-04-01T02:00:00+05:30
ERP-R-001081,2026-04-01,North,Apparel,40995.09,46734.4,2026-04-02T02:00:00+05:30
ERP-R-001082,2026-04-01,North,Electronics,85786.8,97796.95,2026-04-02T02:00:00+05:30
ERP-R-001083,2026-04-01,North,Home,27365.97,31197.2,2026-04-02T02:00:00+05:30
ERP-R-001084,2026-04-01,South,Apparel,36201.02,41269.17,2026-04-02T02:00:00+05:30
ERP-R-001085,2026-04-01,South,Electronics,63511.99,72403.67,2026-04-02T02:00:00+05:30
ERP-R-001086,2026-04-01,South,Home,24318.49,27723.08,2026-04-02T02:00:00+05:30
ERP-R-001087,2026-04-01,East,Apparel,24335.73,27742.74,2026-04-02T02:00:00+05:30
ERP-R-001088,2026-04-01,East,Electronics,45243.11,51577.14,2026-04-02T02:00:00+05:30
ERP-R-001089,2026-04-01,East,Home,18461.01,21045.56,2026-04-02T02:00:00+05:30
ERP-R-001090,2026-04-01,West,Apparel,32135.96,36634.99,2026-04-02T02:00:00+05:30
ERP-R-001091,2026-04-01,West,Electronics,65547.45,74724.1,2026-04-02T02:00:00+05:30
ERP-R-001092,2026-04-01,West,Home,20582.02,23463.51,2026-04-02T02:00:00+05:30
ERP-R-001093,2026-04-02,North,Apparel,46094.94,52548.23,2026-04-03T02:00:00+05:30
ERP-R-001094,2026-04-02,North,Electronics,80814.32,92128.32,2026-04-03T02:00:00+05:30
ERP-R-001095,2026-04-02,North,Home,27529.62,31383.77,2026-04-03T02:00:00+05:30
ERP-R-001096,2026-04-02,South,Apparel,36775.1,41923.62,2026-04-03T02:00:00+05:30
ERP-R-001097,2026-04-02,South,Electronics,67961.29,77475.87,2026-04-03T02:00:00+05:30
ERP-R-001098,2026-04-02,South,Home,24365.38,27776.53,2026-04-03T02:00:00+05:30
ERP-R-001099,2026-04-02,East,Apparel,24427.97,27847.89,2026-04-03T02:00:00+05:30
ERP-R-001100,2026-04-02,East,Electronics,48674.63,55489.07,2026-04-03T02:00:00+05:30
ERP-R-001101,2026-04-02,East,Home,17218.84,19629.48,2026-04-03T02:00:00+05:30
ERP-R-001102,2026-04-02,West,Apparel,30718.94,35019.59,2026-04-03T02:00:00+05:30
ERP-R-001103,2026-04-02,West,Electronics,66538.34,75853.71,2026-04-03T02:00:00+05:30
ERP-R-001104,2026-04-02,West,Home,20808.07,23721.2,2026-04-03T02:00:00+05:30
ERP-R-001105,2026-04-03,North,Apparel,43956.5,50110.41,2026-04-04T02:00:00+05:30
ERP-R-001106,2026-04-03,North,Electronics,84576.43,96417.13,2026-04-04T02:00:00+05:30
ERP-R-001107,2026-04-03,North,Home,27849.48,31748.4,2026-04-04T02:00:00+05:30
ERP-R-001108,2026-04-03,South,Apparel,35302.28,40244.59,2026-04-04T02:00:00+05:30
ERP-R-001109,2026-04-03,South,Electronics,70003.29,79803.75,2026-04-04T02:00:00+05:30
ERP-R-001110,2026-04-03,South,Home,25501.47,29071.68,2026-04-04T02:00:00+05:30
ERP-R-001111,2026-04-03,East,Apparel,24124.39,27501.81,2026-04-04T02:00:00+05:30
ERP-R-001112,2026-04-03,East,Electronics,45331.85,51678.31,2026-04-04T02:00:00+05:30
ERP-R-001113,2026-04-03,East,Home,16892.65,19257.63,2026-04-04T02:00:00+05:30
ERP-R-001114,2026-04-03,West,Apparel,34257.5,39053.55,2026-04-04T02:00:00+05:30
ERP-R-001115,2026-04-03,West,Electronics,62552.56,71309.92,2026-04-04T02:00:00+05:30
ERP-R-001116,2026-04-03,West,Home,21029.37,23973.48,2026-04-04T02:00:00+05:30
ERP-R-001117,2026-04-04,North,Apparel,48530.6,55324.88,2026-04-05T02:00:00+05:30
ERP-R-001118,2026-04-04,North,Electronics,99838.2,113815.55,2026-04-05T02:00:00+05:30
ERP-R-001119,2026-04-04,North,Home,35156.43,40078.33,2026-04-05T02:00:00+05:30
ERP-R-001120,2026-04-04,South,Apparel,41488.55,47296.95,2026-04-05T02:00:00+05:30
ERP-R-001121,2026-04-04,South,Electronics,86387.85,98482.15,2026-04-05T02:00:00+05:30
ERP-R-001122,2026-04-04,South,Home,27892.01,31796.89,2026-04-05T02:00:00+05:30
ERP-R-001123,2026-04-04,East,Apparel,28999.05,33058.92,2026-04-05T02:00:00+05:30
ERP-R-001124,2026-04-04,East,Electronics,51500.45,58710.51,2026-04-05T02:00:00+05:30
ERP-R-001125,2026-04-04,East,Home,21595.22,24618.55,2026-04-05T02:00:00+05:30
ERP-R-001126,2026-04-04,West,Apparel,38963.03,44417.85,2026-04-05T02:00:00+05:30
ERP-R-001127,2026-04-04,West,Electronics,74545.38,84981.73,2026-04-05T02:00:00+05:30
ERP-R-001128,2026-04-04,West,Home,24959.38,28453.69,2026-04-05T02:00:00+05:30
ERP-R-001129,2026-04-05,North,Apparel,48305.56,55068.34,2026-04-06T02:00:00+05:30
ERP-R-001130,2026-04-05,North,Electronics,110992.92,126531.93,2026-04-06T02:00:00+05:30
ERP-R-001131,2026-04-05,North,Home,35739.33,40742.84,2026-04-06T02:00:00+05:30
ERP-R-001132,2026-04-05,South,Apparel,42738.6,48722.0,2026-04-06T02:00:00+05:30
ERP-R-001133,2026-04-05,South,Electronics,86831.16,98987.53,2026-04-06T02:00:00+05:30
ERP-R-001134,2026-04-05,South,Home,30557.18,34835.18,2026-04-06T02:00:00+05:30
ERP-R-001135,2026-04-05,East,Apparel,29246.57,33341.09,2026-04-06T02:00:00+05:30
ERP-R-001136,2026-04-05,East,Electronics,54369.65,61981.4,2026-04-06T02:00:00+05:30
ERP-R-001137,2026-04-05,East,Home,19748.81,22513.65,2026-04-06T02:00:00+05:30
ERP-R-001138,2026-04-05,West,Apparel,37742.62,43026.59,2026-04-06T02:00:00+05:30
ERP-R-001139,2026-04-05,West,Electronics,75007.69,85508.77,2026-04-06T02:00:00+05:30
ERP-R-001140,2026-04-05,West,Home,25344.25,28892.44,2026-04-06T02:00:00+05:30
ERP-R-001141,2026-04-06,North,Apparel,40861.55,46582.17,2026-04-07T02:00:00+05:30
ERP-R-001142,2026-04-06,North,Electronics,79269.56,90367.3,2026-04-07T02:00:00+05:30
ERP-R-001143,2026-04-06,North,Home,27161.46,30964.07,2026-04-07T02:00:00+05:30
ERP-R-001144,2026-04-06,South,Apparel,34625.04,39472.54,2026-04-07T02:00:00+05:30
ERP-R-001145,2026-04-06,South,Electronics,71529.45,81543.57,2026-04-07T02:00:00+05:30
ERP-R-001146,2026-04-06,South,Home,24730.26,28192.5,2026-04-07T02:00:00+05:30
ERP-R-001147,2026-04-06,East,Apparel,24155.94,27537.77,2026-04-07T02:00:00+05:30
ERP-R-001148,2026-04-06,East,Electronics,45057.97,51366.09,2026-04-07T02:00:00+05:30
ERP-R-001149,2026-04-06,East,Home,16014.15,18256.13,2026-04-07T02:00:00+05:30
ERP-R-001150,2026-04-06,West,Apparel,31321.2,35706.17,2026-04-07T02:00:00+05:30
ERP-R-001151,2026-04-06,West,Electronics,62893.23,71698.28,2026-04-07T02:00:00+05:30
ERP-R-001152,2026-04-06,West,Home,22321.27,25446.25,2026-04-07T02:00:00+05:30
ERP-R-001153,2026-04-07,North,Apparel,43118.64,49155.24,2026-04-08T02:00:00+05:30
ERP-R-001154,2026-04-07,North,Electronics,84407.52,96224.58,2026-04-08T02:00:00+05:30
ERP-R-001155,2026-04-07,North,Home,27650.78,31521.88,2026-04-08T02:00:00+05:30
ERP-R-001156,2026-04-07,South,Apparel,34486.38,39314.47,2026-04-08T02:00:00+05:30
ERP-R-001157,2026-04-07,South,Electronics,71286.16,81266.22,2026-04-08T02:00:00+05:30
ERP-R-001158,2026-04-07,South,Home,24603.9,28048.45,2026-04-08T02:00:00+05:30
ERP-R-001159,2026-04-07,East,Apparel,23300.06,26562.07,2026-04-08T02:00:00+05:30
ERP-R-001160,2026-04-07,East,Electronics,46769.01,53316.67,2026-04-08T02:00:00+05:30
ERP-R-001161,2026-04-07,East,Home,16279.34,18558.45,2026-04-08T02:00:00+05:30
ERP-R-001162,2026-04-07,West,Apparel,30836.92,35154.09,2026-04-08T02:00:00+05:30
ERP-R-001163,2026-04-07,West,Electronics,65234.13,74366.91,2026-04-08T02:00:00+05:30
ERP-R-001164,2026-04-07,West,Home,22212.96,25322.78,2026-04-08T02:00:00+05:30
ERP-R-001165,2026-04-08,North,Apparel,44247.88,50442.59,2026-04-09T02:00:00+05:30
ERP-R-001166,2026-04-08,North,Electronics,83379.36,95052.47,2026-04-09T02:00:00+05:30
ERP-R-001167,2026-04-08,North,Home,26336.07,30023.12,2026-04-09T02:00:00+05:30
ERP-R-001168,2026-04-08,South,Apparel,36877.95,42040.86,2026-04-09T02:00:00+05:30
ERP-R-001169,2026-04-08,South,Electronics,72378.99,82512.05,2026-04-09T02:00:00+05:30
ERP-R-001170,2026-04-08,South,Home,25162.92,28685.73,2026-04-09T02:00:00+05:30
ERP-R-001171,2026-04-08,East,Apparel,24928.72,28418.74,2026-04-09T02:00:00+05:30
ERP-R-001172,2026-04-08,East,Electronics,47978.87,54695.92,2026-04-09T02:00:00+05:30
ERP-R-001173,2026-04-08,East,Home,18343.93,20912.08,2026-04-09T02:00:00+05:30
ERP-R-001174,2026-04-08,West,Apparel,33549.34,38246.25,2026-04-09T02:00:00+05:30
ERP-R-001175,2026-04-08,West,Electronics,63205.67,72054.46,2026-04-09T02:00:00+05:30
ERP-R-001176,2026-04-08,West,Home,22579.13,25740.21,2026-04-09T02:00:00+05:30
ERP-R-001177,2026-04-09,North,Apparel,44508.48,50739.67,2026-04-10T02:00:00+05:30
ERP-R-001178,2026-04-09,North,Electronics,81289.33,92669.84,2026-04-10T02:00:00+05:30
ERP-R-001179,2026-04-09,North,Home,26938.92,30710.37,2026-04-10T02:00:00+05:30
ERP-R-001180,2026-04-09,South,Apparel,35966.05,41001.29,2026-04-10T02:00:00+05:30
ERP-R-001181,2026-04-09,South,Electronics,73060.89,83289.41,2026-04-10T02:00:00+05:30
ERP-R-001182,2026-04-09,South,Home,25196.44,28723.94,2026-04-10T02:00:00+05:30
ERP-R-001183,2026-04-09,East,Apparel,24104.65,27479.3,2026-04-10T02:00:00+05:30
ERP-R-001184,2026-04-09,East,Electronics,47076.7,53667.44,2026-04-10T02:00:00+05:30
ERP-R-001185,2026-04-09,East,Home,18227.35,20779.18,2026-04-10T02:00:00+05:30
ERP-R-001186,2026-04-09,West,Apparel,32160.01,36662.41,2026-04-10T02:00:00+05:30
ERP-R-001187,2026-04-09,West,Electronics,65280.98,74420.32,2026-04-10T02:00:00+05:30
ERP-R-001188,2026-04-09,West,Home,22516.39,25668.68,2026-04-10T02:00:00+05:30
ERP-R-001189,2026-04-10,North,Apparel,42236.9,48150.07,2026-04-11T02:00:00+05:30
ERP-R-001190,2026-04-10,North,Electronics,81770.23,93218.06,2026-04-11T02:00:00+05:30
ERP-R-001191,2026-04-10,North,Home,27713.52,31593.41,2026-04-11T02:00:00+05:30
ERP-R-001192,2026-04-10,South,Apparel,36541.2,41656.97,2026-04-11T02:00:00+05:30
ERP-R-001193,2026-04-10,South,Electronics,70821.38,80736.37,2026-04-11T02:00:00+05:30
ERP-R-001194,2026-04-10,South,Home,25053.49,28560.98,2026-04-11T02:00:00+05:30
ERP-R-001195,2026-04-10,East,Apparel,25356.05,28905.9,2026-04-11T02:00:00+05:30
ERP-R-001196,2026-04-10,East,Electronics,47538.32,54193.69,2026-04-11T02:00:00+05:30
ERP-R-001197,2026-04-10,East,Home,16906.89,19273.85,2026-04-11T02:00:00+05:30
ERP-R-001198,2026-04-10,West,Apparel,32794.18,37385.36,2026-04-11T02:00:00+05:30
ERP-R-001199,2026-04-10,West,Electronics,62265.4,70982.56,2026-04-11T02:00:00+05:30
ERP-R-001200,2026-04-10,West,Home,23091.51,26324.32,2026-04-11T02:00:00+05:30
ERP-R-001201,2026-04-11,North,Apparel,52626.8,59994.56,2026-04-12T02:00:00+05:30
ERP-R-001202,2026-04-11,North,Electronics,99203.24,113091.7,2026-04-12T02:00:00+05:30
ERP-R-001203,2026-04-11,North,Home,32151.41,36652.61,2026-04-12T02:00:00+05:30
ERP-R-001204,2026-04-11,South,Apparel,41875.67,47738.26,2026-04-12T02:00:00+05:30
ERP-R-001205,2026-04-11,South,Electronics,82405.37,93942.12,2026-04-12T02:00:00+05:30
ERP-R-001206,2026-04-11,South,Home,30367.2,34618.61,2026-04-12T02:00:00+05:30
ERP-R-001207,2026-04-11,East,Apparel,30405.5,34662.27,2026-04-12T02:00:00+05:30
ERP-R-001208,2026-04-11,East,Electronics,55375.08,63127.59,2026-04-12T02:00:00+05:30
ERP-R-001209,2026-04-11,East,Home,20804.92,23717.61,2026-04-12T02:00:00+05:30
ERP-R-001210,2026-04-11,West,Apparel,38766.37,44193.67,2026-04-12T02:00:00+05:30
ERP-R-001211,2026-04-11,West,Electronics,80808.27,92121.43,2026-04-12T02:00:00+05:30
ERP-R-001212,2026-04-11,West,Home,25643.43,29233.51,2026-04-12T02:00:00+05:30
ERP-R-001213,2026-04-12,North,Apparel,48936.09,55787.15,2026-04-13T02:00:00+05:30
ERP-R-001214,2026-04-12,North,Electronics,100841.1,114958.85,2026-04-13T02:00:00+05:30
ERP-R-001215,2026-04-12,North,Home,34325.78,39131.39,2026-04-13T02:00:00+05:30
ERP-R-001216,2026-04-12,South,Apparel,42361.13,48291.69,2026-04-13T02:00:00+05:30
ERP-R-001217,2026-04-12,South,Electronics,81117.81,92474.3,2026-04-13T02:00:00+05:30
ERP-R-001218,2026-04-12,South,Home,31202.52,35570.87,2026-04-13T02:00:00+05:30
ERP-R-001219,2026-04-12,East,Apparel,30359.89,34610.28,2026-04-13T02:00:00+05:30
ERP-R-001220,2026-04-12,East,Electronics,55892.4,63717.33,2026-04-13T02:00:00+05:30
ERP-R-001221,2026-04-12,East,Home,21852.41,24911.75,2026-04-13T02:00:00+05:30
ERP-R-001222,2026-04-12,West,Apparel,37106.15,42301.01,2026-04-13T02:00:00+05:30
ERP-R-001223,2026-04-12,West,Electronics,79375.99,90488.63,2026-04-13T02:00:00+05:30
ERP-R-001224,2026-04-12,West,Home,27032.59,30817.16,2026-04-13T02:00:00+05:30
ERP-R-001225,2026-04-13,North,Apparel,43525.16,49618.68,2026-04-14T02:00:00+05:30
ERP-R-001226,2026-04-13,North,Electronics,87152.35,99353.68,2026-04-14T02:00:00+05:30
ERP-R-001227,2026-04-13,North,Home,28941.87,32993.73,2026-04-14T02:00:00+05:30
ERP-R-001228,2026-04-13,South,Apparel,36251.41,41326.6,2026-04-14T02:00:00+05:30
ERP-R-001229,2026-04-13,South,Electronics,64610.43,73655.89,2026-04-14T02:00:00+05:30
ERP-R-001230,2026-04-13,South,Home,25978.91,29615.95,2026-04-14T02:00:00+05:30
ERP-R-001231,2026-04-13,East,Apparel,25166.34,28689.63,2026-04-14T02:00:00+05:30
ERP-R-001232,2026-04-13,East,Electronics,47153.5,53754.99,2026-04-14T02:00:00+05:30
ERP-R-001233,2026-04-13,East,Home,18491.37,21080.16,2026-04-14T02:00:00+05:30
ERP-R-001234,2026-04-13,West,Apparel,33453.96,38137.51,2026-04-14T02:00:00+05:30
ERP-R-001235,2026-04-13,West,Electronics,63046.27,71872.75,2026-04-14T02:00:00+05:30
ERP-R-001236,2026-04-13,West,Home,21341.74,24329.59,2026-04-14T02:00:00+05:30
ERP-R-001237,2026-04-14,North,Apparel,52885.41,60289.37,2026-04-15T02:00:00+05:30
ERP-R-001238,2026-04-14,North,Electronics,104038.98,118604.44,2026-04-15T02:00:00+05:30
ERP-R-001239,2026-04-14,North,Home,36268.3,41345.87,2026-04-15T02:00:00+05:30
ERP-R-001240,2026-04-14,South,Apparel,43089.61,49122.16,2026-04-15T02:00:00+05:30
ERP-R-001241,2026-04-14,South,Electronics,89776.6,102345.32,2026-04-15T02:00:00+05:30
ERP-R-001242,2026-04-14,South,Home,31473.3,35879.56,2026-04-15T02:00:00+05:30
ERP-R-001243,2026-04-14,East,Apparel,28937.2,32988.4,2026-04-15T02:00:00+05:30
ERP-R-001244,2026-04-14,East,Electronics,57154.51,65156.14,2026-04-15T02:00:00+05:30
ERP-R-001245,2026-04-14,East,Home,21707.42,24746.46,2026-04-15T02:00:00+05:30
ERP-R-001246,2026-04-14,West,Apparel,42314.93,48239.02,2026-04-15T02:00:00+05:30
ERP-R-001247,2026-04-14,West,Electronics,77219.68,88030.43,2026-04-15T02:00:00+05:30
ERP-R-001248,2026-04-14,West,Home,27850.66,31749.76,2026-04-15T02:00:00+05:30
ERP-R-001249,2026-04-15,North,Apparel,43658.11,49770.24,2026-04-16T02:00:00+05:30
ERP-R-001250,2026-04-15,North,Electronics,81451.83,92855.09,2026-04-16T02:00:00+05:30
ERP-R-001251,2026-04-15,North,Home,28342.61,32310.57,2026-04-16T02:00:00+05:30
ERP-R-001252,2026-04-15,South,Apparel,35112.82,40028.62,2026-04-16T02:00:00+05:30
ERP-R-001253,2026-04-15,South,Electronics,68996.13,78655.59,2026-04-16T02:00:00+05:30
ERP-R-001254,2026-04-15,South,Home,24418.68,27837.3,2026-04-16T02:00:00+05:30
ERP-R-001255,2026-04-15,East,Apparel,25894.38,29519.59,2026-04-16T02:00:00+05:30
ERP-R-001256,2026-04-15,East,Electronics,45463.94,51828.89,2026-04-16T02:00:00+05:30
ERP-R-001257,2026-04-15,East,Home,16165.79,18429.0,2026-04-16T02:00:00+05:30
ERP-R-001258,2026-04-15,West,Apparel,33120.44,37757.3,2026-04-16T02:00:00+05:30
ERP-R-001259,2026-04-15,West,Electronics,65942.03,75173.92,2026-04-16T02:00:00+05:30
ERP-R-001260,2026-04-15,West,Home,22155.76,25257.56,2026-04-16T02:00:00+05:30
ERP-R-001261,2026-04-16,North,Apparel,41874.74,47737.2,2026-04-17T02:00:00+05:30
ERP-R-001262,2026-04-16,North,Electronics,81618.68,93045.3,2026-04-17T02:00:00+05:30
ERP-R-001263,2026-04-16,North,Home,27963.2,31878.05,2026-04-17T02:00:00+05:30
ERP-R-001264,2026-04-16,South,Apparel,36749.91,41894.9,2026-04-17T02:00:00+05:30
ERP-R-001265,2026-04-16,South,Electronics,67383.88,76817.62,2026-04-17T02:00:00+05:30
ERP-R-001266,2026-04-16,South,Home,25174.44,28698.86,2026-04-17T02:00:00+05:30
ERP-R-001267,2026-04-16,East,Apparel,24062.0,27430.68,2026-04-17T02:00:00+05:30
ERP-R-001268,2026-04-16,East,Electronics,45878.97,52302.03,2026-04-17T02:00:00+05:30
ERP-R-001269,2026-04-16,East,Home,17535.9,19990.93,2026-04-17T02:00:00+05:30
ERP-R-001270,2026-04-16,West,Apparel,31348.05,35736.77,2026-04-17T02:00:00+05:30
ERP-R-001271,2026-04-16,West,Electronics,63517.06,72409.45,2026-04-17T02:00:00+05:30
ERP-R-001272,2026-04-16,West,Home,22975.32,26191.87,2026-04-17T02:00:00+05:30
ERP-R-001273,2026-04-17,North,Apparel,44492.8,50721.79,2026-04-18T02:00:00+05:30
ERP-R-001274,2026-04-17,North,Electronics,86618.13,98744.67,2026-04-18T02:00:00+05:30
ERP-R-001275,2026-04-17,North,Home,27731.63,31614.06,2026-04-18T02:00:00+05:30
ERP-R-001276,2026-04-17,South,Apparel,33416.9,38095.26,2026-04-18T02:00:00+05:30
ERP-R-001277,2026-04-17,South,Electronics,66345.24,75633.57,2026-04-18T02:00:00+05:30
ERP-R-001278,2026-04-17,South,Home,26194.65,29861.9,2026-04-18T02:00:00+05:30
ERP-R-001279,2026-04-17,East,Apparel,24556.66,27994.59,2026-04-18T02:00:00+05:30
ERP-R-001280,2026-04-17,East,Electronics,45297.13,51638.73,2026-04-18T02:00:00+05:30
ERP-R-001281,2026-04-17,East,Home,17334.95,19761.85,2026-04-18T02:00:00+05:30
ERP-R-001282,2026-04-17,West,Apparel,35597.84,40581.53,2026-04-18T02:00:00+05:30
ERP-R-001283,2026-04-17,West,Electronics,69073.29,78743.55,2026-04-18T02:00:00+05:30
ERP-R-001284,2026-04-17,West,Home,23624.09,26931.47,2026-04-18T02:00:00+05:30
ERP-R-001285,2026-04-18,North,Apparel,51851.7,59110.93,2026-04-19T02:00:00+05:30
ERP-R-001286,2026-04-18,North,Electronics,102121.7,116418.74,2026-04-19T02:00:00+05:30
ERP-R-001287,2026-04-18,North,Home,32644.1,37214.27,2026-04-19T02:00:00+05:30
ERP-R-001288,2026-04-18,South,Apparel,42607.97,48573.09,2026-04-19T02:00:00+05:30
ERP-R-001289,2026-04-18,South,Electronics,76591.06,87313.81,2026-04-19T02:00:00+05:30
ERP-R-001290,2026-04-18,South,Home,29763.14,33929.98,2026-04-19T02:00:00+05:30
ERP-R-001291,2026-04-18,East,Apparel,29053.82,33121.35,2026-04-19T02:00:00+05:30
ERP-R-001292,2026-04-18,East,Electronics,59650.3,68001.34,2026-04-19T02:00:00+05:30
ERP-R-001293,2026-04-18,East,Home,21241.02,24214.77,2026-04-19T02:00:00+05:30
ERP-R-001294,2026-04-18,West,Apparel,36349.15,41438.03,2026-04-19T02:00:00+05:30
ERP-R-001295,2026-04-18,West,Electronics,70348.94,80197.79,2026-04-19T02:00:00+05:30
ERP-R-001296,2026-04-18,West,Home,25373.68,28925.99,2026-04-19T02:00:00+05:30
ERP-R-001297,2026-04-19,North,Apparel,48453.39,55236.86,2026-04-20T02:00:00+05:30
ERP-R-001298,2026-04-19,North,Electronics,100305.13,114347.85,2026-04-20T02:00:00+05:30
ERP-R-001299,2026-04-19,North,Home,34141.89,38921.75,2026-04-20T02:00:00+05:30
ERP-R-001300,2026-04-19,South,Apparel,41625.32,47452.87,2026-04-20T02:00:00+05:30
ERP-R-001301,2026-04-19,South,Electronics,82004.54,93485.18,2026-04-20T02:00:00+05:30
ERP-R-001302,2026-04-19,South,Home,30206.34,34435.23,2026-04-20T02:00:00+05:30
ERP-R-001303,2026-04-19,East,Apparel,29796.54,33968.05,2026-04-20T02:00:00+05:30
ERP-R-001304,2026-04-19,East,Electronics,52483.01,59830.63,2026-04-20T02:00:00+05:30
ERP-R-001305,2026-04-19,East,Home,20336.23,23183.3,2026-04-20T02:00:00+05:30
ERP-R-001306,2026-04-19,West,Apparel,38674.25,44088.64,2026-04-20T02:00:00+05:30
ERP-R-001307,2026-04-19,West,Electronics,73326.22,83591.89,2026-04-20T02:00:00+05:30
ERP-R-001308,2026-04-19,West,Home,26643.13,30373.16,2026-04-20T02:00:00+05:30
ERP-R-001309,2026-04-20,North,Apparel,46341.45,52829.26,2026-04-21T02:00:00+05:30
ERP-R-001310,2026-04-20,North,Electronics,83589.29,95291.8,2026-04-21T02:00:00+05:30
ERP-R-001311,2026-04-20,North,Home,27983.5,31901.19,2026-04-21T02:00:00+05:30
ERP-R-001312,2026-04-20,South,Apparel,35613.67,40599.59,2026-04-21T02:00:00+05:30
ERP-R-001313,2026-04-20,South,Electronics,70454.22,80317.81,2026-04-21T02:00:00+05:30
ERP-R-001314,2026-04-20,South,Home,24484.44,27912.26,2026-04-21T02:00:00+05:30
ERP-R-001315,2026-04-20,East,Apparel,26342.88,30030.88,2026-04-21T02:00:00+05:30
ERP-R-001316,2026-04-20,East,Electronics,46639.85,53169.43,2026-04-21T02:00:00+05:30
ERP-R-001317,2026-04-20,East,Home,16226.42,18498.12,2026-04-21T02:00:00+05:30
ERP-R-001318,2026-04-20,West,Apparel,30995.04,35334.34,2026-04-21T02:00:00+05:30
ERP-R-001319,2026-04-20,West,Electronics,63183.15,72028.79,2026-04-21T02:00:00+05:30
ERP-R-001320,2026-04-20,West,Home,21409.76,24407.13,2026-04-21T02:00:00+05:30
ERP-R-001321,2026-04-21,North,Apparel,45056.85,51364.8,2026-04-22T02:00:00+05:30
ERP-R-001322,2026-04-21,North,Electronics,86683.05,98818.68,2026-04-22T02:00:00+05:30
ERP-R-001323,2026-04-21,North,Home,29387.83,33502.13,2026-04-22T02:00:00+05:30
ERP-R-001324,2026-04-21,South,Apparel,37093.36,42286.43,2026-04-22T02:00:00+05:30
ERP-R-001325,2026-04-21,South,Electronics,68246.44,77800.94,2026-04-22T02:00:00+05:30
ERP-R-001326,2026-04-21,South,Home,25801.81,29414.07,2026-04-22T02:00:00+05:30
ERP-R-001327,2026-04-21,East,Apparel,25419.0,28977.66,2026-04-22T02:00:00+05:30
ERP-R-001328,2026-04-21,East,Electronics,46549.23,53066.13,2026-04-22T02:00:00+05:30
ERP-R-001329,2026-04-21,East,Home,18112.42,20648.16,2026-04-22T02:00:00+05:30
ERP-R-001330,2026-04-21,West,Apparel,32586.21,37148.28,2026-04-22T02:00:00+05:30
ERP-R-001331,2026-04-21,West,Electronics,64528.48,73562.46,2026-04-22T02:00:00+05:30
ERP-R-001332,2026-04-21,West,Home,23506.64,26797.57,2026-04-22T02:00:00+05:30
ERP-R-001333,2026-04-22,North,Apparel,42458.14,48402.28,2026-04-23T02:00:00+05:30
ERP-R-001334,2026-04-22,North,Electronics,81568.81,92988.45,2026-04-23T02:00:00+05:30
ERP-R-001335,2026-04-22,North,Home,27575.67,31436.26,2026-04-23T02:00:00+05:30
ERP-R-001336,2026-04-22,South,Apparel,35854.37,40873.98,2026-04-23T02:00:00+05:30
ERP-R-001337,2026-04-22,South,Electronics,72582.97,82744.58,2026-04-23T02:00:00+05:30
ERP-R-001338,2026-04-22,South,Home,25720.76,29321.67,2026-04-23T02:00:00+05:30
ERP-R-001339,2026-04-22,East,Apparel,25691.82,29288.67,2026-04-23T02:00:00+05:30
ERP-R-001340,2026-04-22,East,Electronics,46544.06,53060.23,2026-04-23T02:00:00+05:30
ERP-R-001341,2026-04-22,East,Home,17929.68,20439.84,2026-04-23T02:00:00+05:30
ERP-R-001342,2026-04-22,West,Apparel,30826.38,35142.07,2026-04-23T02:00:00+05:30
ERP-R-001343,2026-04-22,West,Electronics,63057.48,71885.53,2026-04-23T02:00:00+05:30
ERP-R-001344,2026-04-22,West,Home,22251.1,25366.26,2026-04-23T02:00:00+05:30
ERP-R-001345,2026-04-23,North,Apparel,42318.33,48242.89,2026-04-24T02:00:00+05:30
ERP-R-001346,2026-04-23,North,Electronics,86865.91,99027.14,2026-04-24T02:00:00+05:30
ERP-R-001347,2026-04-23,North,Home,29700.58,33858.66,2026-04-24T02:00:00+05:30
ERP-R-001348,2026-04-23,South,Apparel,37761.1,43047.65,2026-04-24T02:00:00+05:30
ERP-R-001349,2026-04-23,South,Electronics,66815.91,76170.14,2026-04-24T02:00:00+05:30
ERP-R-001350,2026-04-23,South,Home,26099.18,29753.06,2026-04-24T02:00:00+05:30
ERP-R-001351,2026-04-23,East,Apparel,25236.05,28769.1,2026-04-24T02:00:00+05:30
ERP-R-001352,2026-04-23,East,Electronics,46847.95,53406.67,2026-04-24T02:00:00+05:30
ERP-R-001353,2026-04-23,East,Home,14915.97,17004.21,2026-04-24T02:00:00+05:30
ERP-R-001354,2026-04-23,West,Apparel,35209.87,40139.25,2026-04-24T02:00:00+05:30
ERP-R-001355,2026-04-23,West,Electronics,63662.65,72575.43,2026-04-24T02:00:00+05:30
ERP-R-001356,2026-04-23,West,Home,22911.05,26118.59,2026-04-24T02:00:00+05:30
ERP-R-001357,2026-04-24,North,Apparel,40437.5,46098.75,2026-04-25T02:00:00+05:30
ERP-R-001358,2026-04-24,North,Electronics,80558.69,91836.9,2026-04-25T02:00:00+05:30
ERP-R-001359,2026-04-24,North,Home,27828.13,31724.07,2026-04-25T02:00:00+05:30
ERP-R-001360,2026-04-24,South,Apparel,37573.41,42833.69,2026-04-25T02:00:00+05:30
ERP-R-001361,2026-04-24,South,Electronics,73661.72,83974.36,2026-04-25T02:00:00+05:30
ERP-R-001362,2026-04-24,South,Home,24484.61,27912.45,2026-04-25T02:00:00+05:30
ERP-R-001363,2026-04-24,East,Apparel,25771.72,29379.76,2026-04-25T02:00:00+05:30
ERP-R-001364,2026-04-24,East,Electronics,48359.88,55130.26,2026-04-25T02:00:00+05:30
ERP-R-001365,2026-04-24,East,Home,16681.75,19017.2,2026-04-25T02:00:00+05:30
ERP-R-001366,2026-04-24,West,Apparel,32540.95,37096.68,2026-04-25T02:00:00+05:30
ERP-R-001367,2026-04-24,West,Electronics,65613.86,74799.8,2026-04-25T02:00:00+05:30
ERP-R-001368,2026-04-24,West,Home,22728.12,25910.05,2026-04-25T02:00:00+05:30
ERP-R-001369,2026-04-25,North,Apparel,52155.22,59456.96,2026-04-26T02:00:00+05:30
ERP-R-001370,2026-04-25,North,Electronics,98074.32,111804.72,2026-04-26T02:00:00+05:30
ERP-R-001371,2026-04-25,North,Home,34765.61,39632.79,2026-04-26T02:00:00+05:30
ERP-R-001372,2026-04-25,South,Apparel,45340.88,51688.61,2026-04-26T02:00:00+05:30
ERP-R-001373,2026-04-25,South,Electronics,87292.76,99513.75,2026-04-26T02:00:00+05:30
ERP-R-001374,2026-04-25,South,Home,28953.94,33007.5,2026-04-26T02:00:00+05:30
ERP-R-001375,2026-04-25,East,Apparel,29021.6,33084.63,2026-04-26T02:00:00+05:30
ERP-R-001376,2026-04-25,East,Electronics,53861.03,61401.58,2026-04-26T02:00:00+05:30
ERP-R-001377,2026-04-25,East,Home,21246.37,24220.87,2026-04-26T02:00:00+05:30
ERP-R-001378,2026-04-25,West,Apparel,35436.82,40397.97,2026-04-26T02:00:00+05:30
ERP-R-001379,2026-04-25,West,Electronics,76393.84,87088.98,2026-04-26T02:00:00+05:30
ERP-R-001380,2026-04-25,West,Home,25763.03,29369.86,2026-04-26T02:00:00+05:30
ERP-R-001381,2026-04-26,North,Apparel,54401.06,62017.21,2026-04-27T02:00:00+05:30
ERP-R-001382,2026-04-26,North,Electronics,98342.22,112110.13,2026-04-27T02:00:00+05:30
ERP-R-001383,2026-04-26,North,Home,32540.45,37096.11,2026-04-27T02:00:00+05:30
ERP-R-001384,2026-04-26,South,Apparel,45878.85,52301.88,2026-04-27T02:00:00+05:30
ERP-R-001385,2026-04-26,South,Electronics,85076.19,96986.86,2026-04-27T02:00:00+05:30
ERP-R-001386,2026-04-26,South,Home,29178.64,33263.65,2026-04-27T02:00:00+05:30
ERP-R-001387,2026-04-26,East,Apparel,28545.47,32541.84,2026-04-27T02:00:00+05:30
ERP-R-001388,2026-04-26,East,Electronics,55835.85,63652.87,2026-04-27T02:00:00+05:30
ERP-R-001389,2026-04-26,East,Home,21021.92,23964.99,2026-04-27T02:00:00+05:30
ERP-R-001390,2026-04-26,West,Apparel,37859.45,43159.78,2026-04-27T02:00:00+05:30
ERP-R-001391,2026-04-26,West,Electronics,75433.0,85993.62,2026-04-27T02:00:00+05:30
ERP-R-001392,2026-04-26,West,Home,25447.8,29010.49,2026-04-27T02:00:00+05:30
ERP-R-001393,2026-04-27,North,Apparel,42464.26,48409.26,2026-04-28T02:00:00+05:30
ERP-R-001394,2026-04-27,North,Electronics,86852.45,99011.8,2026-04-28T02:00:00+05:30
ERP-R-001395,2026-04-27,North,Home,28319.93,32284.72,2026-04-28T02:00:00+05:30
ERP-R-001396,2026-04-27,South,Apparel,37103.06,42297.49,2026-04-28T02:00:00+05:30
ERP-R-001397,2026-04-27,South,Electronics,70231.15,80063.52,2026-04-28T02:00:00+05:30
ERP-R-001398,2026-04-27,South,Home,26197.76,29865.45,2026-04-28T02:00:00+05:30
ERP-R-001399,2026-04-27,East,Apparel,24100.97,27475.11,2026-04-28T02:00:00+05:30
ERP-R-001400,2026-04-27,East,Electronics,45832.08,52248.57,2026-04-28T02:00:00+05:30
ERP-R-001401,2026-04-27,East,Home,16915.1,19283.21,2026-04-28T02:00:00+05:30
ERP-R-001402,2026-04-27,West,Apparel,33381.95,38055.42,2026-04-28T02:00:00+05:30
ERP-R-001403,2026-04-27,West,Electronics,71038.62,80984.03,2026-04-28T02:00:00+05:30
ERP-R-001404,2026-04-27,West,Home,21788.15,24838.49,2026-04-28T02:00:00+05:30
ERP-R-001405,2026-04-28,North,Apparel,42797.99,48789.71,2026-04-29T02:00:00+05:30
ERP-R-001406,2026-04-28,North,Electronics,90145.67,102766.07,2026-04-29T02:00:00+05:30
ERP-R-001407,2026-04-28,North,Home,28469.87,32455.66,2026-04-29T02:00:00+05:30
ERP-R-001408,2026-04-28,South,Apparel,34848.56,39727.36,2026-04-29T02:00:00+05:30
ERP-R-001409,2026-04-28,South,Electronics,66321.82,75606.88,2026-04-29T02:00:00+05:30
ERP-R-001410,2026-04-28,South,Home,25679.26,29274.36,2026-04-29T02:00:00+05:30
ERP-R-001411,2026-04-28,East,Apparel,24979.56,28476.7,2026-04-29T02:00:00+05:30
ERP-R-001412,2026-04-28,East,Electronics,47781.95,54471.43,2026-04-29T02:00:00+05:30
ERP-R-001413,2026-04-28,East,Home,17768.95,20256.6,2026-04-29T02:00:00+05:30
ERP-R-001414,2026-04-28,West,Apparel,31769.12,36216.8,2026-04-29T02:00:00+05:30
ERP-R-001415,2026-04-28,West,Electronics,62654.9,71426.58,2026-04-29T02:00:00+05:30
ERP-R-001416,2026-04-28,West,Home,21905.99,24972.82,2026-04-29T02:00:00+05:30
ERP-R-001417,2026-04-29,North,Apparel,43233.43,49286.11,2026-04-30T02:00:00+05:30
ERP-R-001418,2026-04-29,North,Electronics,88589.25,100991.74,2026-04-30T02:00:00+05:30
ERP-R-001419,2026-04-29,North,Home,27685.18,31561.11,2026-04-30T02:00:00+05:30
ERP-R-001420,2026-04-29,South,Apparel,34367.71,39179.19,2026-04-30T02:00:00+05:30
ERP-R-001421,2026-04-29,South,Electronics,74115.36,84491.51,2026-04-30T02:00:00+05:30
ERP-R-001422,2026-04-29,South,Home,24154.87,27536.56,2026-04-30T02:00:00+05:30
ERP-R-001423,2026-04-29,East,Apparel,26499.59,30209.53,2026-04-30T02:00:00+05:30
ERP-R-001424,2026-04-29,East,Electronics,49442.83,56364.83,2026-04-30T02:00:00+05:30
ERP-R-001425,2026-04-29,East,Home,18540.97,21136.71,2026-04-30T02:00:00+05:30
ERP-R-001426,2026-04-29,West,Apparel,32555.38,37113.13,2026-04-30T02:00:00+05:30
ERP-R-001427,2026-04-29,West,Electronics,63261.28,72117.86,2026-04-30T02:00:00+05:30
ERP-R-001428,2026-04-29,West,Home,22072.18,25162.29,2026-04-30T02:00:00+05:30
ERP-R-001429,2026-04-30,North,Apparel,44081.42,50252.82,2026-05-01T02:00:00+05:30
ERP-R-001430,2026-04-30,North,Electronics,80262.66,91499.43,2026-05-01T02:00:00+05:30
ERP-R-001431,2026-04-30,North,Home,29084.07,33155.84,2026-05-01T02:00:00+05:30
ERP-R-001432,2026-04-30,South,Apparel,35827.36,40843.19,2026-05-01T02:00:00+05:30
ERP-R-001433,2026-04-30,South,Electronics,68188.59,77734.99,2026-05-01T02:00:00+05:30
ERP-R-001434,2026-04-30,South,Home,24928.13,28418.07,2026-05-01T02:00:00+05:30
ERP-R-001435,2026-04-30,East,Apparel,25236.38,28769.47,2026-05-01T02:00:00+05:30
ERP-R-001436,2026-04-30,East,Electronics,49111.64,55987.27,2026-05-01T02:00:00+05:30
ERP-R-001437,2026-04-30,East,Home,16182.34,18447.87,2026-05-01T02:00:00+05:30
ERP-R-001438,2026-04-30,West,Apparel,33253.12,37908.55,2026-05-01T02:00:00+05:30
ERP-R-001439,2026-04-30,West,Electronics,61077.28,69628.09,2026-05-01T02:00:00+05:30
ERP-R-001440,2026-04-30,West,Home,22302.82,25425.22,2026-05-01T02:00:00+05:30
ERP-R-001441,2026-05-01,North,Apparel,51478.3,58685.27,2026-05-02T02:00:00+05:30
ERP-R-001442,2026-05-01,North,Electronics,102538.18,116893.52,2026-05-02T02:00:00+05:30
ERP-R-001443,2026-05-01,North,Home,35960.83,40995.35,2026-05-02T02:00:00+05:30
ERP-R-001444,2026-05-01,South,Apparel,43337.05,49404.23,2026-05-02T02:00:00+05:30
ERP-R-001445,2026-05-01,South,Electronics,84504.74,96335.4,2026-05-02T02:00:00+05:30
ERP-R-001446,2026-05-01,South,Home,33711.13,38430.69,2026-05-02T02:00:00+05:30
ERP-R-001447,2026-05-01,East,Apparel,29149.83,33230.81,2026-05-02T02:00:00+05:30
ERP-R-001448,2026-05-01,East,Electronics,59213.36,67503.23,2026-05-02T02:00:00+05:30
ERP-R-001449,2026-05-01,East,Home,21236.04,24209.09,2026-05-02T02:00:00+05:30
ERP-R-001450,2026-05-01,West,Apparel,39770.31,45338.16,2026-05-02T02:00:00+05:30
ERP-R-001451,2026-05-01,West,Electronics,77892.72,88797.7,2026-05-02T02:00:00+05:30
ERP-R-001452,2026-05-01,West,Home,28481.25,32468.62,2026-05-02T02:00:00+05:30
ERP-R-001453,2026-05-02,North,Apparel,50645.85,57736.27,2026-05-03T02:00:00+05:30
ERP-R-001454,2026-05-02,North,Electronics,95098.77,108412.6,2026-05-03T02:00:00+05:30
ERP-R-001455,2026-05-02,North,Home,32684.15,37259.93,2026-05-03T02:00:00+05:30
ERP-R-001456,2026-05-02,South,Apparel,41887.16,47751.36,2026-05-03T02:00:00+05:30
ERP-R-001457,2026-05-02,South,Electronics,82027.17,93510.98,2026-05-03T02:00:00+05:30
ERP-R-001458,2026-05-02,South,Home,29087.91,33160.22,2026-05-03T02:00:00+05:30
ERP-R-001459,2026-05-02,East,Apparel,28972.07,33028.15,2026-05-03T02:00:00+05:30
ERP-R-001460,2026-05-02,East,Electronics,54818.83,62493.46,2026-05-03T02:00:00+05:30
ERP-R-001461,2026-05-02,East,Home,19816.3,22590.58,2026-05-03T02:00:00+05:30
ERP-R-001462,2026-05-02,West,Apparel,40717.88,46418.38,2026-05-03T02:00:00+05:30
ERP-R-001463,2026-05-02,West,Electronics,81257.49,92633.54,2026-05-03T02:00:00+05:30
ERP-R-001464,2026-05-02,West,Home,25453.21,29016.66,2026-05-03T02:00:00+05:30
ERP-R-001465,2026-05-03,North,Apparel,51299.05,58480.92,2026-05-04T02:00:00+05:30
ERP-R-001466,2026-05-03,North,Electronics,103211.06,117660.61,2026-05-04T02:00:00+05:30
ERP-R-001467,2026-05-03,North,Home,32173.32,36677.58,2026-05-04T02:00:00+05:30
ERP-R-001468,2026-05-03,South,Apparel,44276.21,50474.88,2026-05-04T02:00:00+05:30
ERP-R-001469,2026-05-03,South,Electronics,76835.05,87591.96,2026-05-04T02:00:00+05:30
ERP-R-001470,2026-05-03,South,Home,26911.74,30679.39,2026-05-04T02:00:00+05:30
ERP-R-001471,2026-05-03,East,Apparel,28108.1,32043.23,2026-05-04T02:00:00+05:30
ERP-R-001472,2026-05-03,East,Electronics,60304.4,68747.02,2026-05-04T02:00:00+05:30
ERP-R-001473,2026-05-03,East,Home,21431.18,24431.55,2026-05-04T02:00:00+05:30
ERP-R-001474,2026-05-03,West,Apparel,39398.66,44914.47,2026-05-04T02:00:00+05:30
ERP-R-001475,2026-05-03,West,Electronics,79135.47,90214.43,2026-05-04T02:00:00+05:30
ERP-R-001476,2026-05-03,West,Home,25206.93,28735.89,2026-05-04T02:00:00+05:30
ERP-R-001477,2026-05-04,North,Apparel,39046.35,44512.83,2026-05-05T02:00:00+05:30
ERP-R-001478,2026-05-04,North,Electronics,79755.05,90920.76,2026-05-05T02:00:00+05:30
ERP-R-001479,2026-05-04,North,Home,28046.04,31972.48,2026-05-05T02:00:00+05:30
ERP-R-001480,2026-05-04,South,Apparel,37225.76,42437.36,2026-05-05T02:00:00+05:30
ERP-R-001481,2026-05-04,South,Electronics,68002.06,77522.35,2026-05-05T02:00:00+05:30
ERP-R-001482,2026-05-04,South,Home,26708.49,30447.68,2026-05-05T02:00:00+05:30
ERP-R-001483,2026-05-04,East,Apparel,24142.82,27522.82,2026-05-05T02:00:00+05:30
ERP-R-001484,2026-05-04,East,Electronics,48212.09,54961.78,2026-05-05T02:00:00+05:30
ERP-R-001485,2026-05-04,East,Home,19046.66,21713.19,2026-05-05T02:00:00+05:30
ERP-R-001486,2026-05-04,West,Apparel,32251.24,36766.41,2026-05-05T02:00:00+05:30
ERP-R-001487,2026-05-04,West,Electronics,68118.09,77654.62,2026-05-05T02:00:00+05:30
ERP-R-001488,2026-05-04,West,Home,22408.53,25545.73,2026-05-05T02:00:00+05:30
ERP-R-001489,2026-05-05,North,Apparel,46934.13,53504.91,2026-05-06T02:00:00+05:30
ERP-R-001490,2026-05-05,North,Electronics,84006.48,95767.39,2026-05-06T02:00:00+05:30
ERP-R-001491,2026-05-05,North,Home,26925.15,30694.67,2026-05-06T02:00:00+05:30
ERP-R-001492,2026-05-05,South,Apparel,35310.08,40253.49,2026-05-06T02:00:00+05:30
ERP-R-001493,2026-05-05,South,Electronics,67406.27,76843.15,2026-05-06T02:00:00+05:30
ERP-R-001494,2026-05-05,South,Home,23947.81,27300.5,2026-05-06T02:00:00+05:30
ERP-R-001495,2026-05-05,East,Apparel,23600.91,26905.04,2026-05-06T02:00:00+05:30
ERP-R-001496,2026-05-05,East,Electronics,50875.7,57998.3,2026-05-06T02:00:00+05:30
ERP-R-001497,2026-05-05,East,Home,17040.88,19426.6,2026-05-06T02:00:00+05:30
ERP-R-001498,2026-05-05,West,Apparel,30844.69,35162.95,2026-05-06T02:00:00+05:30
ERP-R-001499,2026-05-05,West,Electronics,65676.89,74871.66,2026-05-06T02:00:00+05:30
ERP-R-001500,2026-05-05,West,Home,23238.04,26491.37,2026-05-06T02:00:00+05:30
ERP-R-001501,2026-05-06,North,Apparel,42431.61,48372.03,2026-05-07T02:00:00+05:30
ERP-R-001502,2026-05-06,North,Electronics,82093.7,93586.82,2026-05-07T02:00:00+05:30
ERP-R-001503,2026-05-06,North,Home,30290.79,34531.5,2026-05-07T02:00:00+05:30
ERP-R-001504,2026-05-06,South,Apparel,36380.75,41474.05,2026-05-07T02:00:00+05:30
ERP-R-001505,2026-05-06,South,Electronics,71281.14,81260.5,2026-05-07T02:00:00+05:30
ERP-R-001506,2026-05-06,South,Home,24851.32,28330.5,2026-05-07T02:00:00+05:30
ERP-R-001507,2026-05-06,East,Apparel,23753.75,27079.27,2026-05-07T02:00:00+05:30
ERP-R-001508,2026-05-06,East,Electronics,51010.97,58152.51,2026-05-07T02:00:00+05:30
ERP-R-001509,2026-05-06,East,Home,16499.87,18809.85,2026-05-07T02:00:00+05:30
ERP-R-001510,2026-05-06,West,Apparel,31888.3,36352.66,2026-05-07T02:00:00+05:30
ERP-R-001511,2026-05-06,West,Electronics,64489.92,73518.51,2026-05-07T02:00:00+05:30
ERP-R-001512,2026-05-06,West,Home,23373.16,26645.4,2026-05-07T02:00:00+05:30
ERP-R-001513,2026-05-07,North,Apparel,42690.1,48666.71,2026-05-08T02:00:00+05:30
ERP-R-001514,2026-05-07,North,Electronics,81661.17,93093.73,2026-05-08T02:00:00+05:30
ERP-R-001515,2026-05-07,North,Home,28258.01,32214.13,2026-05-08T02:00:00+05:30
ERP-R-001516,2026-05-07,South,Apparel,36046.21,41092.68,2026-05-08T02:00:00+05:30
ERP-R-001517,2026-05-07,South,Electronics,71786.3,81836.39,2026-05-08T02:00:00+05:30
ERP-R-001518,2026-05-07,South,Home,26553.03,30270.45,2026-05-08T02:00:00+05:30
ERP-R-001519,2026-05-07,East,Apparel,27028.8,30812.83,2026-05-08T02:00:00+05:30
ERP-R-001520,2026-05-07,East,Electronics,48153.61,54895.11,2026-05-08T02:00:00+05:30
ERP-R-001521,2026-05-07,East,Home,17643.6,20113.71,2026-05-08T02:00:00+05:30
ERP-R-001522,2026-05-07,West,Apparel,31709.62,36148.96,2026-05-08T02:00:00+05:30
ERP-R-001523,2026-05-07,West,Electronics,62861.83,71662.48,2026-05-08T02:00:00+05:30
ERP-R-001524,2026-05-07,West,Home,23088.03,26320.35,2026-05-08T02:00:00+05:30
ERP-R-001525,2026-05-08,North,Apparel,52731.96,60114.44,2026-05-09T02:00:00+05:30
ERP-R-001526,2026-05-08,North,Electronics,99447.81,113370.51,2026-05-09T02:00:00+05:30
ERP-R-001527,2026-05-08,North,Home,34042.93,38808.94,2026-05-09T02:00:00+05:30
ERP-R-001528,2026-05-08,South,Apparel,40976.62,46713.35,2026-05-09T02:00:00+05:30
ERP-R-001529,2026-05-08,South,Electronics,79519.89,90652.67,2026-05-09T02:00:00+05:30
ERP-R-001530,2026-05-08,South,Home,30105.58,34320.37,2026-05-09T02:00:00+05:30
ERP-R-001531,2026-05-08,East,Apparel,30801.25,35113.43,2026-05-09T02:00:00+05:30
ERP-R-001532,2026-05-08,East,Electronics,57196.18,65203.64,2026-05-09T02:00:00+05:30
ERP-R-001533,2026-05-08,East,Home,20555.54,23433.32,2026-05-09T02:00:00+05:30
ERP-R-001534,2026-05-08,West,Apparel,37735.68,43018.68,2026-05-09T02:00:00+05:30
ERP-R-001535,2026-05-08,West,Electronics,77892.91,88797.92,2026-05-09T02:00:00+05:30
ERP-R-001536,2026-05-08,West,Home,25586.17,29168.23,2026-05-09T02:00:00+05:30
ERP-R-001537,2026-05-09,North,Apparel,61622.91,70250.12,2026-05-10T02:00:00+05:30
ERP-R-001538,2026-05-09,North,Electronics,113511.97,129403.65,2026-05-10T02:00:00+05:30
ERP-R-001539,2026-05-09,North,Home,38536.94,43932.11,2026-05-10T02:00:00+05:30
ERP-R-001540,2026-05-09,South,Apparel,50498.8,57568.63,2026-05-10T02:00:00+05:30
ERP-R-001541,2026-05-09,South,Electronics,97070.91,110660.83,2026-05-10T02:00:00+05:30
ERP-R-001542,2026-05-09,South,Home,35725.62,40727.21,2026-05-10T02:00:00+05:30
ERP-R-001543,2026-05-09,East,Apparel,36247.21,41321.82,2026-05-10T02:00:00+05:30
ERP-R-001544,2026-05-09,East,Electronics,67634.3,77103.1,2026-05-10T02:00:00+05:30
ERP-R-001545,2026-05-09,East,Home,24517.77,27950.25,2026-05-10T02:00:00+05:30
ERP-R-001546,2026-05-09,West,Apparel,47218.63,53829.24,2026-05-10T02:00:00+05:30
ERP-R-001547,2026-05-09,West,Electronics,97359.62,110989.97,2026-05-10T02:00:00+05:30
ERP-R-001548,2026-05-09,West,Home,32511.66,37063.29,2026-05-10T02:00:00+05:30
ERP-R-001549,2026-05-10,North,Apparel,57893.87,65999.02,2026-05-11T02:00:00+05:30
ERP-R-001550,2026-05-10,North,Electronics,116989.22,133367.71,2026-05-11T02:00:00+05:30
ERP-R-001551,2026-05-10,North,Home,42488.22,48436.57,2026-05-11T02:00:00+05:30
ERP-R-001552,2026-05-10,South,Apparel,51885.21,59149.14,2026-05-11T02:00:00+05:30
ERP-R-001553,2026-05-10,South,Electronics,91549.04,104365.91,2026-05-11T02:00:00+05:30
ERP-R-001554,2026-05-10,South,Home,34611.6,39457.23,2026-05-11T02:00:00+05:30
ERP-R-001555,2026-05-10,East,Apparel,32776.78,37365.53,2026-05-11T02:00:00+05:30
ERP-R-001556,2026-05-10,East,Electronics,70185.61,80011.59,2026-05-11T02:00:00+05:30
ERP-R-001557,2026-05-10,East,Home,25564.59,29143.63,2026-05-11T02:00:00+05:30
ERP-R-001558,2026-05-10,West,Apparel,47169.98,53773.77,2026-05-11T02:00:00+05:30
ERP-R-001559,2026-05-10,West,Electronics,97112.71,110708.49,2026-05-11T02:00:00+05:30
ERP-R-001560,2026-05-10,West,Home,31051.62,35398.85,2026-05-11T02:00:00+05:30
ERP-R-001561,2026-05-11,North,Apparel,51530.19,58744.42,2026-05-12T02:00:00+05:30
ERP-R-001562,2026-05-11,North,Electronics,98313.41,112077.29,2026-05-12T02:00:00+05:30
ERP-R-001563,2026-05-11,North,Home,32362.42,36893.16,2026-05-12T02:00:00+05:30
ERP-R-001564,2026-05-11,South,Apparel,42553.23,48510.68,2026-05-12T02:00:00+05:30
ERP-R-001565,2026-05-11,South,Electronics,83672.16,95386.27,2026-05-12T02:00:00+05:30
ERP-R-001566,2026-05-11,South,Home,28546.06,32542.51,2026-05-12T02:00:00+05:30
ERP-R-001567,2026-05-11,East,Apparel,29993.66,34192.78,2026-05-12T02:00:00+05:30
ERP-R-001568,2026-05-11,East,Electronics,56885.61,64849.6,2026-05-12T02:00:00+05:30
ERP-R-001569,2026-05-11,East,Home,20453.51,23317.0,2026-05-12T02:00:00+05:30
ERP-R-001570,2026-05-11,West,Apparel,39668.25,45221.81,2026-05-12T02:00:00+05:30
ERP-R-001571,2026-05-11,West,Electronics,76319.46,87004.18,2026-05-12T02:00:00+05:30
ERP-R-001572,2026-05-11,West,Home,27678.66,31553.67,2026-05-12T02:00:00+05:30
ERP-R-001573,2026-05-12,North,Apparel,50396.64,57452.17,2026-05-13T02:00:00+05:30
ERP-R-001574,2026-05-12,North,Electronics,99771.44,113739.44,2026-05-13T02:00:00+05:30
ERP-R-001575,2026-05-12,North,Home,33236.26,37889.34,2026-05-13T02:00:00+05:30
ERP-R-001576,2026-05-12,South,Apparel,42118.67,48015.28,2026-05-13T02:00:00+05:30
ERP-R-001577,2026-05-12,South,Electronics,79597.32,90740.94,2026-05-13T02:00:00+05:30
ERP-R-001578,2026-05-12,South,Home,29695.38,33852.73,2026-05-13T02:00:00+05:30
ERP-R-001579,2026-05-12,East,Apparel,29453.3,33576.76,2026-05-13T02:00:00+05:30
ERP-R-001580,2026-05-12,East,Electronics,52678.61,60053.62,2026-05-13T02:00:00+05:30
ERP-R-001581,2026-05-12,East,Home,20380.45,23233.72,2026-05-13T02:00:00+05:30
ERP-R-001582,2026-05-12,West,Apparel,37709.45,42988.77,2026-05-13T02:00:00+05:30
ERP-R-001583,2026-05-12,West,Electronics,79348.33,90457.1,2026-05-13T02:00:00+05:30
ERP-R-001584,2026-05-12,West,Home,26877.41,30640.25,2026-05-13T02:00:00+05:30
ERP-R-001585,2026-05-13,North,Apparel,49622.79,56569.99,2026-05-14T02:00:00+05:30
ERP-R-001586,2026-05-13,North,Electronics,92286.04,105206.08,2026-05-14T02:00:00+05:30
ERP-R-001587,2026-05-13,North,Home,33950.73,38703.83,2026-05-14T02:00:00+05:30
ERP-R-001588,2026-05-13,South,Apparel,43044.49,49070.72,2026-05-14T02:00:00+05:30
ERP-R-001589,2026-05-13,South,Electronics,78277.52,89236.37,2026-05-14T02:00:00+05:30
ERP-R-001590,2026-05-13,South,Home,30012.91,34214.71,2026-05-14T02:00:00+05:30
ERP-R-001591,2026-05-13,East,Apparel,27616.2,31482.47,2026-05-14T02:00:00+05:30
ERP-R-001592,2026-05-13,East,Electronics,55167.79,62891.29,2026-05-14T02:00:00+05:30
ERP-R-001593,2026-05-13,East,Home,20065.77,22874.98,2026-05-14T02:00:00+05:30
ERP-R-001594,2026-05-13,West,Apparel,40004.91,45605.59,2026-05-14T02:00:00+05:30
ERP-R-001595,2026-05-13,West,Electronics,77215.02,88025.13,2026-05-14T02:00:00+05:30
ERP-R-001596,2026-05-13,West,Home,26777.0,30525.78,2026-05-14T02:00:00+05:30
ERP-R-001597,2026-05-14,North,Apparel,52563.49,59922.38,2026-05-15T02:00:00+05:30
ERP-R-001598,2026-05-14,North,Electronics,99297.27,113198.89,2026-05-15T02:00:00+05:30
ERP-R-001599,2026-05-14,North,Home,32520.95,37073.88,2026-05-15T02:00:00+05:30
ERP-R-001600,2026-05-14,South,Apparel,44676.83,50931.59,2026-05-15T02:00:00+05:30
ERP-R-001601,2026-05-14,South,Electronics,79145.56,90225.94,2026-05-15T02:00:00+05:30
ERP-R-001602,2026-05-14,South,Home,32202.64,36711.0,2026-05-15T02:00:00+05:30
ERP-R-001603,2026-05-14,East,Apparel,28757.4,32783.44,2026-05-15T02:00:00+05:30
ERP-R-001604,2026-05-14,East,Electronics,58830.83,67067.14,2026-05-15T02:00:00+05:30
ERP-R-001605,2026-05-14,East,Home,20071.43,22881.43,2026-05-15T02:00:00+05:30
ERP-R-001606,2026-05-14,West,Apparel,37743.34,43027.4,2026-05-15T02:00:00+05:30
ERP-R-001607,2026-05-14,West,Electronics,78555.5,89553.27,2026-05-15T02:00:00+05:30
ERP-R-001608,2026-05-14,West,Home,25546.29,29122.77,2026-05-15T02:00:00+05:30
ERP-R-001609,2026-05-15,North,Apparel,50413.57,57471.47,2026-05-16T02:00:00+05:30
ERP-R-001610,2026-05-15,North,Electronics,100984.45,115122.28,2026-05-16T02:00:00+05:30
ERP-R-001611,2026-05-15,North,Home,31465.47,35870.64,2026-05-16T02:00:00+05:30
ERP-R-001612,2026-05-15,South,Apparel,42251.96,48167.24,2026-05-16T02:00:00+05:30
ERP-R-001613,2026-05-15,South,Electronics,87051.48,99238.68,2026-05-16T02:00:00+05:30
ERP-R-001614,2026-05-15,South,Home,30679.19,34974.28,2026-05-16T02:00:00+05:30
ERP-R-001615,2026-05-15,East,Apparel,30784.08,35093.85,2026-05-16T02:00:00+05:30
ERP-R-001616,2026-05-15,East,Electronics,55787.92,63598.23,2026-05-16T02:00:00+05:30
ERP-R-001617,2026-05-15,East,Home,19859.61,22639.96,2026-05-16T02:00:00+05:30
ERP-R-001618,2026-05-15,West,Apparel,36748.35,41893.11,2026-05-16T02:00:00+05:30
ERP-R-001619,2026-05-15,West,Electronics,78896.28,89941.76,2026-05-16T02:00:00+05:30
ERP-R-001620,2026-05-15,West,Home,27507.02,31358.0,2026-05-16T02:00:00+05:30
ERP-R-001621,2026-05-16,North,Apparel,61528.19,70142.14,2026-05-17T02:00:00+05:30
ERP-R-001622,2026-05-16,North,Electronics,114579.13,130620.21,2026-05-17T02:00:00+05:30
ERP-R-001623,2026-05-16,North,Home,36888.75,42053.17,2026-05-17T02:00:00+05:30
ERP-R-001624,2026-05-16,South,Apparel,50123.12,57140.35,2026-05-17T02:00:00+05:30
ERP-R-001625,2026-05-16,South,Electronics,99656.58,113608.51,2026-05-17T02:00:00+05:30
ERP-R-001626,2026-05-16,South,Home,35872.16,40894.26,2026-05-17T02:00:00+05:30
ERP-R-001627,2026-05-16,East,Apparel,35171.29,40095.27,2026-05-17T02:00:00+05:30
ERP-R-001628,2026-05-16,East,Electronics,68224.14,77775.52,2026-05-17T02:00:00+05:30
ERP-R-001629,2026-05-16,East,Home,24456.94,27880.92,2026-05-17T02:00:00+05:30
ERP-R-001630,2026-05-16,West,Apparel,48185.31,54931.26,2026-05-17T02:00:00+05:30
ERP-R-001631,2026-05-16,West,Electronics,92921.95,105931.02,2026-05-17T02:00:00+05:30
ERP-R-001632,2026-05-16,West,Home,29739.12,33902.59,2026-05-17T02:00:00+05:30
ERP-R-001633,2026-05-17,North,Apparel,59923.24,68312.49,2026-05-18T02:00:00+05:30
ERP-R-001634,2026-05-17,North,Electronics,117372.79,133804.98,2026-05-18T02:00:00+05:30
ERP-R-001635,2026-05-17,North,Home,39829.84,45406.01,2026-05-18T02:00:00+05:30
ERP-R-001636,2026-05-17,South,Apparel,50229.17,57261.25,2026-05-18T02:00:00+05:30
ERP-R-001637,2026-05-17,South,Electronics,97667.26,111340.68,2026-05-18T02:00:00+05:30
ERP-R-001638,2026-05-17,South,Home,34309.04,39112.31,2026-05-18T02:00:00+05:30
ERP-R-001639,2026-05-17,East,Apparel,34525.69,39359.29,2026-05-18T02:00:00+05:30
ERP-R-001640,2026-05-17,East,Electronics,65732.17,74934.67,2026-05-18T02:00:00+05:30
ERP-R-001641,2026-05-17,East,Home,23966.61,27321.93,2026-05-18T02:00:00+05:30
ERP-R-001642,2026-05-17,West,Apparel,46508.79,53020.02,2026-05-18T02:00:00+05:30
ERP-R-001643,2026-05-17,West,Electronics,86000.31,98040.35,2026-05-18T02:00:00+05:30
ERP-R-001644,2026-05-17,West,Home,30874.74,35197.2,2026-05-18T02:00:00+05:30
ERP-R-001645,2026-05-18,North,Apparel,49446.89,56369.46,2026-05-19T02:00:00+05:30
ERP-R-001646,2026-05-18,North,Electronics,97106.76,110701.7,2026-05-19T02:00:00+05:30
ERP-R-001647,2026-05-18,North,Home,34729.55,39591.69,2026-05-19T02:00:00+05:30
ERP-R-001648,2026-05-18,South,Apparel,42813.71,48807.63,2026-05-19T02:00:00+05:30
ERP-R-001649,2026-05-18,South,Electronics,89800.43,102372.49,2026-05-19T02:00:00+05:30
ERP-R-001650,2026-05-18,South,Home,29003.87,33064.42,2026-05-19T02:00:00+05:30
ERP-R-001651,2026-05-18,East,Apparel,28546.45,32542.95,2026-05-19T02:00:00+05:30
ERP-R-001652,2026-05-18,East,Electronics,57648.55,65719.34,2026-05-19T02:00:00+05:30
ERP-R-001653,2026-05-18,East,Home,20466.96,23332.33,2026-05-19T02:00:00+05:30
ERP-R-001654,2026-05-18,West,Apparel,37591.35,42854.14,2026-05-19T02:00:00+05:30
ERP-R-001655,2026-05-18,West,Electronics,80921.2,92250.17,2026-05-19T02:00:00+05:30
ERP-R-001656,2026-05-18,West,Home,26193.82,29860.95,2026-05-19T02:00:00+05:30
ERP-R-001657,2026-05-19,North,Apparel,50807.72,57920.8,2026-05-20T02:00:00+05:30
ERP-R-001658,2026-05-19,North,Electronics,102019.28,116301.97,2026-05-20T02:00:00+05:30
ERP-R-001659,2026-05-19,North,Home,33370.28,38042.12,2026-05-20T02:00:00+05:30
ERP-R-001660,2026-05-19,South,Apparel,44806.55,51079.46,2026-05-20T02:00:00+05:30
ERP-R-001661,2026-05-19,South,Electronics,86188.21,98254.56,2026-05-20T02:00:00+05:30
ERP-R-001662,2026-05-19,South,Home,30416.72,34675.06,2026-05-20T02:00:00+05:30
ERP-R-001663,2026-05-19,East,Apparel,29117.15,33193.55,2026-05-20T02:00:00+05:30
ERP-R-001664,2026-05-19,East,Electronics,58063.95,66192.9,2026-05-20T02:00:00+05:30
ERP-R-001665,2026-05-19,East,Home,20637.79,23527.08,2026-05-20T02:00:00+05:30
ERP-R-001666,2026-05-19,West,Apparel,39145.21,44625.54,2026-05-20T02:00:00+05:30
ERP-R-001667,2026-05-19,West,Electronics,80736.56,92039.68,2026-05-20T02:00:00+05:30
ERP-R-001668,2026-05-19,West,Home,26091.76,29744.6,2026-05-20T02:00:00+05:30
ERP-R-001669,2026-05-20,North,Apparel,50787.83,57898.13,2026-05-21T02:00:00+05:30
ERP-R-001670,2026-05-20,North,Electronics,96229.42,109701.54,2026-05-21T02:00:00+05:30
ERP-R-001671,2026-05-20,North,Home,30339.49,34587.02,2026-05-21T02:00:00+05:30
ERP-R-001672,2026-05-20,South,Apparel,42929.69,48939.85,2026-05-21T02:00:00+05:30
ERP-R-001673,2026-05-20,South,Electronics,84116.25,95892.53,2026-05-21T02:00:00+05:30
ERP-R-001674,2026-05-20,South,Home,30591.33,34874.12,2026-05-21T02:00:00+05:30
ERP-R-001675,2026-05-20,East,Apparel,29995.9,34195.33,2026-05-21T02:00:00+05:30
ERP-R-001676,2026-05-20,East,Electronics,59615.67,67961.86,2026-05-21T02:00:00+05:30
ERP-R-001677,2026-05-20,East,Home,20756.22,23662.09,2026-05-21T02:00:00+05:30
ERP-R-001678,2026-05-20,West,Apparel,36146.28,41206.76,2026-05-21T02:00:00+05:30
ERP-R-001679,2026-05-20,West,Electronics,74459.54,84883.87,2026-05-21T02:00:00+05:30
ERP-R-001680,2026-05-20,West,Home,25760.99,29367.53,2026-05-21T02:00:00+05:30
ERP-R-001681,2026-05-21,North,Apparel,43591.87,49694.73,2026-05-22T02:00:00+05:30
ERP-R-001682,2026-05-21,North,Electronics,87675.72,99950.32,2026-05-22T02:00:00+05:30
ERP-R-001683,2026-05-21,North,Home,28784.23,32814.02,2026-05-22T02:00:00+05:30
ERP-R-001684,2026-05-21,South,Apparel,35486.17,40454.23,2026-05-22T02:00:00+05:30
ERP-R-001685,2026-05-21,South,Electronics,73529.07,83823.14,2026-05-22T02:00:00+05:30
ERP-R-001686,2026-05-21,South,Home,24466.15,27891.41,2026-05-22T02:00:00+05:30
ERP-R-001687,2026-05-21,East,Apparel,24788.07,28258.4,2026-05-22T02:00:00+05:30
ERP-R-001688,2026-05-21,East,Electronics,48326.29,55091.97,2026-05-22T02:00:00+05:30
ERP-R-001689,2026-05-21,East,Home,17749.49,20234.42,2026-05-22T02:00:00+05:30
ERP-R-001690,2026-05-21,West,Apparel,34045.57,38811.95,2026-05-22T02:00:00+05:30
ERP-R-001691,2026-05-21,West,Electronics,66680.99,76016.33,2026-05-22T02:00:00+05:30
ERP-R-001692,2026-05-21,West,Home,22393.27,25528.33,2026-05-22T02:00:00+05:30
ERP-R-001693,2026-05-22,North,Apparel,42623.2,48590.45,2026-05-23T02:00:00+05:30
ERP-R-001694,2026-05-22,North,Electronics,83301.0,94963.14,2026-05-23T02:00:00+05:30
ERP-R-001695,2026-05-22,North,Home,27624.34,31491.75,2026-05-23T02:00:00+05:30
ERP-R-001696,2026-05-22,South,Apparel,35053.22,39960.68,2026-05-23T02:00:00+05:30
ERP-R-001697,2026-05-22,South,Electronics,70331.86,80178.32,2026-05-23T02:00:00+05:30
ERP-R-001698,2026-05-22,South,Home,24843.32,28321.39,2026-05-23T02:00:00+05:30
ERP-R-001699,2026-05-22,East,Apparel,24022.84,27386.04,2026-05-23T02:00:00+05:30
ERP-R-001700,2026-05-22,East,Electronics,46850.21,53409.24,2026-05-23T02:00:00+05:30
ERP-R-001701,2026-05-22,East,Home,17727.61,20209.48,2026-05-23T02:00:00+05:30
ERP-R-001702,2026-05-22,West,Apparel,34367.04,39178.42,2026-05-23T02:00:00+05:30
ERP-R-001703,2026-05-22,West,Electronics,64792.95,73863.96,2026-05-23T02:00:00+05:30
ERP-R-001704,2026-05-22,West,Home,20986.45,23924.55,2026-05-23T02:00:00+05:30
ERP-R-001705,2026-05-23,North,Apparel,53967.97,61523.48,2026-05-24T02:00:00+05:30
ERP-R-001706,2026-05-23,North,Electronics,94975.01,108271.51,2026-05-24T02:00:00+05:30
ERP-R-001707,2026-05-23,North,Home,35001.11,39901.26,2026-05-24T02:00:00+05:30
ERP-R-001708,2026-05-23,South,Apparel,42264.51,48181.54,2026-05-24T02:00:00+05:30
ERP-R-001709,2026-05-23,South,Electronics,81909.42,93376.73,2026-05-24T02:00:00+05:30
ERP-R-001710,2026-05-23,South,Home,30552.94,34830.35,2026-05-24T02:00:00+05:30
ERP-R-001711,2026-05-23,East,Apparel,30386.02,34640.07,2026-05-24T02:00:00+05:30
ERP-R-001712,2026-05-23,East,Electronics,54061.14,61629.7,2026-05-24T02:00:00+05:30
ERP-R-001713,2026-05-23,East,Home,20151.02,22972.16,2026-05-24T02:00:00+05:30
ERP-R-001714,2026-05-23,West,Apparel,39205.14,44693.86,2026-05-24T02:00:00+05:30
ERP-R-001715,2026-05-23,West,Electronics,79175.11,90259.62,2026-05-24T02:00:00+05:30
ERP-R-001716,2026-05-23,West,Home,26670.44,30404.3,2026-05-24T02:00:00+05:30
ERP-R-001717,2026-05-24,North,Apparel,47161.7,53764.34,2026-05-25T02:00:00+05:30
ERP-R-001718,2026-05-24,North,Electronics,109404.0,124720.56,2026-05-25T02:00:00+05:30
ERP-R-001719,2026-05-24,North,Home,33222.85,37874.05,2026-05-25T02:00:00+05:30
ERP-R-001720,2026-05-24,South,Apparel,42352.69,48282.07,2026-05-25T02:00:00+05:30
ERP-R-001721,2026-05-24,South,Electronics,83005.34,94626.08,2026-05-25T02:00:00+05:30
ERP-R-001722,2026-05-24,South,Home,30161.19,34383.76,2026-05-25T02:00:00+05:30
ERP-R-001723,2026-05-24,East,Apparel,31079.45,35430.57,2026-05-25T02:00:00+05:30
ERP-R-001724,2026-05-24,East,Electronics,56346.16,64234.63,2026-05-25T02:00:00+05:30
ERP-R-001725,2026-05-24,East,Home,21014.12,23956.1,2026-05-25T02:00:00+05:30
ERP-R-001726,2026-05-24,West,Apparel,39557.35,45095.38,2026-05-25T02:00:00+05:30
ERP-R-001727,2026-05-24,West,Electronics,83737.58,95460.84,2026-05-25T02:00:00+05:30
ERP-R-001728,2026-05-24,West,Home,26278.92,29957.97,2026-05-25T02:00:00+05:30
ERP-R-001729,2026-05-25,North,Apparel,43884.73,50028.59,2026-05-26T02:00:00+05:30
ERP-R-001730,2026-05-25,North,Electronics,81791.73,93242.57,2026-05-26T02:00:00+05:30
ERP-R-001731,2026-05-25,North,Home,29510.95,33642.48,2026-05-26T02:00:00+05:30
ERP-R-001732,2026-05-25,South,Apparel,34994.26,39893.45,2026-05-26T02:00:00+05:30
ERP-R-001733,2026-05-25,South,Electronics,66322.62,75607.78,2026-05-26T02:00:00+05:30
ERP-R-001734,2026-05-25,South,Home,25816.41,29430.71,2026-05-26T02:00:00+05:30
ERP-R-001735,2026-05-25,East,Apparel,25448.18,29010.93,2026-05-26T02:00:00+05:30
ERP-R-001736,2026-05-25,East,Electronics,48427.69,55207.57,2026-05-26T02:00:00+05:30
ERP-R-001737,2026-05-25,East,Home,18166.79,20710.14,2026-05-26T02:00:00+05:30
ERP-R-001738,2026-05-25,West,Apparel,32572.97,37133.19,2026-05-26T02:00:00+05:30
ERP-R-001739,2026-05-25,West,Electronics,69372.58,79084.74,2026-05-26T02:00:00+05:30
ERP-R-001740,2026-05-25,West,Home,24136.73,27515.87,2026-05-26T02:00:00+05:30
ERP-R-001741,2026-05-26,North,Apparel,45084.85,51396.73,2026-05-27T02:00:00+05:30
ERP-R-001742,2026-05-26,North,Electronics,83686.73,95402.87,2026-05-27T02:00:00+05:30
ERP-R-001743,2026-05-26,North,Home,27969.93,31885.71,2026-05-27T02:00:00+05:30
ERP-R-001744,2026-05-26,South,Apparel,36580.78,41702.09,2026-05-27T02:00:00+05:30
ERP-R-001745,2026-05-26,South,Electronics,69221.73,78912.77,2026-05-27T02:00:00+05:30
ERP-R-001746,2026-05-26,South,Home,27453.32,31296.79,2026-05-27T02:00:00+05:30
ERP-R-001747,2026-05-26,East,Apparel,24877.61,28360.48,2026-05-27T02:00:00+05:30
ERP-R-001748,2026-05-26,East,Electronics,46982.42,53559.96,2026-05-27T02:00:00+05:30
ERP-R-001749,2026-05-26,East,Home,17948.38,20461.15,2026-05-27T02:00:00+05:30
ERP-R-001750,2026-05-26,West,Apparel,31863.85,36324.79,2026-05-27T02:00:00+05:30
ERP-R-001751,2026-05-26,West,Electronics,65180.69,74305.99,2026-05-27T02:00:00+05:30
ERP-R-001752,2026-05-26,West,Home,23292.56,26553.52,2026-05-27T02:00:00+05:30
ERP-R-001753,2026-05-27,North,Apparel,43952.32,50105.65,2026-05-28T02:00:00+05:30
ERP-R-001754,2026-05-27,North,Electronics,83801.75,95534.0,2026-05-28T02:00:00+05:30
ERP-R-001755,2026-05-27,North,Home,27941.81,31853.67,2026-05-28T02:00:00+05:30
ERP-R-001756,2026-05-27,South,Apparel,34936.04,39827.09,2026-05-28T02:00:00+05:30
ERP-R-001757,2026-05-27,South,Electronics,70197.42,80025.05,2026-05-28T02:00:00+05:30
ERP-R-001758,2026-05-27,South,Home,24844.67,28322.92,2026-05-28T02:00:00+05:30
ERP-R-001759,2026-05-27,East,Apparel,24825.12,28300.64,2026-05-28T02:00:00+05:30
ERP-R-001760,2026-05-27,East,Electronics,50748.36,57853.13,2026-05-28T02:00:00+05:30
ERP-R-001761,2026-05-27,East,Home,17509.35,19960.66,2026-05-28T02:00:00+05:30
ERP-R-001762,2026-05-27,West,Apparel,31194.12,35561.29,2026-05-28T02:00:00+05:30
ERP-R-001763,2026-05-27,West,Electronics,69026.22,78689.89,2026-05-28T02:00:00+05:30
ERP-R-001764,2026-05-27,West,Home,22401.61,25537.84,2026-05-28T02:00:00+05:30
ERP-R-001765,2026-05-28,North,Apparel,43264.71,49321.77,2026-05-29T02:00:00+05:30
ERP-R-001766,2026-05-28,North,Electronics,80209.53,91438.86,2026-05-29T02:00:00+05:30
ERP-R-001767,2026-05-28,North,Home,28588.2,32590.55,2026-05-29T02:00:00+05:30
ERP-R-001768,2026-05-28,South,Apparel,38519.09,43911.76,2026-05-29T02:00:00+05:30
ERP-R-001769,2026-05-28,South,Electronics,70144.44,79964.66,2026-05-29T02:00:00+05:30
ERP-R-001770,2026-05-28,South,Home,25553.72,29131.24,2026-05-29T02:00:00+05:30
ERP-R-001771,2026-05-28,East,Apparel,26912.98,30680.79,2026-05-29T02:00:00+05:30
ERP-R-001772,2026-05-28,East,Electronics,50658.97,57751.23,2026-05-29T02:00:00+05:30
ERP-R-001773,2026-05-28,East,Home,16764.69,19111.75,2026-05-29T02:00:00+05:30
ERP-R-001774,2026-05-28,West,Apparel,33513.5,38205.39,2026-05-29T02:00:00+05:30
ERP-R-001775,2026-05-28,West,Electronics,65637.11,74826.31,2026-05-29T02:00:00+05:30
ERP-R-001776,2026-05-28,West,Home,22995.86,26215.28,2026-05-29T02:00:00+05:30
ERP-R-001777,2026-05-29,North,Apparel,46287.39,52767.63,2026-05-30T02:00:00+05:30
ERP-R-001778,2026-05-29,North,Electronics,85114.99,97031.09,2026-05-30T02:00:00+05:30
ERP-R-001779,2026-05-29,North,Home,28165.83,32109.05,2026-05-30T02:00:00+05:30
ERP-R-001780,2026-05-29,South,Apparel,34946.11,39838.57,2026-05-30T02:00:00+05:30
ERP-R-001781,2026-05-29,South,Electronics,68467.27,78052.68,2026-05-30T02:00:00+05:30
ERP-R-001782,2026-05-29,South,Home,24183.72,27569.44,2026-05-30T02:00:00+05:30
ERP-R-001783,2026-05-29,East,Apparel,24365.05,27776.16,2026-05-30T02:00:00+05:30
ERP-R-001784,2026-05-29,East,Electronics,46130.37,52588.62,2026-05-30T02:00:00+05:30
ERP-R-001785,2026-05-29,East,Home,18022.95,20546.16,2026-05-30T02:00:00+05:30
ERP-R-001786,2026-05-29,West,Apparel,32743.51,37327.61,2026-05-30T02:00:00+05:30
ERP-R-001787,2026-05-29,West,Electronics,69124.24,78801.63,2026-05-30T02:00:00+05:30
ERP-R-001788,2026-05-29,West,Home,22375.42,25507.98,2026-05-30T02:00:00+05:30
ERP-R-001789,2026-05-30,North,Apparel,53143.16,60583.21,2026-05-31T02:00:00+05:30
ERP-R-001790,2026-05-30,North,Electronics,102737.64,117120.91,2026-05-31T02:00:00+05:30
ERP-R-001791,2026-05-30,North,Home,34104.33,38878.94,2026-05-31T02:00:00+05:30
ERP-R-001792,2026-05-30,South,Apparel,44447.35,50669.98,2026-05-31T02:00:00+05:30
ERP-R-001793,2026-05-30,South,Electronics,83504.58,95195.22,2026-05-31T02:00:00+05:30
ERP-R-001794,2026-05-30,South,Home,30530.56,34804.84,2026-05-31T02:00:00+05:30
ERP-R-001795,2026-05-30,East,Apparel,29066.92,33136.29,2026-05-31T02:00:00+05:30
ERP-R-001796,2026-05-30,East,Electronics,57155.39,65157.14,2026-05-31T02:00:00+05:30
ERP-R-001797,2026-05-30,East,Home,21780.75,24830.05,2026-05-31T02:00:00+05:30
ERP-R-001798,2026-05-30,West,Apparel,41463.55,47268.44,2026-05-31T02:00:00+05:30
ERP-R-001799,2026-05-30,West,Electronics,79506.01,90636.85,2026-05-31T02:00:00+05:30
ERP-R-001800,2026-05-30,West,Home,27177.99,30982.91,2026-05-31T02:00:00+05:30
ERP-R-001801,2026-05-31,North,Apparel,46846.55,53405.06,2026-06-01T02:00:00+05:30
ERP-R-001802,2026-05-31,North,Electronics,101587.25,115809.47,2026-06-01T02:00:00+05:30
ERP-R-001803,2026-05-31,North,Home,30804.83,35117.5,2026-06-01T02:00:00+05:30
ERP-R-001804,2026-05-31,South,Apparel,44137.51,50316.76,2026-06-01T02:00:00+05:30
ERP-R-001805,2026-05-31,South,Electronics,78466.64,89451.97,2026-06-01T02:00:00+05:30
ERP-R-001806,2026-05-31,South,Home,29799.9,33971.89,2026-06-01T02:00:00+05:30
ERP-R-001807,2026-05-31,East,Apparel,30288.94,34529.39,2026-06-01T02:00:00+05:30
ERP-R-001808,2026-05-31,East,Electronics,59956.69,68350.63,2026-06-01T02:00:00+05:30
ERP-R-001809,2026-05-31,East,Home,18880.89,21524.22,2026-06-01T02:00:00+05:30
ERP-R-001810,2026-05-31,West,Apparel,39469.46,44995.18,2026-06-01T02:00:00+05:30
ERP-R-001811,2026-05-31,West,Electronics,81707.79,93146.88,2026-06-01T02:00:00+05:30
ERP-R-001812,2026-05-31,West,Home,27156.33,30958.22,2026-06-01T02:00:00+05:30
ERP-R-001813,2026-06-01,North,Apparel,44319.72,50524.48,2026-06-02T02:00:00+05:30
ERP-R-001814,2026-06-01,North,Electronics,78505.72,89496.52,2026-06-02T02:00:00+05:30
ERP-R-001815,2026-06-01,North,Home,29778.11,33947.04,2026-06-02T02:00:00+05:30
ERP-R-001816,2026-06-01,South,Apparel,37834.84,43131.71,2026-06-02T02:00:00+05:30
ERP-R-001817,2026-06-01,South,Electronics,71701.27,81739.45,2026-06-02T02:00:00+05:30
ERP-R-001818,2026-06-01,South,Home,27755.64,31641.42,2026-06-02T02:00:00+05:30
ERP-R-001819,2026-06-01,East,Apparel,23963.4,27318.28,2026-06-02T02:00:00+05:30
ERP-R-001820,2026-06-01,East,Electronics,49050.73,55917.83,2026-06-02T02:00:00+05:30
ERP-R-001821,2026-06-01,East,Home,17033.35,19418.02,2026-06-02T02:00:00+05:30
ERP-R-001822,2026-06-01,West,Apparel,31905.7,36372.5,2026-06-02T02:00:00+05:30
ERP-R-001823,2026-06-01,West,Electronics,63158.97,72001.23,2026-06-02T02:00:00+05:30
ERP-R-001824,2026-06-01,West,Home,21827.18,24882.99,2026-06-02T02:00:00+05:30
ERP-R-001825,2026-06-02,North,Apparel,39600.74,45144.84,2026-06-03T02:00:00+05:30
ERP-R-001826,2026-06-02,North,Electronics,80184.2,91409.98,2026-06-03T02:00:00+05:30
ERP-R-001827,2026-06-02,North,Home,27340.01,31167.61,2026-06-03T02:00:00+05:30
ERP-R-001828,2026-06-02,South,Apparel,36158.28,41220.44,2026-06-03T02:00:00+05:30
ERP-R-001829,2026-06-02,South,Electronics,70122.64,79939.81,2026-06-03T02:00:00+05:30
ERP-R-001830,2026-06-02,South,Home,26574.88,30295.37,2026-06-03T02:00:00+05:30
ERP-R-001831,2026-06-02,East,Apparel,23572.8,26872.99,2026-06-03T02:00:00+05:30
ERP-R-001832,2026-06-02,East,Electronics,46800.23,53352.26,2026-06-03T02:00:00+05:30
ERP-R-001833,2026-06-02,East,Home,17600.47,20064.54,2026-06-03T02:00:00+05:30
ERP-R-001834,2026-06-02,West,Apparel,33143.17,37783.22,2026-06-03T02:00:00+05:30
ERP-R-001835,2026-06-02,West,Electronics,65770.19,74978.02,2026-06-03T02:00:00+05:30
ERP-R-001836,2026-06-02,West,Home,19979.61,22776.76,2026-06-03T02:00:00+05:30
ERP-R-001837,2026-06-03,North,Apparel,43508.49,49599.68,2026-06-04T02:00:00+05:30
ERP-R-001838,2026-06-03,North,Electronics,81772.41,93220.55,2026-06-04T02:00:00+05:30
ERP-R-001839,2026-06-03,North,Home,30618.92,34905.57,2026-06-04T02:00:00+05:30
ERP-R-001840,2026-06-03,South,Apparel,33401.64,38077.87,2026-06-04T02:00:00+05:30
ERP-R-001841,2026-06-03,South,Electronics,63813.86,72747.8,2026-06-04T02:00:00+05:30
ERP-R-001842,2026-06-03,South,Home,27670.39,31544.24,2026-06-04T02:00:00+05:30
ERP-R-001843,2026-06-03,East,Apparel,25265.76,28802.96,2026-06-04T02:00:00+05:30
ERP-R-001844,2026-06-03,East,Electronics,48591.97,55394.85,2026-06-04T02:00:00+05:30
ERP-R-001845,2026-06-03,East,Home,16308.25,18591.4,2026-06-04T02:00:00+05:30
ERP-R-001846,2026-06-03,West,Apparel,34539.18,39374.66,2026-06-04T02:00:00+05:30
ERP-R-001847,2026-06-03,West,Electronics,67371.41,76803.41,2026-06-04T02:00:00+05:30
ERP-R-001848,2026-06-03,West,Home,21287.01,24267.19,2026-06-04T02:00:00+05:30
ERP-R-001849,2026-06-04,North,Apparel,42956.74,48970.69,2026-06-05T02:00:00+05:30
ERP-R-001850,2026-06-04,North,Electronics,80621.32,91908.3,2026-06-05T02:00:00+05:30
ERP-R-001851,2026-06-04,North,Home,31425.91,35825.54,2026-06-05T02:00:00+05:30
ERP-R-001852,2026-06-04,South,Apparel,38683.27,44098.93,2026-06-05T02:00:00+05:30
ERP-R-001853,2026-06-04,South,Electronics,68109.76,77645.13,2026-06-05T02:00:00+05:30
ERP-R-001854,2026-06-04,South,Home,27127.82,30925.72,2026-06-05T02:00:00+05:30
ERP-R-001855,2026-06-04,East,Apparel,25572.72,29152.9,2026-06-05T02:00:00+05:30
ERP-R-001856,2026-06-04,East,Electronics,44945.97,51238.4,2026-06-05T02:00:00+05:30
ERP-R-001857,2026-06-04,East,Home,18309.74,20873.1,2026-06-05T02:00:00+05:30
ERP-R-001858,2026-06-04,West,Apparel,30713.41,35013.28,2026-06-05T02:00:00+05:30
ERP-R-001859,2026-06-04,West,Electronics,65693.9,74891.05,2026-06-05T02:00:00+05:30
ERP-R-001860,2026-06-04,West,Home,22597.64,25761.31,2026-06-05T02:00:00+05:30
ERP-R-001861,2026-06-05,North,Apparel,41479.53,47286.67,2026-06-06T02:00:00+05:30
ERP-R-001862,2026-06-05,North,Electronics,76122.93,86780.14,2026-06-06T02:00:00+05:30
ERP-R-001863,2026-06-05,North,Home,27384.3,31218.1,2026-06-06T02:00:00+05:30
ERP-R-001864,2026-06-05,South,Apparel,37740.27,43023.91,2026-06-06T02:00:00+05:30
ERP-R-001865,2026-06-05,South,Electronics,74151.99,84533.27,2026-06-06T02:00:00+05:30
ERP-R-001866,2026-06-05,South,Home,26450.72,30153.82,2026-06-06T02:00:00+05:30
ERP-R-001867,2026-06-05,East,Apparel,25790.47,29401.14,2026-06-06T02:00:00+05:30
ERP-R-001868,2026-06-05,East,Electronics,49321.78,56226.83,2026-06-06T02:00:00+05:30
ERP-R-001869,2026-06-05,East,Home,17450.12,19893.14,2026-06-06T02:00:00+05:30
ERP-R-001870,2026-06-05,West,Apparel,33342.02,38009.91,2026-06-06T02:00:00+05:30
ERP-R-001871,2026-06-05,West,Electronics,67849.05,77347.92,2026-06-06T02:00:00+05:30
ERP-R-001872,2026-06-05,West,Home,22048.05,25134.77,2026-06-06T02:00:00+05:30
ERP-R-001873,2026-06-06,North,Apparel,49723.44,56684.72,2026-06-07T02:00:00+05:30
ERP-R-001874,2026-06-06,North,Electronics,106316.25,121200.53,2026-06-07T02:00:00+05:30
ERP-R-001875,2026-06-06,North,Home,35018.78,39921.41,2026-06-07T02:00:00+05:30
ERP-R-001876,2026-06-06,South,Apparel,40157.82,45779.91,2026-06-07T02:00:00+05:30
ERP-R-001877,2026-06-06,South,Electronics,85949.26,97982.16,2026-06-07T02:00:00+05:30
ERP-R-001878,2026-06-06,South,Home,27943.82,31855.96,2026-06-07T02:00:00+05:30
ERP-R-001879,2026-06-06,East,Apparel,31315.6,35699.79,2026-06-07T02:00:00+05:30
ERP-R-001880,2026-06-06,East,Electronics,56678.51,64613.5,2026-06-07T02:00:00+05:30
ERP-R-001881,2026-06-06,East,Home,21404.67,24401.33,2026-06-07T02:00:00+05:30
ERP-R-001882,2026-06-06,West,Apparel,35525.97,40499.61,2026-06-07T02:00:00+05:30
ERP-R-001883,2026-06-06,West,Electronics,78272.4,89230.53,2026-06-07T02:00:00+05:30
ERP-R-001884,2026-06-06,West,Home,26522.63,30235.8,2026-06-07T02:00:00+05:30
ERP-R-001885,2026-06-07,North,Apparel,51843.15,59101.19,2026-06-08T02:00:00+05:30
ERP-R-001886,2026-06-07,North,Electronics,101012.93,115154.74,2026-06-08T02:00:00+05:30
ERP-R-001887,2026-06-07,North,Home,31125.94,35483.57,2026-06-08T02:00:00+05:30
ERP-R-001888,2026-06-07,South,Apparel,42023.98,47907.34,2026-06-08T02:00:00+05:30
ERP-R-001889,2026-06-07,South,Electronics,82243.55,93757.65,2026-06-08T02:00:00+05:30
ERP-R-001890,2026-06-07,South,Home,30362.1,34612.8,2026-06-08T02:00:00+05:30
ERP-R-001891,2026-06-07,East,Apparel,29443.79,33565.92,2026-06-08T02:00:00+05:30
ERP-R-001892,2026-06-07,East,Electronics,54825.24,62500.78,2026-06-08T02:00:00+05:30
ERP-R-001893,2026-06-07,East,Home,20481.84,23349.29,2026-06-08T02:00:00+05:30
ERP-R-001894,2026-06-07,West,Apparel,39846.25,45424.72,2026-06-08T02:00:00+05:30
ERP-R-001895,2026-06-07,West,Electronics,72894.64,83099.89,2026-06-08T02:00:00+05:30
ERP-R-001896,2026-06-07,West,Home,24998.51,28498.3,2026-06-08T02:00:00+05:30
ERP-R-001897,2026-06-08,North,Apparel,42711.24,48690.81,2026-06-09T02:00:00+05:30
ERP-R-001898,2026-06-08,North,Electronics,85619.32,97606.02,2026-06-09T02:00:00+05:30
ERP-R-001899,2026-06-08,North,Home,27922.37,31831.5,2026-06-09T02:00:00+05:30
ERP-R-001900,2026-06-08,South,Apparel,35446.57,40409.09,2026-06-09T02:00:00+05:30
ERP-R-001901,2026-06-08,South,Electronics,74612.64,85058.41,2026-06-09T02:00:00+05:30
ERP-R-001902,2026-06-08,South,Home,25727.8,29329.69,2026-06-09T02:00:00+05:30
ERP-R-001903,2026-06-08,East,Apparel,24500.09,27930.1,2026-06-09T02:00:00+05:30
ERP-R-001904,2026-06-08,East,Electronics,46207.59,52676.65,2026-06-09T02:00:00+05:30
ERP-R-001905,2026-06-08,East,Home,17840.47,20338.14,2026-06-09T02:00:00+05:30
ERP-R-001906,2026-06-08,West,Apparel,34888.15,39772.49,2026-06-09T02:00:00+05:30
ERP-R-001907,2026-06-08,West,Electronics,65512.54,74684.29,2026-06-09T02:00:00+05:30
ERP-R-001908,2026-06-08,West,Home,23016.96,26239.33,2026-06-09T02:00:00+05:30
ERP-R-001909,2026-06-09,North,Apparel,41792.55,47643.51,2026-06-10T02:00:00+05:30
ERP-R-001910,2026-06-09,North,Electronics,82975.82,94592.43,2026-06-10T02:00:00+05:30
ERP-R-001911,2026-06-09,North,Home,27802.77,31695.16,2026-06-10T02:00:00+05:30
ERP-R-001912,2026-06-09,South,Apparel,35223.76,40155.09,2026-06-10T02:00:00+05:30
ERP-R-001913,2026-06-09,South,Electronics,69958.17,79752.32,2026-06-10T02:00:00+05:30
ERP-R-001914,2026-06-09,South,Home,25795.41,29406.77,2026-06-10T02:00:00+05:30
ERP-R-001915,2026-06-09,East,Apparel,23534.64,26829.49,2026-06-10T02:00:00+05:30
ERP-R-001916,2026-06-09,East,Electronics,50110.86,57126.38,2026-06-10T02:00:00+05:30
ERP-R-001917,2026-06-09,East,Home,16140.22,18399.85,2026-06-10T02:00:00+05:30
ERP-R-001918,2026-06-09,West,Apparel,33752.76,38478.15,2026-06-10T02:00:00+05:30
ERP-R-001919,2026-06-09,West,Electronics,64771.74,73839.79,2026-06-10T02:00:00+05:30
ERP-R-001920,2026-06-09,West,Home,21867.47,24928.92,2026-06-10T02:00:00+05:30
ERP-R-001921,2026-06-10,North,Apparel,43228.8,49280.83,2026-06-11T02:00:00+05:30
ERP-R-001922,2026-06-10,North,Electronics,82182.89,93688.49,2026-06-11T02:00:00+05:30
ERP-R-001923,2026-06-10,North,Home,27439.93,31281.52,2026-06-11T02:00:00+05:30
ERP-R-001924,2026-06-10,South,Apparel,35693.91,40691.06,2026-06-11T02:00:00+05:30
ERP-R-001925,2026-06-10,South,Electronics,74391.18,84805.94,2026-06-11T02:00:00+05:30
ERP-R-001926,2026-06-10,South,Home,24580.83,28022.15,2026-06-11T02:00:00+05:30
ERP-R-001927,2026-06-10,East,Apparel,24805.82,28278.63,2026-06-11T02:00:00+05:30
ERP-R-001928,2026-06-10,East,Electronics,46799.12,53350.99,2026-06-11T02:00:00+05:30
ERP-R-001929,2026-06-10,East,Home,17850.21,20349.24,2026-06-11T02:00:00+05:30
ERP-R-001930,2026-06-10,West,Apparel,35049.46,39956.39,2026-06-11T02:00:00+05:30
ERP-R-001931,2026-06-10,West,Electronics,66616.49,75942.8,2026-06-11T02:00:00+05:30
ERP-R-001932,2026-06-10,West,Home,22979.21,26196.3,2026-06-11T02:00:00+05:30
ERP-R-001933,2026-06-11,North,Apparel,44281.56,50480.98,2026-06-12T02:00:00+05:30
ERP-R-001934,2026-06-11,North,Electronics,86453.51,98557.0,2026-06-12T02:00:00+05:30
ERP-R-001935,2026-06-11,North,Home,28419.9,32398.68,2026-06-12T02:00:00+05:30
ERP-R-001936,2026-06-11,South,Apparel,35694.22,40691.41,2026-06-12T02:00:00+05:30
ERP-R-001937,2026-06-11,South,Electronics,70184.79,80010.66,2026-06-12T02:00:00+05:30
ERP-R-001938,2026-06-11,South,Home,24736.42,28199.51,2026-06-12T02:00:00+05:30
ERP-R-001939,2026-06-11,East,Apparel,25315.34,28859.49,2026-06-12T02:00:00+05:30
ERP-R-001940,2026-06-11,East,Electronics,49126.39,56004.08,2026-06-12T02:00:00+05:30
ERP-R-001941,2026-06-11,East,Home,18128.35,20666.32,2026-06-12T02:00:00+05:30
ERP-R-001942,2026-06-11,West,Apparel,33970.63,38726.51,2026-06-12T02:00:00+05:30
ERP-R-001943,2026-06-11,West,Electronics,67783.99,77273.75,2026-06-12T02:00:00+05:30
ERP-R-001944,2026-06-11,West,Home,22167.34,25270.77,2026-06-12T02:00:00+05:30
ERP-R-001945,2026-06-12,North,Apparel,43360.58,49431.06,2026-06-13T02:00:00+05:30
ERP-R-001946,2026-06-12,North,Electronics,84415.59,96233.78,2026-06-13T02:00:00+05:30
ERP-R-001947,2026-06-12,North,Home,29350.42,33459.48,2026-06-13T02:00:00+05:30
ERP-R-001948,2026-06-12,South,Apparel,34514.93,39347.03,2026-06-13T02:00:00+05:30
ERP-R-001949,2026-06-12,South,Electronics,66793.35,76144.42,2026-06-13T02:00:00+05:30
ERP-R-001950,2026-06-12,South,Home,28099.67,32033.62,2026-06-13T02:00:00+05:30
ERP-R-001951,2026-06-12,East,Apparel,23953.54,27307.03,2026-06-13T02:00:00+05:30
ERP-R-001952,2026-06-12,East,Electronics,45356.44,51706.34,2026-06-13T02:00:00+05:30
ERP-R-001953,2026-06-12,East,Home,17218.21,19628.76,2026-06-13T02:00:00+05:30
ERP-R-001954,2026-06-12,West,Apparel,31749.58,36194.52,2026-06-13T02:00:00+05:30
ERP-R-001955,2026-06-12,West,Electronics,62605.51,71370.29,2026-06-13T02:00:00+05:30
ERP-R-001956,2026-06-12,West,Home,20460.62,23325.11,2026-06-13T02:00:00+05:30
ERP-R-001957,2026-06-13,North,Apparel,49497.76,56427.45,2026-06-14T02:00:00+05:30
ERP-R-001958,2026-06-13,North,Electronics,103936.45,118487.55,2026-06-14T02:00:00+05:30
ERP-R-001959,2026-06-13,North,Home,32287.36,36807.59,2026-06-14T02:00:00+05:30
ERP-R-001960,2026-06-13,South,Apparel,38363.37,43734.24,2026-06-14T02:00:00+05:30
ERP-R-001961,2026-06-13,South,Electronics,86275.4,98353.96,2026-06-14T02:00:00+05:30
ERP-R-001962,2026-06-13,South,Home,30679.53,34974.67,2026-06-14T02:00:00+05:30
ERP-R-001963,2026-06-13,East,Apparel,28804.63,32837.28,2026-06-14T02:00:00+05:30
ERP-R-001964,2026-06-13,East,Electronics,57424.99,65464.49,2026-06-14T02:00:00+05:30
ERP-R-001965,2026-06-13,East,Home,21287.69,24267.97,2026-06-14T02:00:00+05:30
ERP-R-001966,2026-06-13,West,Apparel,38406.57,43783.49,2026-06-14T02:00:00+05:30
ERP-R-001967,2026-06-13,West,Electronics,71557.3,81575.32,2026-06-14T02:00:00+05:30
ERP-R-001968,2026-06-13,West,Home,27953.6,31867.1,2026-06-14T02:00:00+05:30
ERP-R-001969,2026-06-14,North,Apparel,49723.82,56685.16,2026-06-15T02:00:00+05:30
ERP-R-001970,2026-06-14,North,Electronics,102279.3,116598.4,2026-06-15T02:00:00+05:30
ERP-R-001971,2026-06-14,North,Home,30734.52,35037.36,2026-06-15T02:00:00+05:30
ERP-R-001972,2026-06-14,South,Apparel,40852.94,46572.35,2026-06-15T02:00:00+05:30
ERP-R-001973,2026-06-14,South,Electronics,79872.2,91054.31,2026-06-15T02:00:00+05:30
ERP-R-001974,2026-06-14,South,Home,32297.82,36819.51,2026-06-15T02:00:00+05:30
ERP-R-001975,2026-06-14,East,Apparel,29921.43,34110.42,2026-06-15T02:00:00+05:30
ERP-R-001976,2026-06-14,East,Electronics,55774.24,63582.64,2026-06-15T02:00:00+05:30
ERP-R-001977,2026-06-14,East,Home,20663.71,23556.63,2026-06-15T02:00:00+05:30
ERP-R-001978,2026-06-14,West,Apparel,37670.52,42944.39,2026-06-15T02:00:00+05:30
ERP-R-001979,2026-06-14,West,Electronics,76817.61,87572.07,2026-06-15T02:00:00+05:30
ERP-R-001980,2026-06-14,West,Home,25391.06,28945.81,2026-06-15T02:00:00+05:30
ERP-R-001981,2026-06-15,North,Apparel,41874.41,47736.83,2026-06-16T02:00:00+05:30
ERP-R-001982,2026-06-15,North,Electronics,85542.73,97518.71,2026-06-16T02:00:00+05:30
ERP-R-001983,2026-06-15,North,Home,27728.39,31610.36,2026-06-16T02:00:00+05:30
ERP-R-001984,2026-06-15,South,Apparel,35470.54,40436.42,2026-06-16T02:00:00+05:30
ERP-R-001985,2026-06-15,South,Electronics,70175.86,80000.48,2026-06-16T02:00:00+05:30
ERP-R-001986,2026-06-15,South,Home,26019.47,29662.19,2026-06-16T02:00:00+05:30
ERP-R-001987,2026-06-15,East,Apparel,23781.33,27110.72,2026-06-16T02:00:00+05:30
ERP-R-001988,2026-06-15,East,Electronics,47237.4,53850.63,2026-06-16T02:00:00+05:30
ERP-R-001989,2026-06-15,East,Home,17112.3,19508.02,2026-06-16T02:00:00+05:30
ERP-R-001990,2026-06-15,West,Apparel,32395.76,36931.16,2026-06-16T02:00:00+05:30
ERP-R-001991,2026-06-15,West,Electronics,63043.06,71869.09,2026-06-16T02:00:00+05:30
ERP-R-001992,2026-06-15,West,Home,22977.4,26194.24,2026-06-16T02:00:00+05:30
ERP-R-001993,2026-06-16,North,Apparel,42801.12,48793.28,2026-06-17T02:00:00+05:30
ERP-R-001994,2026-06-16,North,Electronics,81099.66,92453.61,2026-06-17T02:00:00+05:30
ERP-R-001995,2026-06-16,North,Home,27446.57,31289.09,2026-06-17T02:00:00+05:30
ERP-R-001996,2026-06-16,South,Apparel,36052.55,41099.91,2026-06-17T02:00:00+05:30
ERP-R-001997,2026-06-16,South,Electronics,71582.3,81603.82,2026-06-17T02:00:00+05:30
ERP-R-001998,2026-06-16,South,Home,25195.02,28722.32,2026-06-17T02:00:00+05:30
ERP-R-001999,2026-06-16,East,Apparel,24967.12,28462.52,2026-06-17T02:00:00+05:30
ERP-R-002000,2026-06-16,East,Electronics,48142.11,54882.0,2026-06-17T02:00:00+05:30
ERP-R-002001,2026-06-16,East,Home,17886.4,20390.49,2026-06-17T02:00:00+05:30
ERP-R-002002,2026-06-16,West,Apparel,32415.0,36953.1,2026-06-17T02:00:00+05:30
ERP-R-002003,2026-06-16,West,Electronics,66194.04,75461.2,2026-06-17T02:00:00+05:30
ERP-R-002004,2026-06-16,West,Home,23467.05,26752.44,2026-06-17T02:00:00+05:30
ERP-R-002005,2026-06-17,North,Apparel,42579.09,48540.17,2026-06-18T02:00:00+05:30
ERP-R-002006,2026-06-17,North,Electronics,86371.08,98463.03,2026-06-18T02:00:00+05:30
ERP-R-002007,2026-06-17,North,Home,27884.61,31788.45,2026-06-18T02:00:00+05:30
ERP-R-002008,2026-06-17,South,Apparel,36396.41,41491.91,2026-06-18T02:00:00+05:30
ERP-R-002009,2026-06-17,South,Electronics,69963.21,79758.06,2026-06-18T02:00:00+05:30
ERP-R-002010,2026-06-17,South,Home,24638.11,28087.44,2026-06-18T02:00:00+05:30
ERP-R-002011,2026-06-17,East,Apparel,24816.72,28291.06,2026-06-18T02:00:00+05:30
ERP-R-002012,2026-06-17,East,Electronics,47876.72,54579.46,2026-06-18T02:00:00+05:30
ERP-R-002013,2026-06-17,East,Home,16331.47,18617.88,2026-06-18T02:00:00+05:30
ERP-R-002014,2026-06-17,West,Apparel,31620.7,36047.6,2026-06-18T02:00:00+05:30
ERP-R-002015,2026-06-17,West,Electronics,67962.83,77477.63,2026-06-18T02:00:00+05:30
ERP-R-002016,2026-06-17,West,Home,21915.19,24983.32,2026-06-18T02:00:00+05:30
ERP-R-002017,2026-06-18,North,Apparel,43828.53,49964.53,2026-06-19T02:00:00+05:30
ERP-R-002018,2026-06-18,North,Electronics,80971.35,92307.33,2026-06-19T02:00:00+05:30
ERP-R-002019,2026-06-18,North,Home,28791.29,32822.07,2026-06-19T02:00:00+05:30
ERP-R-002020,2026-06-18,South,Apparel,36949.36,42122.27,2026-06-19T02:00:00+05:30
ERP-R-002021,2026-06-18,South,Electronics,67766.54,77253.86,2026-06-19T02:00:00+05:30
ERP-R-002022,2026-06-18,South,Home,25802.68,29415.06,2026-06-19T02:00:00+05:30
ERP-R-002023,2026-06-18,East,Apparel,24277.17,27675.98,2026-06-19T02:00:00+05:30
ERP-R-002024,2026-06-18,East,Electronics,49536.69,56471.83,2026-06-19T02:00:00+05:30
ERP-R-002025,2026-06-18,East,Home,18351.75,20920.99,2026-06-19T02:00:00+05:30
ERP-R-002026,2026-06-18,West,Apparel,31589.73,36012.29,2026-06-19T02:00:00+05:30
ERP-R-002027,2026-06-18,West,Electronics,64657.77,73709.86,2026-06-19T02:00:00+05:30
ERP-R-002028,2026-06-18,West,Home,21308.0,24291.12,2026-06-19T02:00:00+05:30
ERP-R-002029,2026-06-19,North,Apparel,43182.87,49228.47,2026-06-20T02:00:00+05:30
ERP-R-002030,2026-06-19,North,Electronics,88794.74,101226.0,2026-06-20T02:00:00+05:30
ERP-R-002031,2026-06-19,North,Home,27414.81,31252.88,2026-06-20T02:00:00+05:30
ERP-R-002032,2026-06-19,South,Apparel,38122.28,43459.39,2026-06-20T02:00:00+05:30
ERP-R-002033,2026-06-19,South,Electronics,69230.52,78922.79,2026-06-20T02:00:00+05:30
ERP-R-002034,2026-06-19,South,Home,24316.1,27720.35,2026-06-20T02:00:00+05:30
ERP-R-002035,2026-06-19,East,Apparel,26936.19,30707.25,2026-06-20T02:00:00+05:30
ERP-R-002036,2026-06-19,East,Electronics,46647.52,53178.17,2026-06-20T02:00:00+05:30
ERP-R-002037,2026-06-19,East,Home,15731.64,17934.07,2026-06-20T02:00:00+05:30
ERP-R-002038,2026-06-19,West,Apparel,33517.44,38209.89,2026-06-20T02:00:00+05:30
ERP-R-002039,2026-06-19,West,Electronics,68955.0,78608.7,2026-06-20T02:00:00+05:30
ERP-R-002040,2026-06-19,West,Home,23838.5,27175.89,2026-06-20T02:00:00+05:30
ERP-R-002041,2026-06-20,North,Apparel,50235.97,57269.0,2026-06-21T02:00:00+05:30
ERP-R-002042,2026-06-20,North,Electronics,94585.13,107827.05,2026-06-21T02:00:00+05:30
ERP-R-002043,2026-06-20,North,Home,32560.67,37119.16,2026-06-21T02:00:00+05:30
ERP-R-002044,2026-06-20,South,Apparel,41993.56,47872.66,2026-06-21T02:00:00+05:30
ERP-R-002045,2026-06-20,South,Electronics,77616.84,88483.19,2026-06-21T02:00:00+05:30
ERP-R-002046,2026-06-20,South,Home,29277.32,33376.15,2026-06-21T02:00:00+05:30
ERP-R-002047,2026-06-20,East,Apparel,29165.01,33248.12,2026-06-21T02:00:00+05:30
ERP-R-002048,2026-06-20,East,Electronics,56476.89,64383.65,2026-06-21T02:00:00+05:30
ERP-R-002049,2026-06-20,East,Home,22170.35,25274.2,2026-06-21T02:00:00+05:30
ERP-R-002050,2026-06-20,West,Apparel,38506.21,43897.08,2026-06-21T02:00:00+05:30
ERP-R-002051,2026-06-20,West,Electronics,77763.29,88650.15,2026-06-21T02:00:00+05:30
ERP-R-002052,2026-06-20,West,Home,26102.35,29756.68,2026-06-21T02:00:00+05:30
ERP-R-002053,2026-06-21,North,Apparel,52883.46,60287.14,2026-06-22T02:00:00+05:30
ERP-R-002054,2026-06-21,North,Electronics,101228.2,115400.15,2026-06-22T02:00:00+05:30
ERP-R-002055,2026-06-21,North,Home,32193.54,36700.63,2026-06-22T02:00:00+05:30
ERP-R-002056,2026-06-21,South,Apparel,45968.81,52404.44,2026-06-22T02:00:00+05:30
ERP-R-002057,2026-06-21,South,Electronics,88760.33,101186.78,2026-06-22T02:00:00+05:30
ERP-R-002058,2026-06-21,South,Home,31683.4,36119.07,2026-06-22T02:00:00+05:30
ERP-R-002059,2026-06-21,East,Apparel,30134.13,34352.91,2026-06-22T02:00:00+05:30
ERP-R-002060,2026-06-21,East,Electronics,51750.44,58995.51,2026-06-22T02:00:00+05:30
ERP-R-002061,2026-06-21,East,Home,19941.36,22733.15,2026-06-22T02:00:00+05:30
ERP-R-002062,2026-06-21,West,Apparel,39357.0,44866.97,2026-06-22T02:00:00+05:30
ERP-R-002063,2026-06-21,West,Electronics,74847.32,85325.94,2026-06-22T02:00:00+05:30
ERP-R-002064,2026-06-21,West,Home,26812.75,30566.53,2026-06-22T02:00:00+05:30
ERP-R-002065,2026-06-22,North,Apparel,45575.99,51956.62,2026-06-23T02:00:00+05:30
ERP-R-002066,2026-06-22,North,Electronics,86708.12,98847.25,2026-06-23T02:00:00+05:30
ERP-R-002067,2026-06-22,North,Home,27274.5,31092.93,2026-06-23T02:00:00+05:30
ERP-R-002068,2026-06-22,South,Apparel,34723.09,39584.33,2026-06-23T02:00:00+05:30
ERP-R-002069,2026-06-22,South,Electronics,71032.9,80977.5,2026-06-23T02:00:00+05:30
ERP-R-002070,2026-06-22,South,Home,28499.11,32488.99,2026-06-23T02:00:00+05:30
ERP-R-002071,2026-06-22,East,Apparel,24340.66,27748.36,2026-06-23T02:00:00+05:30
ERP-R-002072,2026-06-22,East,Electronics,44648.96,50899.82,2026-06-23T02:00:00+05:30
ERP-R-002073,2026-06-22,East,Home,16851.24,19210.41,2026-06-23T02:00:00+05:30
ERP-R-002074,2026-06-22,West,Apparel,33509.5,38200.83,2026-06-23T02:00:00+05:30
ERP-R-002075,2026-06-22,West,Electronics,64553.35,73590.82,2026-06-23T02:00:00+05:30
ERP-R-002076,2026-06-22,West,Home,21481.57,24488.99,2026-06-23T02:00:00+05:30
ERP-R-002077,2026-06-23,North,Apparel,41536.32,47351.41,2026-06-24T02:00:00+05:30
ERP-R-002078,2026-06-23,North,Electronics,78727.3,89749.13,2026-06-24T02:00:00+05:30
ERP-R-002079,2026-06-23,North,Home,28096.54,32030.05,2026-06-24T02:00:00+05:30
ERP-R-002080,2026-06-23,South,Apparel,36079.05,41130.12,2026-06-24T02:00:00+05:30
ERP-R-002081,2026-06-23,South,Electronics,72933.34,83144.01,2026-06-24T02:00:00+05:30
ERP-R-002082,2026-06-23,South,Home,25259.04,28795.31,2026-06-24T02:00:00+05:30
ERP-R-002083,2026-06-23,East,Apparel,25392.23,28947.15,2026-06-24T02:00:00+05:30
ERP-R-002084,2026-06-23,East,Electronics,47835.99,54533.02,2026-06-24T02:00:00+05:30
ERP-R-002085,2026-06-23,East,Home,17150.29,19551.33,2026-06-24T02:00:00+05:30
ERP-R-002086,2026-06-23,West,Apparel,31102.1,35456.4,2026-06-24T02:00:00+05:30
ERP-R-002087,2026-06-23,West,Electronics,63451.78,72335.03,2026-06-24T02:00:00+05:30
ERP-R-002088,2026-06-23,West,Home,20576.16,23456.82,2026-06-24T02:00:00+05:30
ERP-R-002089,2026-06-24,North,Apparel,41671.49,47505.5,2026-06-25T02:00:00+05:30
ERP-R-002090,2026-06-24,North,Electronics,88122.87,100460.07,2026-06-25T02:00:00+05:30
ERP-R-002091,2026-06-24,North,Home,29588.21,33730.56,2026-06-25T02:00:00+05:30
ERP-R-002092,2026-06-24,South,Apparel,35329.29,40275.39,2026-06-25T02:00:00+05:30
ERP-R-002093,2026-06-24,South,Electronics,69767.17,79534.58,2026-06-25T02:00:00+05:30
ERP-R-002094,2026-06-24,South,Home,24795.36,28266.71,2026-06-25T02:00:00+05:30
ERP-R-002095,2026-06-24,East,Apparel,25816.57,29430.88,2026-06-25T02:00:00+05:30
ERP-R-002096,2026-06-24,East,Electronics,49319.28,56223.98,2026-06-25T02:00:00+05:30
ERP-R-002097,2026-06-24,East,Home,16858.45,19218.64,2026-06-25T02:00:00+05:30
ERP-R-002098,2026-06-24,West,Apparel,35284.11,40223.88,2026-06-25T02:00:00+05:30
ERP-R-002099,2026-06-24,West,Electronics,67338.56,76765.96,2026-06-25T02:00:00+05:30
ERP-R-002100,2026-06-24,West,Home,20374.41,23226.83,2026-06-25T02:00:00+05:30
ERP-R-002101,2026-06-25,North,Apparel,43470.42,49556.28,2026-06-26T02:00:00+05:30
ERP-R-002102,2026-06-25,North,Electronics,83402.83,95079.23,2026-06-26T02:00:00+05:30
ERP-R-002103,2026-06-25,North,Home,28607.06,32612.05,2026-06-26T02:00:00+05:30
ERP-R-002104,2026-06-25,South,Apparel,32705.31,37284.05,2026-06-26T02:00:00+05:30
ERP-R-002105,2026-06-25,South,Electronics,70790.89,80701.61,2026-06-26T02:00:00+05:30
ERP-R-002106,2026-06-25,South,Home,24479.14,27906.21,2026-06-26T02:00:00+05:30
ERP-R-002107,2026-06-25,East,Apparel,23790.64,27121.33,2026-06-26T02:00:00+05:30
ERP-R-002108,2026-06-25,East,Electronics,44874.61,51157.05,2026-06-26T02:00:00+05:30
ERP-R-002109,2026-06-25,East,Home,17235.16,19648.08,2026-06-26T02:00:00+05:30
ERP-R-002110,2026-06-25,West,Apparel,37129.1,42327.17,2026-06-26T02:00:00+05:30
ERP-R-002111,2026-06-25,West,Electronics,68129.14,77667.22,2026-06-26T02:00:00+05:30
ERP-R-002112,2026-06-25,West,Home,23662.0,26974.68,2026-06-26T02:00:00+05:30
ERP-R-002113,2026-06-26,North,Apparel,43991.23,50150.01,2026-06-27T02:00:00+05:30
ERP-R-002114,2026-06-26,North,Electronics,87124.47,99321.9,2026-06-27T02:00:00+05:30
ERP-R-002115,2026-06-26,North,Home,27390.1,31224.72,2026-06-27T02:00:00+05:30
ERP-R-002116,2026-06-26,South,Apparel,33283.61,37943.32,2026-06-27T02:00:00+05:30
ERP-R-002117,2026-06-26,South,Electronics,69598.19,79341.94,2026-06-27T02:00:00+05:30
ERP-R-002118,2026-06-26,South,Home,24028.45,27392.44,2026-06-27T02:00:00+05:30
ERP-R-002119,2026-06-26,East,Apparel,24603.01,28047.44,2026-06-27T02:00:00+05:30
ERP-R-002120,2026-06-26,East,Electronics,47395.6,54030.98,2026-06-27T02:00:00+05:30
ERP-R-002121,2026-06-26,East,Home,16837.65,19194.92,2026-06-27T02:00:00+05:30
ERP-R-002122,2026-06-26,West,Apparel,32621.19,37188.16,2026-06-27T02:00:00+05:30
ERP-R-002123,2026-06-26,West,Electronics,63640.76,72550.47,2026-06-27T02:00:00+05:30
ERP-R-002124,2026-06-26,West,Home,20794.91,23706.2,2026-06-27T02:00:00+05:30
ERP-R-002125,2026-06-27,North,Apparel,49187.38,56073.61,2026-06-28T02:00:00+05:30
ERP-R-002126,2026-06-27,North,Electronics,101387.82,115582.12,2026-06-28T02:00:00+05:30
ERP-R-002127,2026-06-27,North,Home,28596.93,32600.5,2026-06-28T02:00:00+05:30
ERP-R-002128,2026-06-27,South,Apparel,41146.25,46906.73,2026-06-28T02:00:00+05:30
ERP-R-002129,2026-06-27,South,Electronics,80771.59,92079.61,2026-06-28T02:00:00+05:30
ERP-R-002130,2026-06-27,South,Home,29582.23,33723.74,2026-06-28T02:00:00+05:30
ERP-R-002131,2026-06-27,East,Apparel,29335.47,33442.43,2026-06-28T02:00:00+05:30
ERP-R-002132,2026-06-27,East,Electronics,63950.75,72903.86,2026-06-28T02:00:00+05:30
ERP-R-002133,2026-06-27,East,Home,21560.22,24578.66,2026-06-28T02:00:00+05:30
ERP-R-002134,2026-06-27,West,Apparel,37871.18,43173.15,2026-06-28T02:00:00+05:30
ERP-R-002135,2026-06-27,West,Electronics,80209.26,91438.55,2026-06-28T02:00:00+05:30
ERP-R-002136,2026-06-27,West,Home,27658.99,31531.25,2026-06-28T02:00:00+05:30
ERP-R-002137,2026-06-28,North,Apparel,51854.17,59113.75,2026-06-29T02:00:00+05:30
ERP-R-002138,2026-06-28,North,Electronics,100452.28,114515.6,2026-06-29T02:00:00+05:30
ERP-R-002139,2026-06-28,North,Home,34153.93,38935.48,2026-06-29T02:00:00+05:30
ERP-R-002140,2026-06-28,South,Apparel,40385.32,46039.27,2026-06-29T02:00:00+05:30
ERP-R-002141,2026-06-28,South,Electronics,83708.65,95427.86,2026-06-29T02:00:00+05:30
ERP-R-002142,2026-06-28,South,Home,28750.61,32775.69,2026-06-29T02:00:00+05:30
ERP-R-002143,2026-06-28,East,Apparel,28924.1,32973.47,2026-06-29T02:00:00+05:30
ERP-R-002144,2026-06-28,East,Electronics,57670.8,65744.71,2026-06-29T02:00:00+05:30
ERP-R-002145,2026-06-28,East,Home,19175.63,21860.21,2026-06-29T02:00:00+05:30
ERP-R-002146,2026-06-28,West,Apparel,38880.24,44323.47,2026-06-29T02:00:00+05:30
ERP-R-002147,2026-06-28,West,Electronics,79006.27,90067.15,2026-06-29T02:00:00+05:30
ERP-R-002148,2026-06-28,West,Home,25834.64,29451.49,2026-06-29T02:00:00+05:30
ERP-R-002149,2026-06-29,North,Apparel,42528.01,48481.94,2026-06-30T02:00:00+05:30
ERP-R-002150,2026-06-29,North,Electronics,82064.84,93553.92,2026-06-30T02:00:00+05:30
ERP-R-002151,2026-06-29,North,Home,27820.44,31715.3,2026-06-30T02:00:00+05:30
ERP-R-002152,2026-06-29,South,Apparel,36047.7,41094.38,2026-06-30T02:00:00+05:30
ERP-R-002153,2026-06-29,South,Electronics,70184.83,80010.71,2026-06-30T02:00:00+05:30
ERP-R-002154,2026-06-29,South,Home,26660.74,30393.25,2026-06-30T02:00:00+05:30
ERP-R-002155,2026-06-29,East,Apparel,23915.23,27263.36,2026-06-30T02:00:00+05:30
ERP-R-002156,2026-06-29,East,Electronics,47864.07,54565.04,2026-06-30T02:00:00+05:30
ERP-R-002157,2026-06-29,East,Home,16912.83,19280.63,2026-06-30T02:00:00+05:30
ERP-R-002158,2026-06-29,West,Apparel,31452.79,35856.19,2026-06-30T02:00:00+05:30
ERP-R-002159,2026-06-29,West,Electronics,65542.37,74718.3,2026-06-30T02:00:00+05:30
ERP-R-002160,2026-06-29,West,Home,23165.75,26408.96,2026-06-30T02:00:00+05:30
ERP-R-002161,2026-06-30,North,Apparel,43392.16,49467.07,2026-07-01T02:00:00+05:30
ERP-R-002162,2026-06-30,North,Electronics,89024.75,101488.21,2026-07-01T02:00:00+05:30
ERP-R-002163,2026-06-30,North,Home,27581.77,31443.21,2026-07-01T02:00:00+05:30
ERP-R-002164,2026-06-30,South,Apparel,37961.09,43275.65,2026-07-01T02:00:00+05:30
ERP-R-002165,2026-06-30,South,Electronics,68688.42,78304.8,2026-07-01T02:00:00+05:30
ERP-R-002166,2026-06-30,South,Home,25255.86,28791.68,2026-07-01T02:00:00+05:30
ERP-R-002167,2026-06-30,East,Apparel,25110.34,28625.79,2026-07-01T02:00:00+05:30
ERP-R-002168,2026-06-30,East,Electronics,44723.59,50984.9,2026-07-01T02:00:00+05:30
ERP-R-002169,2026-06-30,East,Home,17454.63,19898.28,2026-07-01T02:00:00+05:30
ERP-R-002170,2026-06-30,West,Apparel,30480.05,34747.26,2026-07-01T02:00:00+05:30
ERP-R-002171,2026-06-30,West,Electronics,68478.78,78065.81,2026-07-01T02:00:00+05:30
ERP-R-002172,2026-06-30,West,Home,22958.49,26172.67,2026-07-01T02:00:00+05:30
ERP-R-002173,2026-07-01,North,Apparel,44191.79,50378.64,2026-07-02T02:00:00+05:30
ERP-R-002174,2026-07-01,North,Electronics,83171.89,94815.95,2026-07-02T02:00:00+05:30
ERP-R-002175,2026-07-01,North,Home,26796.24,30547.72,2026-07-02T02:00:00+05:30
ERP-R-002176,2026-07-01,South,Apparel,35776.66,40785.4,2026-07-02T02:00:00+05:30
ERP-R-002177,2026-07-01,South,Electronics,67048.92,76435.77,2026-07-02T02:00:00+05:30
ERP-R-002178,2026-07-01,South,Home,26777.9,30526.8,2026-07-02T02:00:00+05:30
ERP-R-002179,2026-07-01,East,Apparel,25169.17,28692.85,2026-07-02T02:00:00+05:30
ERP-R-002180,2026-07-01,East,Electronics,47517.86,54170.36,2026-07-02T02:00:00+05:30
ERP-R-002181,2026-07-01,East,Home,16725.75,19067.35,2026-07-02T02:00:00+05:30
ERP-R-002182,2026-07-01,West,Apparel,33350.3,38019.34,2026-07-02T02:00:00+05:30
ERP-R-002183,2026-07-01,West,Electronics,63391.72,72266.56,2026-07-02T02:00:00+05:30
ERP-R-002184,2026-07-01,West,Home,22562.66,25721.43,2026-07-02T02:00:00+05:30
ERP-R-002185,2026-07-02,North,Apparel,45544.43,51920.65,2026-07-03T02:00:00+05:30
ERP-R-002186,2026-07-02,North,Electronics,82075.37,93565.92,2026-07-03T02:00:00+05:30
ERP-R-002187,2026-07-02,North,Home,30009.06,34210.33,2026-07-03T02:00:00+05:30
ERP-R-002188,2026-07-02,South,Apparel,36033.12,41077.76,2026-07-03T02:00:00+05:30
ERP-R-002189,2026-07-02,South,Electronics,70620.98,80507.92,2026-07-03T02:00:00+05:30
ERP-R-002190,2026-07-02,South,Home,24742.88,28206.89,2026-07-03T02:00:00+05:30
ERP-R-002191,2026-07-02,East,Apparel,26046.52,29693.04,2026-07-03T02:00:00+05:30
ERP-R-002192,2026-07-02,East,Electronics,47396.66,54032.19,2026-07-03T02:00:00+05:30
ERP-R-002193,2026-07-02,East,Home,18094.58,20627.82,2026-07-03T02:00:00+05:30
ERP-R-002194,2026-07-02,West,Apparel,31099.66,35453.61,2026-07-03T02:00:00+05:30
ERP-R-002195,2026-07-02,West,Electronics,68744.45,78368.67,2026-07-03T02:00:00+05:30
ERP-R-002196,2026-07-02,West,Home,22715.21,25895.34,2026-07-03T02:00:00+05:30
ERP-R-002197,2026-07-03,North,Apparel,39278.39,44777.37,2026-07-04T02:00:00+05:30
ERP-R-002198,2026-07-03,North,Electronics,86598.22,98721.97,2026-07-04T02:00:00+05:30
ERP-R-002199,2026-07-03,North,Home,28219.94,32170.73,2026-07-04T02:00:00+05:30
ERP-R-002200,2026-07-03,South,Apparel,36404.98,41501.67,2026-07-04T02:00:00+05:30
ERP-R-002201,2026-07-03,South,Electronics,67338.76,76766.19,2026-07-04T02:00:00+05:30
ERP-R-002202,2026-07-03,South,Home,25596.92,29180.49,2026-07-04T02:00:00+05:30
ERP-R-002203,2026-07-03,East,Apparel,25832.49,29449.04,2026-07-04T02:00:00+05:30
ERP-R-002204,2026-07-03,East,Electronics,49319.94,56224.73,2026-07-04T02:00:00+05:30
ERP-R-002205,2026-07-03,East,Home,18014.81,20536.88,2026-07-04T02:00:00+05:30
ERP-R-002206,2026-07-03,West,Apparel,32756.28,37342.16,2026-07-04T02:00:00+05:30
ERP-R-002207,2026-07-03,West,Electronics,60589.8,69072.38,2026-07-04T02:00:00+05:30
ERP-R-002208,2026-07-03,West,Home,20729.41,23631.52,2026-07-04T02:00:00+05:30
ERP-R-002209,2026-07-04,North,Apparel,51029.46,58173.58,2026-07-05T02:00:00+05:30
ERP-R-002210,2026-07-04,North,Electronics,98141.84,111881.69,2026-07-05T02:00:00+05:30
ERP-R-002211,2026-07-04,North,Home,34037.08,38802.28,2026-07-05T02:00:00+05:30
ERP-R-002212,2026-07-04,South,Apparel,42783.83,48773.56,2026-07-05T02:00:00+05:30
ERP-R-002213,2026-07-04,South,Electronics,80075.49,91286.06,2026-07-05T02:00:00+05:30
ERP-R-002214,2026-07-04,South,Home,30417.51,34675.96,2026-07-05T02:00:00+05:30
ERP-R-002215,2026-07-04,East,Apparel,29142.7,33222.67,2026-07-05T02:00:00+05:30
ERP-R-002216,2026-07-04,East,Electronics,59869.55,68251.29,2026-07-05T02:00:00+05:30
ERP-R-002217,2026-07-04,East,Home,20489.67,23358.23,2026-07-05T02:00:00+05:30
ERP-R-002218,2026-07-04,West,Apparel,37735.76,43018.77,2026-07-05T02:00:00+05:30
ERP-R-002219,2026-07-04,West,Electronics,72251.98,82367.26,2026-07-05T02:00:00+05:30
ERP-R-002220,2026-07-04,West,Home,25540.67,29116.37,2026-07-05T02:00:00+05:30
ERP-R-002221,2026-07-05,North,Apparel,51378.0,58570.92,2026-07-06T02:00:00+05:30
ERP-R-002222,2026-07-05,North,Electronics,100897.87,115023.57,2026-07-06T02:00:00+05:30
ERP-R-002223,2026-07-05,North,Home,34843.96,39722.11,2026-07-06T02:00:00+05:30
ERP-R-002224,2026-07-05,South,Apparel,45096.33,51409.81,2026-07-06T02:00:00+05:30
ERP-R-002225,2026-07-05,South,Electronics,82141.03,93640.77,2026-07-06T02:00:00+05:30
ERP-R-002226,2026-07-05,South,Home,30106.84,34321.79,2026-07-06T02:00:00+05:30
ERP-R-002227,2026-07-05,East,Apparel,30036.42,34241.52,2026-07-06T02:00:00+05:30
ERP-R-002228,2026-07-05,East,Electronics,59464.03,67789.0,2026-07-06T02:00:00+05:30
ERP-R-002229,2026-07-05,East,Home,20749.51,23654.45,2026-07-06T02:00:00+05:30
ERP-R-002230,2026-07-05,West,Apparel,39200.74,44688.84,2026-07-06T02:00:00+05:30
ERP-R-002231,2026-07-05,West,Electronics,79373.0,90485.22,2026-07-06T02:00:00+05:30
ERP-R-002232,2026-07-05,West,Home,27540.6,31396.29,2026-07-06T02:00:00+05:30
ERP-R-002233,2026-07-06,North,Apparel,42528.39,48482.36,2026-07-07T02:00:00+05:30
ERP-R-002234,2026-07-06,North,Electronics,76201.75,86870.0,2026-07-07T02:00:00+05:30
ERP-R-002235,2026-07-06,North,Home,27466.37,31311.66,2026-07-07T02:00:00+05:30
ERP-R-002236,2026-07-06,South,Apparel,34261.02,39057.57,2026-07-07T02:00:00+05:30
ERP-R-002237,2026-07-06,South,Electronics,68853.64,78493.15,2026-07-07T02:00:00+05:30
ERP-R-002238,2026-07-06,South,Home,26032.84,29677.43,2026-07-07T02:00:00+05:30
ERP-R-002239,2026-07-06,East,Apparel,25439.44,29000.96,2026-07-07T02:00:00+05:30
ERP-R-002240,2026-07-06,East,Electronics,48525.96,55319.59,2026-07-07T02:00:00+05:30
ERP-R-002241,2026-07-06,East,Home,16771.41,19119.41,2026-07-07T02:00:00+05:30
ERP-R-002242,2026-07-06,West,Apparel,34146.33,38926.81,2026-07-07T02:00:00+05:30
ERP-R-002243,2026-07-06,West,Electronics,63679.94,72595.13,2026-07-07T02:00:00+05:30
ERP-R-002244,2026-07-06,West,Home,22447.23,25589.84,2026-07-07T02:00:00+05:30
ERP-R-002245,2026-07-07,North,Apparel,42338.31,48265.67,2026-07-08T02:00:00+05:30
ERP-R-002246,2026-07-07,North,Electronics,83192.17,94839.07,2026-07-08T02:00:00+05:30
ERP-R-002247,2026-07-07,North,Home,28470.32,32456.17,2026-07-08T02:00:00+05:30
ERP-R-002248,2026-07-07,South,Apparel,36951.17,42124.33,2026-07-08T02:00:00+05:30
ERP-R-002249,2026-07-07,South,Electronics,71571.76,81591.81,2026-07-08T02:00:00+05:30
ERP-R-002250,2026-07-07,South,Home,23987.58,27345.84,2026-07-08T02:00:00+05:30
ERP-R-002251,2026-07-07,East,Apparel,26004.61,29645.26,2026-07-08T02:00:00+05:30
ERP-R-002252,2026-07-07,East,Electronics,50834.03,57950.8,2026-07-08T02:00:00+05:30
ERP-R-002253,2026-07-07,East,Home,16786.97,19137.14,2026-07-08T02:00:00+05:30
ERP-R-002254,2026-07-07,West,Apparel,33008.71,37629.93,2026-07-08T02:00:00+05:30
ERP-R-002255,2026-07-07,West,Electronics,64755.21,73820.94,2026-07-08T02:00:00+05:30
ERP-R-002256,2026-07-07,West,Home,21037.29,23982.51,2026-07-08T02:00:00+05:30
ERP-R-002257,2026-07-08,North,Apparel,42159.58,48061.92,2026-07-09T02:00:00+05:30
ERP-R-002258,2026-07-08,North,Electronics,77741.47,88625.28,2026-07-09T02:00:00+05:30
ERP-R-002259,2026-07-08,North,Home,29895.46,34080.83,2026-07-09T02:00:00+05:30
ERP-R-002260,2026-07-08,South,Apparel,34729.05,39591.12,2026-07-09T02:00:00+05:30
ERP-R-002261,2026-07-08,South,Electronics,67977.51,77494.36,2026-07-09T02:00:00+05:30
ERP-R-002262,2026-07-08,South,Home,26061.75,29710.4,2026-07-09T02:00:00+05:30
ERP-R-002263,2026-07-08,East,Apparel,25230.29,28762.53,2026-07-09T02:00:00+05:30
ERP-R-002264,2026-07-08,East,Electronics,51662.94,58895.75,2026-07-09T02:00:00+05:30
ERP-R-002265,2026-07-08,East,Home,17309.35,19732.66,2026-07-09T02:00:00+05:30
ERP-R-002266,2026-07-08,West,Apparel,33482.95,38170.57,2026-07-09T02:00:00+05:30
ERP-R-002267,2026-07-08,West,Electronics,66101.62,75355.85,2026-07-09T02:00:00+05:30
ERP-R-002268,2026-07-08,West,Home,21571.57,24591.59,2026-07-09T02:00:00+05:30
ERP-R-002269,2026-07-09,North,Apparel,44763.4,51030.27,2026-07-10T02:00:00+05:30
ERP-R-002270,2026-07-09,North,Electronics,84394.97,96210.27,2026-07-10T02:00:00+05:30
ERP-R-002271,2026-07-09,North,Home,29836.88,34014.04,2026-07-10T02:00:00+05:30
ERP-R-002272,2026-07-09,South,Apparel,35592.05,40574.93,2026-07-10T02:00:00+05:30
ERP-R-002273,2026-07-09,South,Electronics,66148.98,75409.83,2026-07-10T02:00:00+05:30
ERP-R-002274,2026-07-09,South,Home,25048.15,28554.89,2026-07-10T02:00:00+05:30
ERP-R-002275,2026-07-09,East,Apparel,26270.91,29948.83,2026-07-10T02:00:00+05:30
ERP-R-002276,2026-07-09,East,Electronics,48872.8,55714.99,2026-07-10T02:00:00+05:30
ERP-R-002277,2026-07-09,East,Home,16876.45,19239.15,2026-07-10T02:00:00+05:30
ERP-R-002278,2026-07-09,West,Apparel,31539.56,35955.1,2026-07-10T02:00:00+05:30
ERP-R-002279,2026-07-09,West,Electronics,63527.9,72421.81,2026-07-10T02:00:00+05:30
ERP-R-002280,2026-07-09,West,Home,22031.57,25115.99,2026-07-10T02:00:00+05:30
ERP-R-002281,2026-07-10,North,Apparel,43534.16,49628.94,2026-07-11T02:00:00+05:30
ERP-R-002282,2026-07-10,North,Electronics,78554.04,89551.6,2026-07-11T02:00:00+05:30
ERP-R-002283,2026-07-10,North,Home,29436.21,33557.28,2026-07-11T02:00:00+05:30
ERP-R-002284,2026-07-10,South,Apparel,34207.14,38996.13,2026-07-11T02:00:00+05:30
ERP-R-002285,2026-07-10,South,Electronics,67579.83,77041.01,2026-07-11T02:00:00+05:30
ERP-R-002286,2026-07-10,South,Home,25753.51,29359.0,2026-07-11T02:00:00+05:30
ERP-R-002287,2026-07-10,East,Apparel,27037.49,30822.74,2026-07-11T02:00:00+05:30
ERP-R-002288,2026-07-10,East,Electronics,47306.4,53929.3,2026-07-11T02:00:00+05:30
ERP-R-002289,2026-07-10,East,Home,16926.6,19296.33,2026-07-11T02:00:00+05:30
ERP-R-002290,2026-07-10,West,Apparel,33952.41,38705.75,2026-07-11T02:00:00+05:30
ERP-R-002291,2026-07-10,West,Electronics,68198.79,77746.62,2026-07-11T02:00:00+05:30
ERP-R-002292,2026-07-10,West,Home,22424.02,25563.38,2026-07-11T02:00:00+05:30
ERP-R-002293,2026-07-11,North,Apparel,52680.31,60055.55,2026-07-12T02:00:00+05:30
ERP-R-002294,2026-07-11,North,Electronics,101572.34,115792.47,2026-07-12T02:00:00+05:30
ERP-R-002295,2026-07-11,North,Home,31503.46,35913.95,2026-07-12T02:00:00+05:30
ERP-R-002296,2026-07-11,South,Apparel,41208.7,46977.91,2026-07-12T02:00:00+05:30
ERP-R-002297,2026-07-11,South,Electronics,87813.29,100107.15,2026-07-12T02:00:00+05:30
ERP-R-002298,2026-07-11,South,Home,27915.52,31823.69,2026-07-12T02:00:00+05:30
ERP-R-002299,2026-07-11,East,Apparel,28692.52,32709.47,2026-07-12T02:00:00+05:30
ERP-R-002300,2026-07-11,East,Electronics,56088.75,63941.17,2026-07-12T02:00:00+05:30
ERP-R-002301,2026-07-11,East,Home,20358.65,23208.86,2026-07-12T02:00:00+05:30
ERP-R-002302,2026-07-11,West,Apparel,39028.92,44492.97,2026-07-12T02:00:00+05:30
ERP-R-002303,2026-07-11,West,Electronics,74885.6,85369.58,2026-07-12T02:00:00+05:30
ERP-R-002304,2026-07-11,West,Home,25044.62,28550.87,2026-07-12T02:00:00+05:30
ERP-R-002305,2026-07-12,North,Apparel,47656.37,54328.27,2026-07-13T02:00:00+05:30
ERP-R-002306,2026-07-12,North,Electronics,97475.18,111121.7,2026-07-13T02:00:00+05:30
ERP-R-002307,2026-07-12,North,Home,34084.81,38856.68,2026-07-13T02:00:00+05:30
ERP-R-002308,2026-07-12,South,Apparel,40300.45,45942.52,2026-07-13T02:00:00+05:30
ERP-R-002309,2026-07-12,South,Electronics,85018.16,96920.7,2026-07-13T02:00:00+05:30
ERP-R-002310,2026-07-12,South,Home,29046.22,33112.69,2026-07-13T02:00:00+05:30
ERP-R-002311,2026-07-12,East,Apparel,29403.77,33520.3,2026-07-13T02:00:00+05:30
ERP-R-002312,2026-07-12,East,Electronics,53902.94,61449.35,2026-07-13T02:00:00+05:30
ERP-R-002313,2026-07-12,East,Home,20854.27,23773.86,2026-07-13T02:00:00+05:30
ERP-R-002314,2026-07-12,West,Apparel,37510.14,42761.56,2026-07-13T02:00:00+05:30
ERP-R-002315,2026-07-12,West,Electronics,79037.44,90102.68,2026-07-13T02:00:00+05:30
ERP-R-002316,2026-07-12,West,Home,26393.67,30088.78,2026-07-13T02:00:00+05:30
ERP-R-002317,2026-07-13,North,Apparel,45617.18,52003.59,2026-07-14T02:00:00+05:30
ERP-R-002318,2026-07-13,North,Electronics,86893.18,99058.23,2026-07-14T02:00:00+05:30
ERP-R-002319,2026-07-13,North,Home,27914.37,31822.38,2026-07-14T02:00:00+05:30
ERP-R-002320,2026-07-13,South,Apparel,34355.97,39165.81,2026-07-14T02:00:00+05:30
ERP-R-002321,2026-07-13,South,Electronics,67668.48,77142.07,2026-07-14T02:00:00+05:30
ERP-R-002322,2026-07-13,South,Home,23838.64,27176.05,2026-07-14T02:00:00+05:30
ERP-R-002323,2026-07-13,East,Apparel,26350.68,30039.77,2026-07-14T02:00:00+05:30
ERP-R-002324,2026-07-13,East,Electronics,46383.95,52877.7,2026-07-14T02:00:00+05:30
ERP-R-002325,2026-07-13,East,Home,17303.85,19726.39,2026-07-14T02:00:00+05:30
ERP-R-002326,2026-07-13,West,Apparel,31771.1,36219.06,2026-07-14T02:00:00+05:30
ERP-R-002327,2026-07-13,West,Electronics,68088.35,77620.72,2026-07-14T02:00:00+05:30
ERP-R-002328,2026-07-13,West,Home,22345.23,25473.57,2026-07-14T02:00:00+05:30
ERP-R-002329,2026-07-14,North,Apparel,44455.16,50678.89,2026-07-15T02:00:00+05:30
ERP-R-002330,2026-07-14,North,Electronics,81104.11,92458.68,2026-07-15T02:00:00+05:30
ERP-R-002331,2026-07-14,North,Home,27516.25,31368.53,2026-07-15T02:00:00+05:30
ERP-R-002332,2026-07-14,South,Apparel,34523.57,39356.87,2026-07-15T02:00:00+05:30
ERP-R-002333,2026-07-14,South,Electronics,65685.77,74881.78,2026-07-15T02:00:00+05:30
ERP-R-002334,2026-07-14,South,Home,26784.08,30533.85,2026-07-15T02:00:00+05:30
ERP-R-002335,2026-07-14,East,Apparel,25350.18,28899.21,2026-07-15T02:00:00+05:30
ERP-R-002336,2026-07-14,East,Electronics,45020.07,51322.88,2026-07-15T02:00:00+05:30
ERP-R-002337,2026-07-14,East,Home,17467.09,19912.48,2026-07-15T02:00:00+05:30
ERP-R-002338,2026-07-14,West,Apparel,32508.29,37059.46,2026-07-15T02:00:00+05:30
ERP-R-002339,2026-07-14,West,Electronics,61469.38,70075.09,2026-07-15T02:00:00+05:30
ERP-R-002340,2026-07-14,West,Home,21834.53,24891.36,2026-07-15T02:00:00+05:30
ERP-R-002341,2026-07-15,North,Apparel,43918.95,50067.6,2026-07-16T02:00:00+05:30
ERP-R-002342,2026-07-15,North,Electronics,88576.67,100977.41,2026-07-16T02:00:00+05:30
ERP-R-002343,2026-07-15,North,Home,26947.09,30719.68,2026-07-16T02:00:00+05:30
ERP-R-002344,2026-07-15,South,Apparel,35148.12,40068.86,2026-07-16T02:00:00+05:30
ERP-R-002345,2026-07-15,South,Electronics,73676.88,83991.64,2026-07-16T02:00:00+05:30
ERP-R-002346,2026-07-15,South,Home,25098.26,28612.02,2026-07-16T02:00:00+05:30
ERP-R-002347,2026-07-15,East,Apparel,23846.0,27184.44,2026-07-16T02:00:00+05:30
ERP-R-002348,2026-07-15,East,Electronics,42522.19,48475.29,2026-07-16T02:00:00+05:30
ERP-R-002349,2026-07-15,East,Home,17779.48,20268.6,2026-07-16T02:00:00+05:30
ERP-R-002350,2026-07-15,West,Apparel,30579.45,34860.58,2026-07-16T02:00:00+05:30
ERP-R-002351,2026-07-15,West,Electronics,62327.99,71053.91,2026-07-16T02:00:00+05:30
ERP-R-002352,2026-07-15,West,Home,22725.81,25907.42,2026-07-16T02:00:00+05:30
ERP-R-002353,2026-07-16,North,Apparel,42084.32,47976.12,2026-07-17T02:00:00+05:30
ERP-R-002354,2026-07-16,North,Electronics,81253.62,92629.12,2026-07-17T02:00:00+05:30
ERP-R-002355,2026-07-16,North,Home,28235.27,32188.21,2026-07-17T02:00:00+05:30
ERP-R-002356,2026-07-16,South,Apparel,37801.65,43093.88,2026-07-17T02:00:00+05:30
ERP-R-002357,2026-07-16,South,Electronics,71154.25,81115.84,2026-07-17T02:00:00+05:30
ERP-R-002358,2026-07-16,South,Home,25333.52,28880.22,2026-07-17T02:00:00+05:30
ERP-R-002359,2026-07-16,East,Apparel,25282.65,28822.22,2026-07-17T02:00:00+05:30
ERP-R-002360,2026-07-16,East,Electronics,46942.25,53514.16,2026-07-17T02:00:00+05:30
ERP-R-002361,2026-07-16,East,Home,17324.9,19750.38,2026-07-17T02:00:00+05:30
ERP-R-002362,2026-07-16,West,Apparel,30575.16,34855.69,2026-07-17T02:00:00+05:30
ERP-R-002363,2026-07-16,West,Electronics,61449.03,70051.89,2026-07-17T02:00:00+05:30
ERP-R-002364,2026-07-16,West,Home,21234.01,24206.77,2026-07-17T02:00:00+05:30
ERP-R-002365,2026-07-17,North,Apparel,44441.64,50663.46,2026-07-18T02:00:00+05:30
ERP-R-002366,2026-07-17,North,Electronics,79625.57,90773.15,2026-07-18T02:00:00+05:30
ERP-R-002367,2026-07-17,North,Home,27794.83,31686.11,2026-07-18T02:00:00+05:30
ERP-R-002368,2026-07-17,South,Apparel,37026.71,42210.45,2026-07-18T02:00:00+05:30
ERP-R-002369,2026-07-17,South,Electronics,68163.7,77706.62,2026-07-18T02:00:00+05:30
ERP-R-002370,2026-07-17,South,Home,24393.33,27808.4,2026-07-18T02:00:00+05:30
ERP-R-002371,2026-07-17,East,Apparel,25003.25,28503.7,2026-07-18T02:00:00+05:30
ERP-R-002372,2026-07-17,East,Electronics,47899.73,54605.69,2026-07-18T02:00:00+05:30
ERP-R-002373,2026-07-17,East,Home,18905.94,21552.78,2026-07-18T02:00:00+05:30
ERP-R-002374,2026-07-17,West,Apparel,31894.07,36359.24,2026-07-18T02:00:00+05:30
ERP-R-002375,2026-07-17,West,Electronics,68235.38,77788.33,2026-07-18T02:00:00+05:30
ERP-R-002376,2026-07-17,West,Home,21519.67,24532.42,2026-07-18T02:00:00+05:30
ERP-R-002377,2026-07-18,North,Apparel,49569.42,56509.14,2026-07-19T02:00:00+05:30
ERP-R-002378,2026-07-18,North,Electronics,97748.5,111433.29,2026-07-19T02:00:00+05:30
ERP-R-002379,2026-07-18,North,Home,31824.77,36280.24,2026-07-19T02:00:00+05:30
ERP-R-002380,2026-07-18,South,Apparel,38999.25,44459.14,2026-07-19T02:00:00+05:30
ERP-R-002381,2026-07-18,South,Electronics,83738.97,95462.43,2026-07-19T02:00:00+05:30
ERP-R-002382,2026-07-18,South,Home,29570.39,33710.25,2026-07-19T02:00:00+05:30
ERP-R-002383,2026-07-18,East,Apparel,29939.04,34130.5,2026-07-19T02:00:00+05:30
ERP-R-002384,2026-07-18,East,Electronics,55562.08,63340.77,2026-07-19T02:00:00+05:30
ERP-R-002385,2026-07-18,East,Home,20881.52,23804.93,2026-07-19T02:00:00+05:30
ERP-R-002386,2026-07-18,West,Apparel,38756.36,44182.25,2026-07-19T02:00:00+05:30
ERP-R-002387,2026-07-18,West,Electronics,76834.85,87591.73,2026-07-19T02:00:00+05:30
ERP-R-002388,2026-07-18,West,Home,26069.79,29719.56,2026-07-19T02:00:00+05:30
ERP-R-002389,2026-07-19,North,Apparel,48237.62,54990.89,2026-07-20T02:00:00+05:30
ERP-R-002390,2026-07-19,North,Electronics,100396.96,114452.54,2026-07-20T02:00:00+05:30
ERP-R-002391,2026-07-19,North,Home,36506.83,41617.79,2026-07-20T02:00:00+05:30
ERP-R-002392,2026-07-19,South,Apparel,42979.69,48996.85,2026-07-20T02:00:00+05:30
ERP-R-002393,2026-07-19,South,Electronics,82164.59,93667.63,2026-07-20T02:00:00+05:30
ERP-R-002394,2026-07-19,South,Home,28657.56,32669.62,2026-07-20T02:00:00+05:30
ERP-R-002395,2026-07-19,East,Apparel,27295.17,31116.49,2026-07-20T02:00:00+05:30
ERP-R-002396,2026-07-19,East,Electronics,56566.5,64485.81,2026-07-20T02:00:00+05:30
ERP-R-002397,2026-07-19,East,Home,20658.58,23550.78,2026-07-20T02:00:00+05:30
ERP-R-002398,2026-07-19,West,Apparel,36312.77,41396.56,2026-07-20T02:00:00+05:30
ERP-R-002399,2026-07-19,West,Electronics,76884.48,87648.31,2026-07-20T02:00:00+05:30
ERP-R-002400,2026-07-19,West,Home,25435.29,28996.23,2026-07-20T02:00:00+05:30
ERP-R-002401,2026-07-20,North,Apparel,43707.01,49825.99,2026-07-21T02:00:00+05:30
ERP-R-002402,2026-07-20,North,Electronics,84715.75,96575.95,2026-07-21T02:00:00+05:30
ERP-R-002403,2026-07-20,North,Home,28798.5,32830.29,2026-07-21T02:00:00+05:30
ERP-R-002404,2026-07-20,South,Apparel,35346.51,40295.02,2026-07-21T02:00:00+05:30
ERP-R-002405,2026-07-20,South,Electronics,68080.37,77611.62,2026-07-21T02:00:00+05:30
ERP-R-002406,2026-07-20,South,Home,25044.67,28550.92,2026-07-21T02:00:00+05:30
ERP-R-002407,2026-07-20,East,Apparel,23822.16,27157.26,2026-07-21T02:00:00+05:30
ERP-R-002408,2026-07-20,East,Electronics,49476.32,56403.0,2026-07-21T02:00:00+05:30
ERP-R-002409,2026-07-20,East,Home,16537.94,18853.25,2026-07-21T02:00:00+05:30
ERP-R-002410,2026-07-20,West,Apparel,30200.26,34428.3,2026-07-21T02:00:00+05:30
ERP-R-002411,2026-07-20,West,Electronics,61276.0,69854.64,2026-07-21T02:00:00+05:30
ERP-R-002412,2026-07-20,West,Home,22664.62,25837.66,2026-07-21T02:00:00+05:30
ERP-R-002413,2026-07-21,North,Apparel,41077.48,46828.33,2026-07-22T02:00:00+05:30
ERP-R-002414,2026-07-21,North,Electronics,83385.08,95059.0,2026-07-22T02:00:00+05:30
ERP-R-002415,2026-07-21,North,Home,28745.62,32770.0,2026-07-22T02:00:00+05:30
ERP-R-002416,2026-07-21,South,Apparel,35211.7,40141.33,2026-07-22T02:00:00+05:30
ERP-R-002417,2026-07-21,South,Electronics,66806.69,76159.63,2026-07-22T02:00:00+05:30
ERP-R-002418,2026-07-21,South,Home,25743.53,29347.62,2026-07-22T02:00:00+05:30
ERP-R-002419,2026-07-21,East,Apparel,26795.95,30547.39,2026-07-22T02:00:00+05:30
ERP-R-002420,2026-07-21,East,Electronics,46242.74,52716.72,2026-07-22T02:00:00+05:30
ERP-R-002421,2026-07-21,East,Home,16990.5,19369.17,2026-07-22T02:00:00+05:30
ERP-R-002422,2026-07-21,West,Apparel,31691.67,36128.51,2026-07-22T02:00:00+05:30
ERP-R-002423,2026-07-21,West,Electronics,66782.59,76132.15,2026-07-22T02:00:00+05:30
ERP-R-002424,2026-07-21,West,Home,22976.81,26193.57,2026-07-22T02:00:00+05:30
ERP-R-002425,2026-07-22,North,Apparel,42616.35,48582.64,2026-07-23T02:00:00+05:30
ERP-R-002426,2026-07-22,North,Electronics,81657.73,93089.81,2026-07-23T02:00:00+05:30
ERP-R-002427,2026-07-22,North,Home,28168.45,32112.03,2026-07-23T02:00:00+05:30
ERP-R-002428,2026-07-22,South,Apparel,34338.1,39145.44,2026-07-23T02:00:00+05:30
ERP-R-002429,2026-07-22,South,Electronics,68383.71,77957.42,2026-07-23T02:00:00+05:30
ERP-R-002430,2026-07-22,South,Home,23484.77,26772.63,2026-07-23T02:00:00+05:30
ERP-R-002431,2026-07-22,East,Apparel,23547.4,26844.03,2026-07-23T02:00:00+05:30
ERP-R-002432,2026-07-22,East,Electronics,46942.02,53513.9,2026-07-23T02:00:00+05:30
ERP-R-002433,2026-07-22,East,Home,16290.47,18571.14,2026-07-23T02:00:00+05:30
ERP-R-002434,2026-07-22,West,Apparel,31325.53,35711.11,2026-07-23T02:00:00+05:30
ERP-R-002435,2026-07-22,West,Electronics,66615.43,75941.59,2026-07-23T02:00:00+05:30
ERP-R-002436,2026-07-22,West,Home,22245.87,25360.29,2026-07-23T02:00:00+05:30
ERP-R-002437,2026-07-23,North,Apparel,42106.39,48001.28,2026-07-24T02:00:00+05:30
ERP-R-002438,2026-07-23,North,Electronics,81586.41,93008.51,2026-07-24T02:00:00+05:30
ERP-R-002439,2026-07-23,North,Home,27780.39,31669.65,2026-07-24T02:00:00+05:30
ERP-R-002440,2026-07-23,South,Apparel,37504.71,42755.37,2026-07-24T02:00:00+05:30
ERP-R-002441,2026-07-23,South,Electronics,66357.43,75647.47,2026-07-24T02:00:00+05:30
ERP-R-002442,2026-07-23,South,Home,25559.57,29137.91,2026-07-24T02:00:00+05:30
ERP-R-002443,2026-07-23,East,Apparel,24719.63,28180.38,2026-07-24T02:00:00+05:30
ERP-R-002444,2026-07-23,East,Electronics,45854.53,52274.16,2026-07-24T02:00:00+05:30
ERP-R-002445,2026-07-23,East,Home,16855.01,19214.71,2026-07-24T02:00:00+05:30
ERP-R-002446,2026-07-23,West,Apparel,30943.56,35275.66,2026-07-24T02:00:00+05:30
ERP-R-002447,2026-07-23,West,Electronics,65523.03,74696.26,2026-07-24T02:00:00+05:30
ERP-R-002448,2026-07-23,West,Home,22034.63,25119.48,2026-07-24T02:00:00+05:30
ERP-R-002449,2026-07-24,North,Apparel,43225.63,49277.21,2026-07-25T02:00:00+05:30
ERP-R-002450,2026-07-24,North,Electronics,85806.9,97819.87,2026-07-25T02:00:00+05:30
ERP-R-002451,2026-07-24,North,Home,29596.09,33739.54,2026-07-25T02:00:00+05:30
ERP-R-002452,2026-07-24,South,Apparel,34850.23,39729.26,2026-07-25T02:00:00+05:30
ERP-R-002453,2026-07-24,South,Electronics,67286.73,76706.87,2026-07-25T02:00:00+05:30
ERP-R-002454,2026-07-24,South,Home,25002.52,28502.87,2026-07-25T02:00:00+05:30
ERP-R-002455,2026-07-24,East,Apparel,22717.59,25898.06,2026-07-25T02:00:00+05:30
ERP-R-002456,2026-07-24,East,Electronics,44035.81,50200.82,2026-07-25T02:00:00+05:30
ERP-R-002457,2026-07-24,East,Home,16382.23,18675.74,2026-07-25T02:00:00+05:30
ERP-R-002458,2026-07-24,West,Apparel,34119.67,38896.43,2026-07-25T02:00:00+05:30
ERP-R-002459,2026-07-24,West,Electronics,66746.93,76091.5,2026-07-25T02:00:00+05:30
ERP-R-002460,2026-07-24,West,Home,23364.91,26636.0,2026-07-25T02:00:00+05:30
ERP-R-002461,2026-07-25,North,Apparel,49400.51,56316.58,2026-07-26T02:00:00+05:30
ERP-R-002462,2026-07-25,North,Electronics,89400.72,101916.82,2026-07-26T02:00:00+05:30
ERP-R-002463,2026-07-25,North,Home,35131.17,40049.54,2026-07-26T02:00:00+05:30
ERP-R-002464,2026-07-25,South,Apparel,41734.28,47577.08,2026-07-26T02:00:00+05:30
ERP-R-002465,2026-07-25,South,Electronics,74862.62,85343.38,2026-07-26T02:00:00+05:30
ERP-R-002466,2026-07-25,South,Home,31572.81,35993.0,2026-07-26T02:00:00+05:30
ERP-R-002467,2026-07-25,East,Apparel,29379.41,33492.52,2026-07-26T02:00:00+05:30
ERP-R-002468,2026-07-25,East,Electronics,50761.36,57867.95,2026-07-26T02:00:00+05:30
ERP-R-002469,2026-07-25,East,Home,19749.9,22514.88,2026-07-26T02:00:00+05:30
ERP-R-002470,2026-07-25,West,Apparel,37030.34,42214.59,2026-07-26T02:00:00+05:30
ERP-R-002471,2026-07-25,West,Electronics,68804.03,78436.6,2026-07-26T02:00:00+05:30
ERP-R-002472,2026-07-25,West,Home,25543.31,29119.38,2026-07-26T02:00:00+05:30
ERP-R-002473,2026-07-26,North,Apparel,49198.63,56086.44,2026-07-27T02:00:00+05:30
ERP-R-002474,2026-07-26,North,Electronics,92650.65,105621.74,2026-07-27T02:00:00+05:30
ERP-R-002475,2026-07-26,North,Home,32874.25,37476.65,2026-07-27T02:00:00+05:30
ERP-R-002476,2026-07-26,South,Apparel,40134.04,45752.81,2026-07-27T02:00:00+05:30
ERP-R-002477,2026-07-26,South,Electronics,69295.25,78996.59,2026-07-27T02:00:00+05:30
ERP-R-002478,2026-07-26,South,Home,27736.21,31619.28,2026-07-27T02:00:00+05:30
ERP-R-002479,2026-07-26,East,Apparel,29982.84,34180.44,2026-07-27T02:00:00+05:30
ERP-R-002480,2026-07-26,East,Electronics,50186.77,57212.91,2026-07-27T02:00:00+05:30
ERP-R-002481,2026-07-26,East,Home,20126.2,22943.86,2026-07-27T02:00:00+05:30
ERP-R-002482,2026-07-26,West,Apparel,34530.39,39364.65,2026-07-27T02:00:00+05:30
ERP-R-002483,2026-07-26,West,Electronics,69224.54,78915.98,2026-07-27T02:00:00+05:30
ERP-R-002484,2026-07-26,West,Home,25481.78,29049.23,2026-07-27T02:00:00+05:30
ERP-R-002485,2026-07-27,North,Apparel,42629.31,48597.41,2026-07-28T02:00:00+05:30
ERP-R-002486,2026-07-27,North,Electronics,73793.67,84124.78,2026-07-28T02:00:00+05:30
ERP-R-002487,2026-07-27,North,Home,29390.66,33505.35,2026-07-28T02:00:00+05:30
ERP-R-002488,2026-07-27,South,Apparel,36149.49,41210.42,2026-07-28T02:00:00+05:30
ERP-R-002489,2026-07-27,South,Electronics,61949.44,70622.36,2026-07-28T02:00:00+05:30
ERP-R-002490,2026-07-27,South,Home,24734.96,28197.85,2026-07-28T02:00:00+05:30
ERP-R-002491,2026-07-27,East,Apparel,24702.29,28160.61,2026-07-28T02:00:00+05:30
ERP-R-002492,2026-07-27,East,Electronics,39966.75,45562.1,2026-07-28T02:00:00+05:30
ERP-R-002493,2026-07-27,East,Home,17432.28,19872.8,2026-07-28T02:00:00+05:30
ERP-R-002494,2026-07-27,West,Apparel,30664.24,34957.24,2026-07-28T02:00:00+05:30
ERP-R-002495,2026-07-27,West,Electronics,55003.58,62704.08,2026-07-28T02:00:00+05:30
ERP-R-002496,2026-07-27,West,Home,21246.3,24220.79,2026-07-28T02:00:00+05:30
ERP-R-002497,2026-07-28,North,Apparel,53975.87,61532.49,2026-07-29T02:00:00+05:30
ERP-R-002498,2026-07-28,North,Electronics,105218.39,119948.97,2026-07-29T02:00:00+05:30
ERP-R-002499,2026-07-28,North,Home,36650.15,41781.17,2026-07-29T02:00:00+05:30
ERP-R-002500,2026-07-28,South,Apparel,34918.22,39806.77,2026-07-29T02:00:00+05:30
ERP-R-002501,2026-07-28,South,Electronics,60911.98,69439.65,2026-07-29T02:00:00+05:30
ERP-R-002502,2026-07-28,South,Home,23957.1,27311.09,2026-07-29T02:00:00+05:30
ERP-R-002503,2026-07-28,East,Apparel,24127.78,27505.67,2026-07-29T02:00:00+05:30
ERP-R-002504,2026-07-28,East,Electronics,41130.4,46888.65,2026-07-29T02:00:00+05:30
ERP-R-002505,2026-07-28,East,Home,17151.62,19552.84,2026-07-29T02:00:00+05:30
ERP-R-002506,2026-07-28,West,Apparel,32140.33,36639.98,2026-07-29T02:00:00+05:30
ERP-R-002507,2026-07-28,West,Electronics,59032.73,67297.32,2026-07-29T02:00:00+05:30
ERP-R-002508,2026-07-28,West,Home,22363.18,25494.03,2026-07-29T02:00:00+05:30
ERP-R-002509,2026-07-29,North,Apparel,51637.46,58866.7,2026-07-30T02:00:00+05:30
ERP-R-002510,2026-07-29,North,Electronics,105279.19,120018.28,2026-07-30T02:00:00+05:30
ERP-R-002511,2026-07-29,North,Home,35318.27,40262.83,2026-07-30T02:00:00+05:30
ERP-R-002512,2026-07-29,South,Apparel,35148.23,40068.98,2026-07-30T02:00:00+05:30
ERP-R-002513,2026-07-29,South,Electronics,62006.42,70687.32,2026-07-30T02:00:00+05:30
ERP-R-002514,2026-07-29,South,Home,23357.07,26627.06,2026-07-30T02:00:00+05:30
ERP-R-002515,2026-07-29,East,Apparel,23051.35,26278.53,2026-07-30T02:00:00+05:30
ERP-R-002516,2026-07-29,East,Electronics,40886.02,46610.06,2026-07-30T02:00:00+05:30
ERP-R-002517,2026-07-29,East,Home,17344.9,19773.19,2026-07-30T02:00:00+05:30
ERP-R-002518,2026-07-29,West,Apparel,33961.49,38716.1,2026-07-30T02:00:00+05:30
ERP-R-002519,2026-07-29,West,Electronics,60052.71,68460.08,2026-07-30T02:00:00+05:30
ERP-R-002520,2026-07-29,West,Home,22213.68,25323.59,2026-07-30T02:00:00+05:30
ERP-R-002521,2026-07-30,North,Apparel,49770.39,56738.25,2026-07-31T02:00:00+05:30
ERP-R-002522,2026-07-30,North,Electronics,105191.71,119918.55,2026-07-31T02:00:00+05:30
ERP-R-002523,2026-07-30,North,Home,36667.87,41801.37,2026-07-31T02:00:00+05:30
ERP-R-002524,2026-07-30,South,Apparel,34059.39,38827.71,2026-07-31T02:00:00+05:30
ERP-R-002525,2026-07-30,South,Electronics,60074.69,68485.14,2026-07-31T02:00:00+05:30
ERP-R-002526,2026-07-30,South,Home,25326.4,28872.1,2026-07-31T02:00:00+05:30
ERP-R-002527,2026-07-30,East,Apparel,24966.49,28461.8,2026-07-31T02:00:00+05:30
ERP-R-002528,2026-07-30,East,Electronics,43639.72,49749.29,2026-07-31T02:00:00+05:30
ERP-R-002529,2026-07-30,East,Home,17012.02,19393.7,2026-07-31T02:00:00+05:30
ERP-R-002530,2026-07-30,West,Apparel,29409.19,33526.48,2026-07-31T02:00:00+05:30
ERP-R-002531,2026-07-30,West,Electronics,58971.93,67228.0,2026-07-31T02:00:00+05:30
ERP-R-002532,2026-07-30,West,Home,20292.87,23133.88,2026-07-31T02:00:00+05:30
ERP-R-002533,2026-07-31,North,Apparel,50583.39,57665.06,2026-08-01T02:00:00+05:30
ERP-R-002534,2026-07-31,North,Electronics,99034.29,112899.09,2026-08-01T02:00:00+05:30
ERP-R-002535,2026-07-31,North,Home,32607.73,37172.81,2026-08-01T02:00:00+05:30
ERP-R-002536,2026-07-31,South,Apparel,33085.34,37717.29,2026-08-01T02:00:00+05:30
ERP-R-002537,2026-07-31,South,Electronics,58938.81,67190.25,2026-08-01T02:00:00+05:30
ERP-R-002538,2026-07-31,South,Home,25177.61,28702.47,2026-08-01T02:00:00+05:30
ERP-R-002539,2026-07-31,East,Apparel,25564.17,29143.15,2026-08-01T02:00:00+05:30
ERP-R-002540,2026-07-31,East,Electronics,42219.15,48129.84,2026-08-01T02:00:00+05:30
ERP-R-002541,2026-07-31,East,Home,17193.53,19600.63,2026-08-01T02:00:00+05:30
ERP-R-002542,2026-07-31,West,Apparel,32180.37,36685.63,2026-08-01T02:00:00+05:30
ERP-R-002543,2026-07-31,West,Electronics,58990.09,67248.7,2026-08-01T02:00:00+05:30
ERP-R-002544,2026-07-31,West,Home,22419.15,25557.83,2026-08-01T02:00:00+05:30
ERP-R-002545,2026-08-01,North,Apparel,53954.39,61508.0,2026-08-02T02:00:00+05:30
ERP-R-002546,2026-08-01,North,Electronics,100959.06,115093.33,2026-08-02T02:00:00+05:30
ERP-R-002547,2026-08-01,North,Home,38975.95,44432.58,2026-08-02T02:00:00+05:30
ERP-R-002548,2026-08-01,South,Apparel,43029.58,49053.72,2026-08-02T02:00:00+05:30
ERP-R-002549,2026-08-01,South,Electronics,67226.54,76638.26,2026-08-02T02:00:00+05:30
ERP-R-002550,2026-08-01,South,Home,30154.34,34375.95,2026-08-02T02:00:00+05:30
ERP-R-002551,2026-08-01,East,Apparel,26948.42,30721.19,2026-08-02T02:00:00+05:30
ERP-R-002552,2026-08-01,East,Electronics,47890.17,54594.79,2026-08-02T02:00:00+05:30
ERP-R-002553,2026-08-01,East,Home,20299.06,23140.93,2026-08-02T02:00:00+05:30
ERP-R-002554,2026-08-01,West,Apparel,38010.49,43331.96,2026-08-02T02:00:00+05:30
ERP-R-002555,2026-08-01,West,Electronics,66607.81,75932.9,2026-08-02T02:00:00+05:30
ERP-R-002556,2026-08-01,West,Home,25192.87,28719.87,2026-08-02T02:00:00+05:30
ERP-R-002557,2026-08-02,North,Apparel,49088.3,55960.66,2026-08-03T02:00:00+05:30
ERP-R-002558,2026-08-02,North,Electronics,96624.17,110151.55,2026-08-03T02:00:00+05:30
ERP-R-002559,2026-08-02,North,Home,35696.41,40693.91,2026-08-03T02:00:00+05:30
ERP-R-002560,2026-08-02,South,Apparel,42001.28,47881.46,2026-08-03T02:00:00+05:30
ERP-R-002561,2026-08-02,South,Electronics,66387.6,75681.86,2026-08-03T02:00:00+05:30
ERP-R-002562,2026-08-02,South,Home,31833.74,36290.46,2026-08-03T02:00:00+05:30
ERP-R-002563,2026-08-02,East,Apparel,27025.72,30809.32,2026-08-03T02:00:00+05:30
ERP-R-002564,2026-08-02,East,Electronics,49489.4,56417.92,2026-08-03T02:00:00+05:30
ERP-R-002565,2026-08-02,East,Home,19749.57,22514.51,2026-08-03T02:00:00+05:30
ERP-R-002566,2026-08-02,West,Apparel,39412.7,44930.48,2026-08-03T02:00:00+05:30
ERP-R-002567,2026-08-02,West,Electronics,60714.86,69214.94,2026-08-03T02:00:00+05:30
ERP-R-002568,2026-08-02,West,Home,26063.15,29711.99,2026-08-03T02:00:00+05:30
ERP-R-002569,2026-08-03,North,Apparel,48079.62,54810.77,2026-08-04T02:00:00+05:30
ERP-R-002570,2026-08-03,North,Electronics,75700.16,86298.19,2026-08-04T02:00:00+05:30
ERP-R-002571,2026-08-03,North,Home,32401.59,36937.81,2026-08-04T02:00:00+05:30
ERP-R-002572,2026-08-03,South,Apparel,36701.91,41840.18,2026-08-04T02:00:00+05:30
ERP-R-002573,2026-08-03,South,Electronics,55746.2,63550.66,2026-08-04T02:00:00+05:30
ERP-R-002574,2026-08-03,South,Home,26231.22,29903.59,2026-08-04T02:00:00+05:30
ERP-R-002575,2026-08-03,East,Apparel,23500.83,26790.95,2026-08-04T02:00:00+05:30
ERP-R-002576,2026-08-03,East,Electronics,38563.35,43962.22,2026-08-04T02:00:00+05:30
ERP-R-002577,2026-08-03,East,Home,18174.69,20719.15,2026-08-04T02:00:00+05:30
ERP-R-002578,2026-08-03,West,Apparel,30051.38,34258.58,2026-08-04T02:00:00+05:30
ERP-R-002579,2026-08-03,West,Electronics,55065.58,62774.76,2026-08-04T02:00:00+05:30
ERP-R-002580,2026-08-03,West,Home,22809.58,26002.92,2026-08-04T02:00:00+05:30
ERP-R-002581,2026-08-04,North,Apparel,43540.91,49636.64,2026-08-05T02:00:00+05:30
ERP-R-002582,2026-08-04,North,Electronics,80310.84,91554.36,2026-08-05T02:00:00+05:30
ERP-R-002583,2026-08-04,North,Home,31318.43,35703.01,2026-08-05T02:00:00+05:30
ERP-R-002584,2026-08-04,South,Apparel,34867.92,39749.43,2026-08-05T02:00:00+05:30
ERP-R-002585,2026-08-04,South,Electronics,54248.4,61843.17,2026-08-05T02:00:00+05:30
ERP-R-002586,2026-08-04,South,Home,25757.46,29363.51,2026-08-05T02:00:00+05:30
ERP-R-002587,2026-08-04,East,Apparel,23547.61,26844.27,2026-08-05T02:00:00+05:30
ERP-R-002588,2026-08-04,East,Electronics,37186.56,42392.68,2026-08-05T02:00:00+05:30
ERP-R-002589,2026-08-04,East,Home,17402.6,19838.96,2026-08-05T02:00:00+05:30
ERP-R-002590,2026-08-04,West,Apparel,32987.95,37606.27,2026-08-05T02:00:00+05:30
ERP-R-002591,2026-08-04,West,Electronics,52730.49,60112.76,2026-08-05T02:00:00+05:30
ERP-R-002592,2026-08-04,West,Home,22968.62,26184.22,2026-08-05T02:00:00+05:30
ERP-R-002593,2026-08-05,North,Apparel,44760.02,51026.42,2026-08-06T02:00:00+05:30
ERP-R-002594,2026-08-05,North,Electronics,84304.4,96107.02,2026-08-06T02:00:00+05:30
ERP-R-002595,2026-08-05,North,Home,31541.21,35956.98,2026-08-06T02:00:00+05:30
ERP-R-002596,2026-08-05,South,Apparel,34883.63,39767.34,2026-08-06T02:00:00+05:30
ERP-R-002597,2026-08-05,South,Electronics,54522.93,62156.14,2026-08-06T02:00:00+05:30
ERP-R-002598,2026-08-05,South,Home,26977.6,30754.47,2026-08-06T02:00:00+05:30
ERP-R-002599,2026-08-05,East,Apparel,23287.48,26547.73,2026-08-06T02:00:00+05:30
ERP-R-002600,2026-08-05,East,Electronics,37573.28,42833.54,2026-08-06T02:00:00+05:30
ERP-R-002601,2026-08-05,East,Home,17668.15,20141.69,2026-08-06T02:00:00+05:30
ERP-R-002602,2026-08-05,West,Apparel,31224.11,35595.48,2026-08-06T02:00:00+05:30
ERP-R-002603,2026-08-05,West,Electronics,53206.32,60655.2,2026-08-06T02:00:00+05:30
ERP-R-002604,2026-08-05,West,Home,22708.53,25887.73,2026-08-06T02:00:00+05:30
ERP-R-002605,2026-08-06,North,Apparel,43388.29,49462.65,2026-08-07T02:00:00+05:30
ERP-R-002606,2026-08-06,North,Electronics,86122.03,98179.12,2026-08-07T02:00:00+05:30
ERP-R-002607,2026-08-06,North,Home,32835.61,37432.6,2026-08-07T02:00:00+05:30
ERP-R-002608,2026-08-06,South,Apparel,33406.97,38083.94,2026-08-07T02:00:00+05:30
ERP-R-002609,2026-08-06,South,Electronics,55624.83,63412.3,2026-08-07T02:00:00+05:30
ERP-R-002610,2026-08-06,South,Home,25622.6,29209.76,2026-08-07T02:00:00+05:30
ERP-R-002611,2026-08-06,East,Apparel,22374.62,25507.07,2026-08-07T02:00:00+05:30
ERP-R-002612,2026-08-06,East,Electronics,38578.49,43979.48,2026-08-07T02:00:00+05:30
ERP-R-002613,2026-08-06,East,Home,16691.3,19028.09,2026-08-07T02:00:00+05:30
ERP-R-002614,2026-08-06,West,Apparel,30999.49,35339.42,2026-08-07T02:00:00+05:30
ERP-R-002615,2026-08-06,West,Electronics,53775.6,61304.19,2026-08-07T02:00:00+05:30
ERP-R-002616,2026-08-06,West,Home,22602.61,25766.98,2026-08-07T02:00:00+05:30
ERP-R-002617,2026-08-07,North,Apparel,43955.38,50109.13,2026-08-08T02:00:00+05:30
ERP-R-002618,2026-08-07,North,Electronics,87404.83,99641.51,2026-08-08T02:00:00+05:30
ERP-R-002619,2026-08-07,North,Home,31100.77,35454.87,2026-08-08T02:00:00+05:30
ERP-R-002620,2026-08-07,South,Apparel,34685.33,39541.27,2026-08-08T02:00:00+05:30
ERP-R-002621,2026-08-07,South,Electronics,51539.65,58755.2,2026-08-08T02:00:00+05:30
ERP-R-002622,2026-08-07,South,Home,24288.0,27688.32,2026-08-08T02:00:00+05:30
ERP-R-002623,2026-08-07,South,SmartHome,6801.29,7753.47,2026-08-08T02:00:00+05:30
ERP-R-002624,2026-08-07,East,Apparel,23518.69,26811.3,2026-08-08T02:00:00+05:30
ERP-R-002625,2026-08-07,East,Electronics,36714.33,41854.33,2026-08-08T02:00:00+05:30
ERP-R-002626,2026-08-07,East,Home,18032.01,20556.49,2026-08-08T02:00:00+05:30
ERP-R-002627,2026-08-07,West,Apparel,29969.82,34165.59,2026-08-08T02:00:00+05:30
ERP-R-002628,2026-08-07,West,Electronics,52000.85,59280.97,2026-08-08T02:00:00+05:30
ERP-R-002629,2026-08-07,West,Home,21373.9,24366.25,2026-08-08T02:00:00+05:30
ERP-R-002630,2026-08-08,North,Apparel,52107.72,59402.8,2026-08-09T02:00:00+05:30
ERP-R-002631,2026-08-08,North,Electronics,91349.74,104138.7,2026-08-09T02:00:00+05:30
ERP-R-002632,2026-08-08,North,Home,40452.53,46115.88,2026-08-09T02:00:00+05:30
ERP-R-002633,2026-08-08,South,Apparel,41091.98,46844.86,2026-08-09T02:00:00+05:30
ERP-R-002634,2026-08-08,South,Electronics,67233.79,76646.52,2026-08-09T02:00:00+05:30
ERP-R-002635,2026-08-08,South,Home,31947.34,36419.97,2026-08-09T02:00:00+05:30
ERP-R-002636,2026-08-08,South,SmartHome,8090.36,9223.01,2026-08-09T02:00:00+05:30
ERP-R-002637,2026-08-08,East,Apparel,28772.34,32800.47,2026-08-09T02:00:00+05:30
ERP-R-002638,2026-08-08,East,Electronics,45578.42,51959.4,2026-08-09T02:00:00+05:30
ERP-R-002639,2026-08-08,East,Home,20508.03,23379.15,2026-08-09T02:00:00+05:30
ERP-R-002640,2026-08-08,West,Apparel,36032.51,41077.06,2026-08-09T02:00:00+05:30
ERP-R-002641,2026-08-08,West,Electronics,65178.37,74303.34,2026-08-09T02:00:00+05:30
ERP-R-002642,2026-08-08,West,Home,26838.01,30595.33,2026-08-09T02:00:00+05:30
ERP-R-002643,2026-08-09,North,Apparel,53861.66,61402.29,2026-08-10T02:00:00+05:30
ERP-R-002644,2026-08-09,North,Electronics,97948.57,111661.37,2026-08-10T02:00:00+05:30
ERP-R-002645,2026-08-09,North,Home,35980.52,41017.79,2026-08-10T02:00:00+05:30
ERP-R-002646,2026-08-09,South,Apparel,39330.93,44837.26,2026-08-10T02:00:00+05:30
ERP-R-002647,2026-08-09,South,Electronics,65846.58,75065.1,2026-08-10T02:00:00+05:30
ERP-R-002648,2026-08-09,South,Home,31263.88,35640.82,2026-08-10T02:00:00+05:30
ERP-R-002649,2026-08-09,South,SmartHome,9005.89,10266.71,2026-08-10T02:00:00+05:30
ERP-R-002650,2026-08-09,East,Apparel,27083.26,30874.92,2026-08-10T02:00:00+05:30
ERP-R-002651,2026-08-09,East,Electronics,46088.16,52540.51,2026-08-10T02:00:00+05:30
ERP-R-002652,2026-08-09,East,Home,20575.68,23456.28,2026-08-10T02:00:00+05:30
ERP-R-002653,2026-08-09,West,Apparel,35311.08,40254.63,2026-08-10T02:00:00+05:30
ERP-R-002654,2026-08-09,West,Electronics,63188.84,72035.27,2026-08-10T02:00:00+05:30
ERP-R-002655,2026-08-09,West,Home,27647.49,31518.14,2026-08-10T02:00:00+05:30
ERP-R-002656,2026-08-10,North,Apparel,46609.11,53134.39,2026-08-11T02:00:00+05:30
ERP-R-002657,2026-08-10,North,Electronics,83511.09,95202.64,2026-08-11T02:00:00+05:30
ERP-R-002658,2026-08-10,North,Home,30919.83,35248.6,2026-08-11T02:00:00+05:30
ERP-R-002659,2026-08-10,South,Apparel,32920.38,37529.23,2026-08-11T02:00:00+05:30
ERP-R-002660,2026-08-10,South,Electronics,56642.89,64572.9,2026-08-11T02:00:00+05:30
ERP-R-002661,2026-08-10,South,Home,25081.68,28593.12,2026-08-11T02:00:00+05:30
ERP-R-002662,2026-08-10,South,SmartHome,8818.35,10052.92,2026-08-11T02:00:00+05:30
ERP-R-002663,2026-08-10,East,Apparel,23479.29,26766.39,2026-08-11T02:00:00+05:30
ERP-R-002664,2026-08-10,East,Electronics,38950.26,44403.3,2026-08-11T02:00:00+05:30
ERP-R-002665,2026-08-10,East,Home,16675.16,19009.69,2026-08-11T02:00:00+05:30
ERP-R-002666,2026-08-10,West,Apparel,33079.28,37710.38,2026-08-11T02:00:00+05:30
ERP-R-002667,2026-08-10,West,Electronics,56650.83,64581.95,2026-08-11T02:00:00+05:30
ERP-R-002668,2026-08-10,West,Home,22680.24,25855.48,2026-08-11T02:00:00+05:30
ERP-R-002669,2026-08-11,North,Apparel,52158.22,59460.37,2026-08-12T02:00:00+05:30
ERP-R-002670,2026-08-11,North,Electronics,93941.79,107093.64,2026-08-12T02:00:00+05:30
ERP-R-002671,2026-08-11,North,Home,36075.55,41126.12,2026-08-12T02:00:00+05:30
ERP-R-002672,2026-08-11,South,Apparel,41763.82,47610.76,2026-08-12T02:00:00+05:30
ERP-R-002673,2026-08-11,South,Electronics,67830.12,77326.34,2026-08-12T02:00:00+05:30
ERP-R-002674,2026-08-11,South,Home,29330.42,33436.68,2026-08-12T02:00:00+05:30
ERP-R-002675,2026-08-11,South,SmartHome,10963.26,12498.12,2026-08-12T02:00:00+05:30
ERP-R-002676,2026-08-11,East,Apparel,29665.44,33818.6,2026-08-12T02:00:00+05:30
ERP-R-002677,2026-08-11,East,Electronics,42673.39,48647.67,2026-08-12T02:00:00+05:30
ERP-R-002678,2026-08-11,East,Home,18975.25,21631.79,2026-08-12T02:00:00+05:30
ERP-R-002679,2026-08-11,West,Apparel,38576.28,43976.95,2026-08-12T02:00:00+05:30
ERP-R-002680,2026-08-11,West,Electronics,60818.8,69333.43,2026-08-12T02:00:00+05:30
ERP-R-002681,2026-08-11,West,Home,27962.05,31876.74,2026-08-12T02:00:00+05:30
ERP-R-002682,2026-08-12,North,Apparel,49301.3,56203.48,2026-08-13T02:00:00+05:30
ERP-R-002683,2026-08-12,North,Electronics,100044.78,114051.05,2026-08-13T02:00:00+05:30
ERP-R-002684,2026-08-12,North,Home,37352.53,42581.88,2026-08-13T02:00:00+05:30
ERP-R-002685,2026-08-12,South,Apparel,38388.74,43763.17,2026-08-13T02:00:00+05:30
ERP-R-002686,2026-08-12,South,Electronics,64925.45,74015.01,2026-08-13T02:00:00+05:30
ERP-R-002687,2026-08-12,South,Home,32718.58,37299.18,2026-08-13T02:00:00+05:30
ERP-R-002688,2026-08-12,South,SmartHome,11061.73,12610.37,2026-08-13T02:00:00+05:30
ERP-R-002689,2026-08-12,East,Apparel,27521.65,31374.68,2026-08-13T02:00:00+05:30
ERP-R-002690,2026-08-12,East,Electronics,46385.43,52879.39,2026-08-13T02:00:00+05:30
ERP-R-002691,2026-08-12,East,Home,19670.2,22424.03,2026-08-13T02:00:00+05:30
ERP-R-002692,2026-08-12,West,Apparel,34057.0,38824.98,2026-08-13T02:00:00+05:30
ERP-R-002693,2026-08-12,West,Electronics,61760.92,70407.45,2026-08-13T02:00:00+05:30
ERP-R-002694,2026-08-12,West,Home,28157.67,32099.75,2026-08-13T02:00:00+05:30
ERP-R-002695,2026-08-13,North,Apparel,49362.33,56273.06,2026-08-14T02:00:00+05:30
ERP-R-002696,2026-08-13,North,Electronics,107549.88,122606.87,2026-08-14T02:00:00+05:30
ERP-R-002697,2026-08-13,North,Home,37330.21,42556.44,2026-08-14T02:00:00+05:30
ERP-R-002698,2026-08-13,South,Apparel,40625.94,46313.57,2026-08-14T02:00:00+05:30
ERP-R-002699,2026-08-13,South,Electronics,71179.59,81144.73,2026-08-14T02:00:00+05:30
ERP-R-002700,2026-08-13,South,Home,28935.49,32986.46,2026-08-14T02:00:00+05:30
ERP-R-002701,2026-08-13,South,SmartHome,12646.7,14417.23,2026-08-14T02:00:00+05:30
ERP-R-002702,2026-08-13,East,Apparel,28541.12,32536.88,2026-08-14T02:00:00+05:30
ERP-R-002703,2026-08-13,East,Electronics,50400.27,57456.31,2026-08-14T02:00:00+05:30
ERP-R-002704,2026-08-13,East,Home,21323.92,24309.27,2026-08-14T02:00:00+05:30
ERP-R-002705,2026-08-13,West,Apparel,35814.45,40828.47,2026-08-14T02:00:00+05:30
ERP-R-002706,2026-08-13,West,Electronics,70992.18,80931.09,2026-08-14T02:00:00+05:30
ERP-R-002707,2026-08-13,West,Home,26276.79,29955.54,2026-08-14T02:00:00+05:30
ERP-R-002708,2026-08-14,North,Apparel,49364.89,56275.98,2026-08-15T02:00:00+05:30
ERP-R-002709,2026-08-14,North,Electronics,113592.56,129495.52,2026-08-15T02:00:00+05:30
ERP-R-002710,2026-08-14,North,Home,36611.79,41737.45,2026-08-15T02:00:00+05:30
ERP-R-002711,2026-08-14,South,Apparel,40226.23,45857.9,2026-08-15T02:00:00+05:30
ERP-R-002712,2026-08-14,South,Electronics,74394.01,84809.17,2026-08-15T02:00:00+05:30
ERP-R-002713,2026-08-14,South,Home,28068.59,31998.19,2026-08-15T02:00:00+05:30
ERP-R-002714,2026-08-14,South,SmartHome,13363.97,15234.92,2026-08-15T02:00:00+05:30
ERP-R-002715,2026-08-14,East,Apparel,28266.84,32224.19,2026-08-15T02:00:00+05:30
ERP-R-002716,2026-08-14,East,Electronics,48718.43,55539.01,2026-08-15T02:00:00+05:30
ERP-R-002717,2026-08-14,East,Home,20293.09,23134.12,2026-08-15T02:00:00+05:30
ERP-R-002718,2026-08-14,West,Apparel,38025.46,43349.03,2026-08-15T02:00:00+05:30
ERP-R-002719,2026-08-14,West,Electronics,74086.71,84458.85,2026-08-15T02:00:00+05:30
ERP-R-002720,2026-08-14,West,Home,24355.51,27765.28,2026-08-15T02:00:00+05:30
ERP-R-002721,2026-08-15,North,Apparel,74497.88,84927.58,2026-08-16T02:00:00+05:30
ERP-R-002722,2026-08-15,North,Electronics,151215.93,172386.16,2026-08-16T02:00:00+05:30
ERP-R-002723,2026-08-15,North,Home,53262.34,60719.06,2026-08-16T02:00:00+05:30
ERP-R-002724,2026-08-15,South,Apparel,61406.29,70003.17,2026-08-16T02:00:00+05:30
ERP-R-002725,2026-08-15,South,Electronics,100628.15,114716.09,2026-08-16T02:00:00+05:30
ERP-R-002726,2026-08-15,South,Home,45403.27,51759.73,2026-08-16T02:00:00+05:30
ERP-R-002727,2026-08-15,South,SmartHome,19911.16,22698.72,2026-08-16T02:00:00+05:30
ERP-R-002728,2026-08-15,East,Apparel,40816.95,46531.32,2026-08-16T02:00:00+05:30
ERP-R-002729,2026-08-15,East,Electronics,70351.51,80200.72,2026-08-16T02:00:00+05:30
ERP-R-002730,2026-08-15,East,Home,30031.86,34236.32,2026-08-16T02:00:00+05:30
ERP-R-002731,2026-08-15,West,Apparel,50249.3,57284.21,2026-08-16T02:00:00+05:30
ERP-R-002732,2026-08-15,West,Electronics,96865.55,110426.73,2026-08-16T02:00:00+05:30
ERP-R-002733,2026-08-15,West,Home,36416.58,41514.9,2026-08-16T02:00:00+05:30
ERP-R-002734,2026-08-16,North,Apparel,58271.77,66429.82,2026-08-17T02:00:00+05:30
ERP-R-002735,2026-08-16,North,Electronics,122633.53,139802.22,2026-08-17T02:00:00+05:30
ERP-R-002736,2026-08-16,North,Home,42017.9,47900.41,2026-08-17T02:00:00+05:30
ERP-R-002737,2026-08-16,South,Apparel,46820.41,53375.27,2026-08-17T02:00:00+05:30
ERP-R-002738,2026-08-16,South,Electronics,90565.83,103245.05,2026-08-17T02:00:00+05:30
ERP-R-002739,2026-08-16,South,Home,31582.18,36003.69,2026-08-17T02:00:00+05:30
ERP-R-002740,2026-08-16,South,SmartHome,17568.32,20027.88,2026-08-17T02:00:00+05:30
ERP-R-002741,2026-08-16,East,Apparel,32273.21,36791.46,2026-08-17T02:00:00+05:30
ERP-R-002742,2026-08-16,East,Electronics,64081.67,73053.11,2026-08-17T02:00:00+05:30
ERP-R-002743,2026-08-16,East,Home,24593.13,28036.17,2026-08-17T02:00:00+05:30
ERP-R-002744,2026-08-16,West,Apparel,43817.68,49952.15,2026-08-17T02:00:00+05:30
ERP-R-002745,2026-08-16,West,Electronics,81729.83,93172.01,2026-08-17T02:00:00+05:30
ERP-R-002746,2026-08-16,West,Home,31266.4,35643.69,2026-08-17T02:00:00+05:30
ERP-R-002747,2026-08-17,North,Apparel,50976.84,58113.6,2026-08-18T02:00:00+05:30
ERP-R-002748,2026-08-17,North,Electronics,109639.47,124989.0,2026-08-18T02:00:00+05:30
ERP-R-002749,2026-08-17,North,Home,34897.58,39783.24,2026-08-18T02:00:00+05:30
ERP-R-002750,2026-08-17,South,Apparel,42091.62,47984.44,2026-08-18T02:00:00+05:30
ERP-R-002751,2026-08-17,South,Electronics,72632.57,82801.13,2026-08-18T02:00:00+05:30
ERP-R-002752,2026-08-17,South,Home,29723.19,33884.43,2026-08-18T02:00:00+05:30
ERP-R-002753,2026-08-17,South,SmartHome,14666.53,16719.85,2026-08-18T02:00:00+05:30
ERP-R-002754,2026-08-17,East,Apparel,27473.68,31320.0,2026-08-18T02:00:00+05:30
ERP-R-002755,2026-08-17,East,Electronics,49797.86,56769.56,2026-08-18T02:00:00+05:30
ERP-R-002756,2026-08-17,East,Home,20264.27,23101.27,2026-08-18T02:00:00+05:30
ERP-R-002757,2026-08-17,West,Apparel,35977.73,41014.61,2026-08-18T02:00:00+05:30
ERP-R-002758,2026-08-17,West,Electronics,66366.68,75658.02,2026-08-18T02:00:00+05:30
ERP-R-002759,2026-08-17,West,Home,26134.95,29793.84,2026-08-18T02:00:00+05:30
ERP-R-002760,2026-08-18,North,Apparel,42895.03,48900.33,2026-08-19T02:00:00+05:30
ERP-R-002761,2026-08-18,North,Electronics,94661.8,107914.45,2026-08-19T02:00:00+05:30
ERP-R-002762,2026-08-18,North,Home,32159.58,36661.93,2026-08-19T02:00:00+05:30
ERP-R-002763,2026-08-18,South,Apparel,33280.28,37939.52,2026-08-19T02:00:00+05:30
ERP-R-002764,2026-08-18,South,Electronics,62687.21,71463.42,2026-08-19T02:00:00+05:30
ERP-R-002765,2026-08-18,South,Home,24302.17,27704.47,2026-08-19T02:00:00+05:30
ERP-R-002766,2026-08-18,South,SmartHome,12652.53,14423.89,2026-08-19T02:00:00+05:30
ERP-R-002767,2026-08-18,East,Apparel,23896.1,27241.55,2026-08-19T02:00:00+05:30
ERP-R-002768,2026-08-18,East,Electronics,43872.14,50014.23,2026-08-19T02:00:00+05:30
ERP-R-002769,2026-08-18,East,Home,17507.41,19958.45,2026-08-19T02:00:00+05:30
ERP-R-002770,2026-08-18,West,Apparel,31085.06,35436.97,2026-08-19T02:00:00+05:30
ERP-R-002771,2026-08-18,West,Electronics,58029.9,66154.09,2026-08-19T02:00:00+05:30
ERP-R-002772,2026-08-18,West,Home,21707.08,24746.07,2026-08-19T02:00:00+05:30
ERP-R-002773,2026-08-19,North,Apparel,43363.13,49433.97,2026-08-20T02:00:00+05:30
ERP-R-002774,2026-08-19,North,Electronics,85429.3,97389.4,2026-08-20T02:00:00+05:30
ERP-R-002775,2026-08-19,North,Home,31359.35,35749.66,2026-08-20T02:00:00+05:30
ERP-R-002776,2026-08-19,South,Apparel,34223.77,39015.1,2026-08-20T02:00:00+05:30
ERP-R-002777,2026-08-19,South,Electronics,63121.13,71958.09,2026-08-20T02:00:00+05:30
ERP-R-002778,2026-08-19,South,Home,24770.77,28238.67,2026-08-20T02:00:00+05:30
ERP-R-002779,2026-08-19,South,SmartHome,13469.51,15355.24,2026-08-20T02:00:00+05:30
ERP-R-002780,2026-08-19,East,Apparel,23287.65,26547.92,2026-08-20T02:00:00+05:30
ERP-R-002781,2026-08-19,East,Electronics,40920.45,46649.31,2026-08-20T02:00:00+05:30
ERP-R-002782,2026-08-19,East,Home,17356.96,19786.93,2026-08-20T02:00:00+05:30
ERP-R-002783,2026-08-19,West,Apparel,32093.25,36586.3,2026-08-20T02:00:00+05:30
ERP-R-002784,2026-08-19,West,Electronics,61212.23,69781.94,2026-08-20T02:00:00+05:30
ERP-R-002785,2026-08-19,West,Home,22384.32,25518.12,2026-08-20T02:00:00+05:30
ERP-R-002786,2026-08-20,North,Apparel,43718.18,49838.73,2026-08-21T02:00:00+05:30
ERP-R-002787,2026-08-20,North,Electronics,90151.9,102773.16,2026-08-21T02:00:00+05:30
ERP-R-002788,2026-08-20,North,Home,31797.81,36249.5,2026-08-21T02:00:00+05:30
ERP-R-002789,2026-08-20,South,Apparel,35311.38,40254.98,2026-08-21T02:00:00+05:30
ERP-R-002790,2026-08-20,South,Electronics,63202.91,72051.32,2026-08-21T02:00:00+05:30
ERP-R-002791,2026-08-20,South,Home,26284.86,29964.74,2026-08-21T02:00:00+05:30
ERP-R-002792,2026-08-20,South,SmartHome,14780.91,16850.24,2026-08-21T02:00:00+05:30
ERP-R-002793,2026-08-20,East,Apparel,22736.3,25919.38,2026-08-21T02:00:00+05:30
ERP-R-002794,2026-08-20,East,Electronics,38968.17,44423.72,2026-08-21T02:00:00+05:30
ERP-R-002795,2026-08-20,East,Home,17155.51,19557.28,2026-08-21T02:00:00+05:30
ERP-R-002796,2026-08-20,West,Apparel,30414.78,34672.84,2026-08-21T02:00:00+05:30
ERP-R-002797,2026-08-20,West,Electronics,57357.6,65387.67,2026-08-21T02:00:00+05:30
ERP-R-002798,2026-08-20,West,Home,22568.72,25728.34,2026-08-21T02:00:00+05:30
ERP-R-002799,2026-08-21,North,Apparel,37055.55,42243.32,2026-08-22T02:00:00+05:30
ERP-R-002800,2026-08-21,North,Electronics,64990.58,74089.26,2026-08-22T02:00:00+05:30
ERP-R-002801,2026-08-21,North,Home,24248.34,27643.11,2026-08-22T02:00:00+05:30
ERP-R-002802,2026-08-21,South,Apparel,34907.14,39794.14,2026-08-22T02:00:00+05:30
ERP-R-002803,2026-08-21,South,Electronics,64312.04,73315.72,2026-08-22T02:00:00+05:30
ERP-R-002804,2026-08-21,South,Home,26134.19,29792.98,2026-08-22T02:00:00+05:30
ERP-R-002805,2026-08-21,South,SmartHome,15138.41,17257.79,2026-08-22T02:00:00+05:30
ERP-R-002806,2026-08-21,East,Apparel,24786.7,28256.83,2026-08-22T02:00:00+05:30
ERP-R-002807,2026-08-21,East,Electronics,39059.55,44527.89,2026-08-22T02:00:00+05:30
ERP-R-002808,2026-08-21,East,Home,17404.97,19841.67,2026-08-22T02:00:00+05:30
ERP-R-002809,2026-08-21,West,Apparel,30472.91,34739.11,2026-08-22T02:00:00+05:30
ERP-R-002810,2026-08-21,West,Electronics,62183.75,70889.47,2026-08-22T02:00:00+05:30
ERP-R-002811,2026-08-21,West,Home,21365.46,24356.62,2026-08-22T02:00:00+05:30
ERP-R-002812,2026-08-22,North,Apparel,43095.47,49128.84,2026-08-23T02:00:00+05:30
ERP-R-002813,2026-08-22,North,Electronics,79395.37,90510.72,2026-08-23T02:00:00+05:30
ERP-R-002814,2026-08-22,North,Home,30480.05,34747.25,2026-08-23T02:00:00+05:30
ERP-R-002815,2026-08-22,South,Apparel,41742.59,47586.55,2026-08-23T02:00:00+05:30
ERP-R-002816,2026-08-22,South,Electronics,75375.18,85927.7,2026-08-23T02:00:00+05:30
ERP-R-002817,2026-08-22,South,Home,31226.81,35598.56,2026-08-23T02:00:00+05:30
ERP-R-002818,2026-08-22,South,SmartHome,18197.64,20745.31,2026-08-23T02:00:00+05:30
ERP-R-002819,2026-08-22,East,Apparel,27028.1,30812.03,2026-08-23T02:00:00+05:30
ERP-R-002820,2026-08-22,East,Electronics,49420.41,56339.26,2026-08-23T02:00:00+05:30
ERP-R-002821,2026-08-22,East,Home,19996.88,22796.44,2026-08-23T02:00:00+05:30
ERP-R-002822,2026-08-22,West,Apparel,38752.07,44177.36,2026-08-23T02:00:00+05:30
ERP-R-002823,2026-08-22,West,Electronics,64019.86,72982.64,2026-08-23T02:00:00+05:30
ERP-R-002824,2026-08-22,West,Home,25462.62,29027.39,2026-08-23T02:00:00+05:30
ERP-R-002825,2026-08-23,North,Apparel,44839.09,51116.56,2026-08-24T02:00:00+05:30
ERP-R-002826,2026-08-23,North,Electronics,85556.14,97533.99,2026-08-24T02:00:00+05:30
ERP-R-002827,2026-08-23,North,Home,33518.98,38211.63,2026-08-24T02:00:00+05:30
ERP-R-002828,2026-08-23,South,Apparel,38978.63,44435.64,2026-08-24T02:00:00+05:30
ERP-R-002829,2026-08-23,South,Electronics,70322.42,80167.56,2026-08-24T02:00:00+05:30
ERP-R-002830,2026-08-23,South,Home,32813.27,37407.12,2026-08-24T02:00:00+05:30
ERP-R-002831,2026-08-23,South,SmartHome,20288.65,23129.06,2026-08-24T02:00:00+05:30
ERP-R-002832,2026-08-23,East,Apparel,28984.67,33042.53,2026-08-27T02:00:00+05:30
ERP-R-002833,2026-08-23,East,Electronics,50250.72,57285.82,2026-08-27T02:00:00+05:30
ERP-R-002834,2026-08-23,East,Home,21753.28,24798.74,2026-08-27T02:00:00+05:30
ERP-R-002835,2026-08-23,West,Apparel,35343.94,40292.09,2026-08-24T02:00:00+05:30
ERP-R-002836,2026-08-23,West,Electronics,67716.01,77196.25,2026-08-24T02:00:00+05:30
ERP-R-002837,2026-08-23,West,Home,26518.13,30230.66,2026-08-24T02:00:00+05:30
ERP-R-002838,2026-08-24,North,Apparel,42171.33,48075.32,2026-08-25T02:00:00+05:30
ERP-R-002839,2026-08-24,North,Electronics,76258.63,86934.83,2026-08-25T02:00:00+05:30
ERP-R-002840,2026-08-24,North,Home,28327.69,32293.56,2026-08-25T02:00:00+05:30
ERP-R-002841,2026-08-24,South,Apparel,34467.32,39292.74,2026-08-25T02:00:00+05:30
ERP-R-002842,2026-08-24,South,Electronics,64008.13,72969.27,2026-08-25T02:00:00+05:30
ERP-R-002843,2026-08-24,South,Home,26413.57,30111.47,2026-08-25T02:00:00+05:30
ERP-R-002844,2026-08-24,South,SmartHome,17719.84,20200.61,2026-08-25T02:00:00+05:30
ERP-R-002845,2026-08-24,East,Apparel,21841.79,24899.65,2026-08-28T02:00:00+05:30
ERP-R-002846,2026-08-24,East,Electronics,42568.09,48527.63,2026-08-28T02:00:00+05:30
ERP-R-002847,2026-08-24,East,Home,17541.38,19997.17,2026-08-28T02:00:00+05:30
ERP-R-002848,2026-08-24,West,Apparel,30741.34,35045.12,2026-08-25T02:00:00+05:30
ERP-R-002849,2026-08-24,West,Electronics,57558.9,65617.14,2026-08-25T02:00:00+05:30
ERP-R-002850,2026-08-24,West,Home,21748.87,24793.72,2026-08-25T02:00:00+05:30
ERP-R-002851,2026-08-25,North,Apparel,43369.94,49441.73,2026-08-26T02:00:00+05:30
ERP-R-002852,2026-08-25,North,Electronics,79317.16,90421.56,2026-08-26T02:00:00+05:30
ERP-R-002853,2026-08-25,North,Home,28742.9,32766.9,2026-08-26T02:00:00+05:30
ERP-R-002854,2026-08-25,South,Apparel,35224.58,40156.02,2026-08-26T02:00:00+05:30
ERP-R-002855,2026-08-25,South,Electronics,65366.59,74517.92,2026-08-26T02:00:00+05:30
ERP-R-002856,2026-08-25,South,Home,24800.02,28272.02,2026-08-26T02:00:00+05:30
ERP-R-002857,2026-08-25,South,SmartHome,17972.4,20488.54,2026-08-26T02:00:00+05:30
ERP-R-002858,2026-08-25,East,Apparel,23047.93,26274.64,2026-08-29T02:00:00+05:30
ERP-R-002859,2026-08-25,East,Electronics,45810.67,52224.16,2026-08-29T02:00:00+05:30
ERP-R-002860,2026-08-25,East,Home,18055.51,20583.28,2026-08-29T02:00:00+05:30
ERP-R-002861,2026-08-25,West,Apparel,30146.96,34367.53,2026-08-26T02:00:00+05:30
ERP-R-002862,2026-08-25,West,Electronics,58499.15,66689.04,2026-08-26T02:00:00+05:30
ERP-R-002863,2026-08-25,West,Home,21767.54,24814.99,2026-08-26T02:00:00+05:30
