source_row_id,date,region,product_line,units_shipped,units_returned,gross_sales,discounts,list_price,gross_margin_pct,monthly_subscription_revenue,deferred_delta,shipped_orders,ingested_at
ERP-O-000001,2026-01-01,North,Apparel,616.16,24.4,893431.74,98277.49,1450.0,0.3383,0.0,9827.75,333,2026-01-02T02:00:00+05:30
ERP-O-000002,2026-01-01,North,Electronics,325.95,7.04,2900953.57,203066.75,8900.0,0.3197,0.0,31910.49,176,2026-01-02T02:00:00+05:30
ERP-O-000003,2026-01-01,North,Home,310.06,8.93,806143.92,72552.95,2600.0,0.3621,0.0,8867.58,168,2026-01-02T02:00:00+05:30
ERP-O-000004,2026-01-01,South,Apparel,499.74,19.79,724625.07,79708.76,1450.0,0.2917,0.0,7970.88,270,2026-01-02T02:00:00+05:30
ERP-O-000005,2026-01-01,South,Electronics,284.18,6.14,2529207.79,177044.55,8900.0,0.34,0.0,27821.29,154,2026-01-02T02:00:00+05:30
ERP-O-000006,2026-01-01,South,Home,271.63,7.82,706236.07,63561.25,2600.0,0.3581,0.0,7768.6,147,2026-01-02T02:00:00+05:30
ERP-O-000007,2026-01-01,East,Apparel,368.38,14.59,534151.5,58756.66,1450.0,0.3508,0.0,5875.67,199,2026-01-02T02:00:00+05:30
ERP-O-000008,2026-01-01,East,Electronics,201.93,4.36,1797181.24,125802.69,8900.0,0.3169,0.0,19768.99,109,2026-01-02T02:00:00+05:30
ERP-O-000009,2026-01-01,East,Home,185.25,5.34,481659.71,43349.37,2600.0,0.3046,0.0,5298.26,100,2026-01-02T02:00:00+05:30
ERP-O-000010,2026-01-01,West,Apparel,453.25,17.95,657205.58,72292.61,1450.0,0.3426,0.0,7229.26,245,2026-01-02T02:00:00+05:30
ERP-O-000011,2026-01-01,West,Electronics,288.81,6.24,2570369.41,179925.86,8900.0,0.3667,0.0,28274.06,156,2026-01-02T02:00:00+05:30
ERP-O-000012,2026-01-01,West,Home,252.62,7.28,656811.63,59113.05,2600.0,0.3492,0.0,7224.93,137,2026-01-02T02:00:00+05:30
ERP-O-000013,2026-01-02,North,Apparel,460.09,18.22,667130.89,73384.4,1450.0,0.3586,0.0,7338.44,249,2026-01-03T02:00:00+05:30
ERP-O-000014,2026-01-02,North,Electronics,300.24,6.49,2672175.59,187052.29,8900.0,0.3475,0.0,29393.93,162,2026-01-03T02:00:00+05:30
ERP-O-000015,2026-01-02,North,Home,260.32,7.5,676836.92,60915.32,2600.0,0.3392,0.0,7445.21,141,2026-01-03T02:00:00+05:30
ERP-O-000016,2026-01-02,South,Apparel,413.59,16.38,599712.36,65968.36,1450.0,0.3585,0.0,6596.84,224,2026-01-03T02:00:00+05:30
ERP-O-000017,2026-01-02,South,Electronics,243.54,5.26,2167503.95,151725.28,8900.0,0.3234,0.0,23842.54,132,2026-01-03T02:00:00+05:30
ERP-O-000018,2026-01-02,South,Home,220.01,6.34,572018.99,51481.71,2600.0,0.3501,0.0,6292.21,119,2026-01-03T02:00:00+05:30
ERP-O-000019,2026-01-02,East,Apparel,300.56,11.9,435815.43,47939.7,1450.0,0.335,0.0,4793.97,162,2026-01-03T02:00:00+05:30
ERP-O-000020,2026-01-02,East,Electronics,163.43,3.53,1454494.3,101814.6,8900.0,0.3527,0.0,15999.44,88,2026-01-03T02:00:00+05:30
ERP-O-000021,2026-01-02,East,Home,152.81,4.4,397308.61,35757.77,2600.0,0.3603,0.0,4370.39,83,2026-01-03T02:00:00+05:30
ERP-O-000022,2026-01-02,West,Apparel,368.89,14.61,534893.47,58838.28,1450.0,0.3267,0.0,5883.83,199,2026-01-03T02:00:00+05:30
ERP-O-000023,2026-01-02,West,Electronics,214.97,4.64,1913256.72,133927.97,8900.0,0.3215,0.0,21045.82,116,2026-01-03T02:00:00+05:30
ERP-O-000024,2026-01-02,West,Home,191.95,5.53,499072.86,44916.56,2600.0,0.34,0.0,5489.8,104,2026-01-03T02:00:00+05:30
ERP-O-000025,2026-01-03,North,Apparel,525.7,20.82,762270.94,83849.8,1450.0,0.3356,0.0,8384.98,284,2026-01-04T02:00:00+05:30
ERP-O-000026,2026-01-03,North,Electronics,336.65,7.27,2996221.01,209735.47,8900.0,0.2889,0.0,32958.43,182,2026-01-04T02:00:00+05:30
ERP-O-000027,2026-01-03,North,Home,291.85,8.41,758800.8,68292.07,2600.0,0.3464,0.0,8346.81,158,2026-01-04T02:00:00+05:30
ERP-O-000028,2026-01-03,South,Apparel,477.66,18.92,692600.79,76186.09,1450.0,0.3249,0.0,7618.61,258,2026-01-04T02:00:00+05:30
ERP-O-000029,2026-01-03,South,Electronics,252.55,5.45,2247653.44,157335.74,8900.0,0.331,0.0,24724.19,137,2026-01-04T02:00:00+05:30
ERP-O-000030,2026-01-03,South,Home,274.9,7.92,714733.03,64325.97,2600.0,0.32,0.0,7862.06,149,2026-01-04T02:00:00+05:30
ERP-O-000031,2026-01-03,East,Apparel,338.18,13.39,490354.16,53938.96,1450.0,0.3503,0.0,5393.9,183,2026-01-04T02:00:00+05:30
ERP-O-000032,2026-01-03,East,Electronics,196.19,4.24,1746128.07,122228.97,8900.0,0.3537,0.0,19207.41,106,2026-01-04T02:00:00+05:30
ERP-O-000033,2026-01-03,East,Home,177.13,5.1,460529.55,41447.66,2600.0,0.3558,0.0,5065.83,96,2026-01-04T02:00:00+05:30
ERP-O-000034,2026-01-03,West,Apparel,460.81,18.25,668174.27,73499.17,1450.0,0.3539,0.0,7349.92,249,2026-01-04T02:00:00+05:30
ERP-O-000035,2026-01-03,West,Electronics,259.99,5.62,2313930.19,161975.11,8900.0,0.3396,0.0,25453.23,141,2026-01-04T02:00:00+05:30
ERP-O-000036,2026-01-03,West,Home,222.95,6.42,579682.46,52171.42,2600.0,0.3531,0.0,6376.51,121,2026-01-04T02:00:00+05:30
ERP-O-000037,2026-01-04,North,Apparel,570.31,22.58,826944.94,90963.94,1450.0,0.3493,0.0,9096.39,308,2026-01-05T02:00:00+05:30
ERP-O-000038,2026-01-04,North,Electronics,348.19,7.52,3098877.17,216921.4,8900.0,0.2898,0.0,34087.65,188,2026-01-05T02:00:00+05:30
ERP-O-000039,2026-01-04,North,Home,314.75,9.06,818352.26,73651.7,2600.0,0.3417,0.0,9001.87,170,2026-01-05T02:00:00+05:30
ERP-O-000040,2026-01-04,South,Apparel,457.75,18.13,663735.46,73010.9,1450.0,0.3284,0.0,7301.09,247,2026-01-05T02:00:00+05:30
ERP-O-000041,2026-01-04,South,Electronics,282.56,6.1,2514778.1,176034.47,8900.0,0.3274,0.0,27662.56,153,2026-01-05T02:00:00+05:30
ERP-O-000042,2026-01-04,South,Home,261.34,7.53,679478.2,61153.04,2600.0,0.3264,0.0,7474.26,141,2026-01-05T02:00:00+05:30
ERP-O-000043,2026-01-04,East,Apparel,343.36,13.6,497868.02,54765.48,1450.0,0.3584,0.0,5476.55,186,2026-01-05T02:00:00+05:30
ERP-O-000044,2026-01-04,East,Electronics,197.01,4.26,1753418.69,122739.31,8900.0,0.3698,0.0,19287.61,106,2026-01-05T02:00:00+05:30
ERP-O-000045,2026-01-04,East,Home,181.83,5.24,472766.43,42548.98,2600.0,0.3457,0.0,5200.43,98,2026-01-05T02:00:00+05:30
ERP-O-000046,2026-01-04,West,Apparel,446.97,17.7,648102.81,71291.31,1450.0,0.3232,0.0,7129.13,242,2026-01-05T02:00:00+05:30
ERP-O-000047,2026-01-04,West,Electronics,277.86,6.0,2472964.68,173107.53,8900.0,0.3522,0.0,27202.61,150,2026-01-05T02:00:00+05:30
ERP-O-000048,2026-01-04,West,Home,240.33,6.92,624861.28,56237.52,2600.0,0.3269,0.0,6873.47,130,2026-01-05T02:00:00+05:30
ERP-O-000049,2026-01-05,North,Apparel,505.49,20.02,732959.88,80625.59,1450.0,0.3181,0.0,8062.56,273,2026-01-06T02:00:00+05:30
ERP-O-000050,2026-01-05,North,Electronics,268.14,5.79,2386438.63,167050.7,8900.0,0.3492,0.0,26250.82,145,2026-01-06T02:00:00+05:30
ERP-O-000051,2026-01-05,North,Home,255.75,7.37,664948.31,59845.35,2600.0,0.3705,0.0,7314.43,138,2026-01-06T02:00:00+05:30
ERP-O-000052,2026-01-05,South,Apparel,419.65,16.62,608494.02,66934.34,1450.0,0.344,0.0,6693.43,227,2026-01-06T02:00:00+05:30
ERP-O-000053,2026-01-05,South,Electronics,238.81,5.16,2125437.4,148780.62,8900.0,0.3448,0.0,23379.81,129,2026-01-06T02:00:00+05:30
ERP-O-000054,2026-01-05,South,Home,214.0,6.16,556405.97,50076.54,2600.0,0.33,0.0,6120.47,116,2026-01-06T02:00:00+05:30
ERP-O-000055,2026-01-05,East,Apparel,270.14,10.7,391703.97,43087.44,1450.0,0.3472,0.0,4308.74,146,2026-01-06T02:00:00+05:30
ERP-O-000056,2026-01-05,East,Electronics,146.84,3.17,1306874.78,91481.23,8900.0,0.322,0.0,14375.62,79,2026-01-06T02:00:00+05:30
ERP-O-000057,2026-01-05,East,Home,155.44,4.48,404133.55,36372.02,2600.0,0.2843,0.0,4445.47,84,2026-01-06T02:00:00+05:30
ERP-O-000058,2026-01-05,West,Apparel,361.2,14.3,523741.03,57611.51,1450.0,0.3378,0.0,5761.15,195,2026-01-06T02:00:00+05:30
ERP-O-000059,2026-01-05,West,Electronics,224.75,4.85,2000267.88,140018.75,8900.0,0.3224,0.0,22002.95,121,2026-01-06T02:00:00+05:30
ERP-O-000060,2026-01-05,West,Home,203.68,5.87,529566.33,47660.97,2600.0,0.3648,0.0,5825.23,110,2026-01-06T02:00:00+05:30
ERP-O-000061,2026-01-06,North,Apparel,526.52,20.85,763451.95,83979.71,1450.0,0.3221,0.0,8397.97,285,2026-01-07T02:00:00+05:30
ERP-O-000062,2026-01-06,North,Electronics,280.76,6.06,2498722.34,174910.56,8900.0,0.3108,0.0,27485.95,152,2026-01-07T02:00:00+05:30
ERP-O-000063,2026-01-06,North,Home,235.79,6.79,613047.04,55174.23,2600.0,0.3472,0.0,6743.52,127,2026-01-07T02:00:00+05:30
ERP-O-000064,2026-01-06,South,Apparel,416.22,16.48,603523.13,66387.54,1450.0,0.3691,0.0,6638.75,225,2026-01-07T02:00:00+05:30
ERP-O-000065,2026-01-06,South,Electronics,250.95,5.42,2233464.49,156342.51,8900.0,0.3454,0.0,24568.11,136,2026-01-07T02:00:00+05:30
ERP-O-000066,2026-01-06,South,Home,232.14,6.69,603555.81,54320.02,2600.0,0.3538,0.0,6639.11,125,2026-01-07T02:00:00+05:30
ERP-O-000067,2026-01-06,East,Apparel,272.08,10.77,394520.79,43397.29,1450.0,0.3518,0.0,4339.73,147,2026-01-07T02:00:00+05:30
ERP-O-000068,2026-01-06,East,Electronics,161.86,3.5,1440519.81,100836.39,8900.0,0.3133,0.0,15845.72,87,2026-01-07T02:00:00+05:30
ERP-O-000069,2026-01-06,East,Home,148.0,4.26,384810.19,34632.92,2600.0,0.3348,0.0,4232.91,80,2026-01-07T02:00:00+05:30
ERP-O-000070,2026-01-06,West,Apparel,377.67,14.96,547620.47,60238.25,1450.0,0.3579,0.0,6023.83,204,2026-01-07T02:00:00+05:30
ERP-O-000071,2026-01-06,West,Electronics,231.31,5.0,2058700.74,144109.05,8900.0,0.3067,0.0,22645.71,125,2026-01-07T02:00:00+05:30
ERP-O-000072,2026-01-06,West,Home,201.31,5.8,523397.63,47105.79,2600.0,0.3313,0.0,5757.37,109,2026-01-07T02:00:00+05:30
ERP-O-000073,2026-01-07,North,Apparel,523.51,20.73,759093.94,83500.33,1450.0,0.337,0.0,8350.03,283,2026-01-08T02:00:00+05:30
ERP-O-000074,2026-01-07,North,Electronics,304.69,6.58,2711784.38,189824.91,8900.0,0.3478,0.0,29829.63,165,2026-01-08T02:00:00+05:30
ERP-O-000075,2026-01-07,North,Home,260.08,7.49,676208.71,60858.78,2600.0,0.3231,0.0,7438.3,141,2026-01-08T02:00:00+05:30
ERP-O-000076,2026-01-07,South,Apparel,399.0,15.8,578555.26,63641.08,1450.0,0.3159,0.0,6364.11,216,2026-01-08T02:00:00+05:30
ERP-O-000077,2026-01-07,South,Electronics,232.39,5.02,2068244.75,144777.13,8900.0,0.3455,0.0,22750.69,126,2026-01-08T02:00:00+05:30
ERP-O-000078,2026-01-07,South,Home,226.68,6.53,589375.85,53043.83,2600.0,0.339,0.0,6483.13,123,2026-01-08T02:00:00+05:30
ERP-O-000079,2026-01-07,East,Apparel,286.6,11.35,415575.37,45713.29,1450.0,0.3405,0.0,4571.33,155,2026-01-08T02:00:00+05:30
ERP-O-000080,2026-01-07,East,Electronics,160.71,3.47,1430308.43,100121.59,8900.0,0.3495,0.0,15733.39,87,2026-01-08T02:00:00+05:30
ERP-O-000081,2026-01-07,East,Home,153.65,4.43,399486.09,35953.75,2600.0,0.3399,0.0,4394.35,83,2026-01-08T02:00:00+05:30
ERP-O-000082,2026-01-07,West,Apparel,371.22,14.7,538273.28,59210.06,1450.0,0.3094,0.0,5921.01,201,2026-01-08T02:00:00+05:30
ERP-O-000083,2026-01-07,West,Electronics,234.8,5.07,2089699.5,146278.97,8900.0,0.3461,0.0,22986.69,127,2026-01-08T02:00:00+05:30
ERP-O-000084,2026-01-07,West,Home,200.79,5.78,522055.88,46985.03,2600.0,0.3377,0.0,5742.61,109,2026-01-08T02:00:00+05:30
ERP-O-000085,2026-01-08,North,Apparel,477.68,18.92,692641.6,76190.58,1450.0,0.3345,0.0,7619.06,258,2026-01-09T02:00:00+05:30
ERP-O-000086,2026-01-08,North,Electronics,276.74,5.98,2462990.36,172409.33,8900.0,0.341,0.0,27092.89,150,2026-01-09T02:00:00+05:30
ERP-O-000087,2026-01-08,North,Home,246.99,7.11,642170.87,57795.38,2600.0,0.312,0.0,7063.88,134,2026-01-09T02:00:00+05:30
ERP-O-000088,2026-01-08,South,Apparel,443.15,17.55,642569.93,70682.69,1450.0,0.3657,0.0,7068.27,240,2026-01-09T02:00:00+05:30
ERP-O-000089,2026-01-08,South,Electronics,239.88,5.18,2134951.54,149446.61,8900.0,0.3501,0.0,23484.47,130,2026-01-09T02:00:00+05:30
ERP-O-000090,2026-01-08,South,Home,223.3,6.43,580584.32,52252.59,2600.0,0.3541,0.0,6386.43,121,2026-01-09T02:00:00+05:30
ERP-O-000091,2026-01-08,East,Apparel,282.55,11.19,409695.63,45066.52,1450.0,0.39,0.0,4506.65,153,2026-01-09T02:00:00+05:30
ERP-O-000092,2026-01-08,East,Electronics,178.21,3.85,1586074.68,111025.23,8900.0,0.353,0.0,17446.82,96,2026-01-09T02:00:00+05:30
ERP-O-000093,2026-01-08,East,Home,153.17,4.41,398245.42,35842.09,2600.0,0.3338,0.0,4380.7,83,2026-01-09T02:00:00+05:30
ERP-O-000094,2026-01-08,West,Apparel,389.28,15.42,564458.3,62090.41,1450.0,0.3585,0.0,6209.04,210,2026-01-09T02:00:00+05:30
ERP-O-000095,2026-01-08,West,Electronics,218.2,4.71,1941964.69,135937.53,8900.0,0.3603,0.0,21361.61,118,2026-01-09T02:00:00+05:30
ERP-O-000096,2026-01-08,West,Home,201.36,5.8,523528.52,47117.57,2600.0,0.3598,0.0,5758.81,109,2026-01-09T02:00:00+05:30
ERP-O-000097,2026-01-09,North,Apparel,514.06,20.36,745383.37,81992.17,1450.0,0.3434,0.0,8199.22,278,2026-01-10T02:00:00+05:30
ERP-O-000098,2026-01-09,North,Electronics,298.2,6.44,2653944.08,185776.09,8900.0,0.3458,0.0,29193.38,161,2026-01-10T02:00:00+05:30
ERP-O-000099,2026-01-09,North,Home,266.56,7.68,693061.62,62375.55,2600.0,0.3468,0.0,7623.68,144,2026-01-10T02:00:00+05:30
ERP-O-000100,2026-01-09,South,Apparel,398.71,15.79,578134.43,63594.79,1450.0,0.3178,0.0,6359.48,216,2026-01-10T02:00:00+05:30
ERP-O-000101,2026-01-09,South,Electronics,227.3,4.91,2023013.89,141610.97,8900.0,0.338,0.0,22253.15,123,2026-01-10T02:00:00+05:30
ERP-O-000102,2026-01-09,South,Home,226.47,6.52,588814.15,52993.27,2600.0,0.2958,0.0,6476.96,122,2026-01-10T02:00:00+05:30
ERP-O-000103,2026-01-09,East,Apparel,281.5,11.15,408177.7,44899.55,1450.0,0.3184,0.0,4489.95,152,2026-01-10T02:00:00+05:30
ERP-O-000104,2026-01-09,East,Electronics,159.96,3.46,1423600.47,99652.03,8900.0,0.3846,0.0,15659.61,86,2026-01-10T02:00:00+05:30
ERP-O-000105,2026-01-09,East,Home,151.58,4.37,394110.0,35469.9,2600.0,0.3267,0.0,4335.21,82,2026-01-10T02:00:00+05:30
ERP-O-000106,2026-01-09,West,Apparel,360.65,14.28,522947.92,57524.27,1450.0,0.3341,0.0,5752.43,195,2026-01-10T02:00:00+05:30
ERP-O-000107,2026-01-09,West,Electronics,223.59,4.83,1989983.25,139298.83,8900.0,0.3681,0.0,21889.82,121,2026-01-10T02:00:00+05:30
ERP-O-000108,2026-01-09,West,Home,191.9,5.53,498946.09,44905.15,2600.0,0.3243,0.0,5488.41,104,2026-01-10T02:00:00+05:30
ERP-O-000109,2026-01-10,North,Apparel,555.35,21.99,805258.31,88578.41,1450.0,0.319,0.0,8857.84,300,2026-01-11T02:00:00+05:30
ERP-O-000110,2026-01-10,North,Electronics,348.43,7.53,3101043.23,217073.03,8900.0,0.3395,0.0,34111.48,188,2026-01-11T02:00:00+05:30
ERP-O-000111,2026-01-10,North,Home,310.1,8.93,806260.28,72563.43,2600.0,0.3376,0.0,8868.86,168,2026-01-11T02:00:00+05:30
ERP-O-000112,2026-01-10,South,Apparel,477.48,18.91,692350.54,76158.56,1450.0,0.3457,0.0,7615.86,258,2026-01-11T02:00:00+05:30
ERP-O-000113,2026-01-10,South,Electronics,286.21,6.18,2547281.89,178309.73,8900.0,0.3613,0.0,28020.1,155,2026-01-11T02:00:00+05:30
ERP-O-000114,2026-01-10,South,Home,267.73,7.71,696110.92,62649.98,2600.0,0.3398,0.0,7657.22,145,2026-01-11T02:00:00+05:30
ERP-O-000115,2026-01-10,East,Apparel,348.83,13.81,505809.46,55639.04,1450.0,0.3519,0.0,5563.9,189,2026-01-11T02:00:00+05:30
ERP-O-000116,2026-01-10,East,Electronics,195.68,4.23,1741521.79,121906.53,8900.0,0.3935,0.0,19156.74,106,2026-01-11T02:00:00+05:30
ERP-O-000117,2026-01-10,East,Home,193.67,5.58,503539.0,45318.51,2600.0,0.3689,0.0,5538.93,105,2026-01-11T02:00:00+05:30
ERP-O-000118,2026-01-10,West,Apparel,427.49,16.93,619863.69,68185.01,1450.0,0.3608,0.0,6818.5,231,2026-01-11T02:00:00+05:30
ERP-O-000119,2026-01-10,West,Electronics,267.14,5.77,2377524.7,166426.73,8900.0,0.305,0.0,26152.77,144,2026-01-11T02:00:00+05:30
ERP-O-000120,2026-01-10,West,Home,229.48,6.61,596643.25,53697.89,2600.0,0.3284,0.0,6563.08,124,2026-01-11T02:00:00+05:30
ERP-O-000121,2026-01-11,North,Apparel,597.55,23.66,866443.11,95308.74,1450.0,0.3436,0.0,9530.87,323,2026-01-12T02:00:00+05:30
ERP-O-000122,2026-01-11,North,Electronics,341.36,7.37,3038062.74,212664.39,8900.0,0.3464,0.0,33418.69,185,2026-01-12T02:00:00+05:30
ERP-O-000123,2026-01-11,North,Home,310.16,8.93,806422.89,72578.06,2600.0,0.343,0.0,8870.65,168,2026-01-12T02:00:00+05:30
ERP-O-000124,2026-01-11,South,Apparel,508.26,20.13,736970.92,81066.8,1450.0,0.3601,0.0,8106.68,275,2026-01-12T02:00:00+05:30
ERP-O-000125,2026-01-11,South,Electronics,295.4,6.38,2629070.51,184034.94,8900.0,0.3463,0.0,28919.78,160,2026-01-12T02:00:00+05:30
ERP-O-000126,2026-01-11,South,Home,282.51,8.14,734527.64,66107.49,2600.0,0.3326,0.0,8079.8,153,2026-01-12T02:00:00+05:30
ERP-O-000127,2026-01-11,East,Apparel,350.15,13.87,507721.95,55849.41,1450.0,0.3836,0.0,5584.94,189,2026-01-12T02:00:00+05:30
ERP-O-000128,2026-01-11,East,Electronics,190.7,4.12,1697220.67,118805.45,8900.0,0.342,0.0,18669.43,103,2026-01-12T02:00:00+05:30
ERP-O-000129,2026-01-11,East,Home,180.88,5.21,470281.06,42325.29,2600.0,0.3347,0.0,5173.09,98,2026-01-12T02:00:00+05:30
ERP-O-000130,2026-01-11,West,Apparel,460.18,18.22,667265.48,73399.2,1450.0,0.3455,0.0,7339.92,249,2026-01-12T02:00:00+05:30
ERP-O-000131,2026-01-11,West,Electronics,273.99,5.92,2438535.64,170697.49,8900.0,0.3289,0.0,26823.89,148,2026-01-12T02:00:00+05:30
ERP-O-000132,2026-01-11,West,Home,223.42,6.43,580890.14,52280.11,2600.0,0.3647,0.0,6389.79,121,2026-01-12T02:00:00+05:30
ERP-O-000133,2026-01-12,North,Apparel,492.61,19.51,714281.41,78570.96,1450.0,0.3366,0.0,7857.1,266,2026-01-13T02:00:00+05:30
ERP-O-000134,2026-01-12,North,Electronics,298.79,6.45,2659201.41,186144.1,8900.0,0.3169,0.0,29251.22,162,2026-01-13T02:00:00+05:30
ERP-O-000135,2026-01-12,North,Home,242.35,6.98,630109.4,56709.85,2600.0,0.3208,0.0,6931.2,131,2026-01-13T02:00:00+05:30
ERP-O-000136,2026-01-12,South,Apparel,404.35,16.01,586312.36,64494.36,1450.0,0.3461,0.0,6449.44,219,2026-01-13T02:00:00+05:30
ERP-O-000137,2026-01-12,South,Electronics,239.77,5.18,2133920.25,149374.42,8900.0,0.3335,0.0,23473.12,130,2026-01-13T02:00:00+05:30
ERP-O-000138,2026-01-12,South,Home,234.27,6.75,609106.85,54819.62,2600.0,0.34,0.0,6700.18,127,2026-01-13T02:00:00+05:30
ERP-O-000139,2026-01-12,East,Apparel,290.63,11.51,421408.53,,1450.0,0.3493,0.0,4635.49,157,2026-01-13T02:00:00+05:30
ERP-O-000140,2026-01-12,East,Electronics,163.26,3.53,1453055.88,101713.91,8900.0,0.3646,0.0,15983.61,88,2026-01-13T02:00:00+05:30
ERP-O-000141,2026-01-12,East,Home,152.73,4.4,397086.09,35737.75,2600.0,0.3192,0.0,4367.95,83,2026-01-13T02:00:00+05:30
ERP-O-000142,2026-01-12,West,Apparel,369.3,14.62,535490.11,58903.91,1450.0,0.3196,0.0,5890.39,200,2026-01-13T02:00:00+05:30
ERP-O-000143,2026-01-12,West,Electronics,234.43,5.06,2086427.14,146049.9,8900.0,0.32,0.0,22950.7,127,2026-01-13T02:00:00+05:30
ERP-O-000144,2026-01-12,West,Home,200.11,5.76,520281.86,,2600.0,0.3452,0.0,5723.1,108,2026-01-13T02:00:00+05:30
ERP-O-000145,2026-01-13,North,Apparel,527.88,20.9,765432.35,84197.56,1450.0,0.3175,0.0,8419.76,285,2026-01-14T02:00:00+05:30
ERP-O-000146,2026-01-13,North,Electronics,290.7,6.28,2587222.23,181105.56,8900.0,0.33,0.0,28459.44,157,2026-01-14T02:00:00+05:30
ERP-O-000147,2026-01-13,North,Home,249.34,7.18,648271.9,58344.47,2600.0,0.3305,0.0,7130.99,135,2026-01-14T02:00:00+05:30
ERP-O-000148,2026-01-13,South,Apparel,406.89,16.11,589996.47,64899.61,1450.0,0.3376,0.0,6489.96,220,2026-01-14T02:00:00+05:30
ERP-O-000149,2026-01-13,South,Electronics,226.23,4.89,2013414.81,140939.04,8900.0,0.3356,0.0,22147.56,122,2026-01-14T02:00:00+05:30
ERP-O-000150,2026-01-13,South,Home,209.91,6.05,545755.76,49118.02,2600.0,0.3074,0.0,6003.31,113,2026-01-14T02:00:00+05:30
ERP-O-000151,2026-01-13,East,Apparel,268.87,10.65,389854.99,42884.05,1450.0,0.3269,0.0,4288.4,145,2026-01-14T02:00:00+05:30
ERP-O-000152,2026-01-13,East,Electronics,170.64,3.69,1518665.66,106306.6,8900.0,0.3803,0.0,16705.32,92,2026-01-14T02:00:00+05:30
ERP-O-000153,2026-01-13,East,Home,151.87,4.37,394868.9,35538.2,2600.0,0.3303,0.0,4343.56,82,2026-01-14T02:00:00+05:30
ERP-O-000154,2026-01-13,West,Apparel,363.45,14.39,526998.13,57969.79,1450.0,0.3478,0.0,5796.98,196,2026-01-14T02:00:00+05:30
ERP-O-000155,2026-01-13,West,Electronics,220.77,4.77,1964883.47,137541.84,8900.0,0.3428,0.0,21613.72,119,2026-01-14T02:00:00+05:30
ERP-O-000156,2026-01-13,West,Home,198.44,5.72,515944.82,46435.03,2600.0,0.3591,0.0,5675.39,107,2026-01-14T02:00:00+05:30
ERP-O-000157,2026-01-14,North,Apparel,480.17,19.01,696247.57,76587.23,1450.0,0.3311,0.0,7658.72,260,2026-01-15T02:00:00+05:30
ERP-O-000158,2026-01-14,North,Electronics,291.15,6.29,2591243.42,181387.04,8900.0,0.3477,0.0,28503.68,157,2026-01-15T02:00:00+05:30
ERP-O-000159,2026-01-14,North,Home,248.61,7.16,646377.47,58173.97,2600.0,0.3143,0.0,7110.15,134,2026-01-15T02:00:00+05:30
ERP-O-000160,2026-01-14,South,Apparel,419.54,16.61,608337.98,66917.18,1450.0,0.3308,0.0,6691.72,227,2026-01-15T02:00:00+05:30
ERP-O-000161,2026-01-14,South,Electronics,228.62,4.94,2034748.06,142432.36,8900.0,0.3505,0.0,22382.23,124,2026-01-15T02:00:00+05:30
ERP-O-000162,2026-01-14,South,Home,233.58,6.73,607316.64,54658.5,2600.0,0.3419,0.0,6680.48,126,2026-01-15T02:00:00+05:30
ERP-O-000163,2026-01-14,East,Apparel,297.3,11.77,431080.41,47418.85,1450.0,0.3505,0.0,4741.88,161,2026-01-15T02:00:00+05:30
ERP-O-000164,2026-01-14,East,Electronics,165.91,3.58,1476569.21,103359.84,8900.0,0.3432,0.0,16242.26,90,2026-01-15T02:00:00+05:30
ERP-O-000165,2026-01-14,East,Home,156.87,4.52,407859.15,36707.32,2600.0,0.3559,0.0,4486.45,85,2026-01-15T02:00:00+05:30
ERP-O-000166,2026-01-14,West,Apparel,387.2,15.33,561441.82,61758.6,1450.0,0.2995,0.0,6175.86,209,2026-01-15T02:00:00+05:30
ERP-O-000167,2026-01-14,West,Electronics,222.3,4.8,1978460.8,,8900.0,0.3513,0.0,21763.07,120,2026-01-15T02:00:00+05:30
ERP-O-000168,2026-01-14,West,Home,187.98,5.41,488755.18,43987.97,2600.0,0.3458,0.0,5376.31,102,2026-01-15T02:00:00+05:30
ERP-O-000169,2026-01-15,North,Apparel,485.9,19.24,704549.48,77500.44,1450.0,0.3679,0.0,7750.04,263,2026-01-16T02:00:00+05:30
ERP-O-000170,2026-01-15,North,Electronics,291.73,6.3,2596385.0,181746.95,8900.0,0.3344,0.0,28560.24,158,2026-01-16T02:00:00+05:30
ERP-O-000171,2026-01-15,North,Home,257.1,7.4,668457.43,60161.17,2600.0,0.3614,0.0,7353.03,139,2026-01-16T02:00:00+05:30
ERP-O-000172,2026-01-15,South,Apparel,424.87,16.82,616059.64,67766.56,1450.0,0.3339,0.0,6776.66,230,2026-01-16T02:00:00+05:30
ERP-O-000173,2026-01-15,South,Electronics,229.35,4.95,2041250.15,142887.51,8900.0,0.35,0.0,22453.75,124,2026-01-16T02:00:00+05:30
ERP-O-000174,2026-01-15,South,Home,232.9,6.71,605535.4,54498.19,2600.0,0.365,0.0,6660.89,126,2026-01-16T02:00:00+05:30
ERP-O-000175,2026-01-15,East,Apparel,298.38,11.82,432651.11,47591.62,1450.0,0.4019,0.0,4759.16,161,2026-01-16T02:00:00+05:30
ERP-O-000176,2026-01-15,East,Electronics,164.58,3.56,1464801.92,102536.13,8900.0,0.344,0.0,16112.82,89,2026-01-16T02:00:00+05:30
ERP-O-000177,2026-01-15,East,Home,158.1,4.55,411047.14,36994.24,2600.0,0.3455,0.0,4521.52,85,2026-01-16T02:00:00+05:30
ERP-O-000178,2026-01-15,West,Apparel,355.58,14.08,515584.71,56714.32,1450.0,0.3414,0.0,5671.43,192,2026-01-16T02:00:00+05:30
ERP-O-000179,2026-01-15,West,Electronics,226.53,4.89,2016154.39,141130.81,8900.0,0.3494,0.0,22177.7,122,2026-01-16T02:00:00+05:30
ERP-O-000180,2026-01-15,West,Home,214.84,6.19,558594.77,50273.53,2600.0,0.3341,0.0,6144.54,116,2026-01-16T02:00:00+05:30
ERP-O-000181,2026-01-16,North,Apparel,483.03,19.13,700400.27,77044.03,1450.0,0.3672,0.0,7704.4,261,2026-01-17T02:00:00+05:30
ERP-O-000182,2026-01-16,North,Electronics,303.72,6.56,2703120.05,189218.4,8900.0,0.3596,0.0,29734.32,164,2026-01-17T02:00:00+05:30
ERP-O-000183,2026-01-16,North,Home,243.93,7.03,634226.05,,2600.0,0.2982,0.0,6976.49,132,2026-01-17T02:00:00+05:30
ERP-O-000184,2026-01-16,South,Apparel,433.24,17.16,628192.61,69101.19,1450.0,0.3344,0.0,6910.12,234,2026-01-17T02:00:00+05:30
ERP-O-000185,2026-01-16,South,Electronics,235.95,5.1,2099935.45,146995.48,8900.0,0.329,0.0,23099.29,128,2026-01-17T02:00:00+05:30
ERP-O-000186,2026-01-16,South,Home,205.19,5.91,533492.58,48014.33,2600.0,0.3238,0.0,5868.42,111,2026-01-17T02:00:00+05:30
ERP-O-000187,2026-01-16,East,Apparel,284.61,11.27,412682.65,45395.09,1450.0,0.3296,0.0,4539.51,154,2026-01-17T02:00:00+05:30
ERP-O-000188,2026-01-16,East,Electronics,155.99,3.37,1388296.98,97180.79,8900.0,0.3125,0.0,15271.27,84,2026-01-17T02:00:00+05:30
ERP-O-000189,2026-01-16,East,Home,154.72,4.46,402279.82,36205.18,2600.0,0.3508,0.0,4425.08,84,2026-01-17T02:00:00+05:30
ERP-O-000190,2026-01-16,West,Apparel,384.91,15.24,558120.66,61393.27,1450.0,0.3258,0.0,6139.33,208,2026-01-17T02:00:00+05:30
ERP-O-000191,2026-01-16,West,Electronics,227.19,4.91,2021978.16,141538.47,8900.0,0.3568,0.0,22241.76,123,2026-01-17T02:00:00+05:30
ERP-O-000192,2026-01-16,West,Home,203.92,5.87,530192.31,47717.31,2600.0,0.3731,0.0,5832.12,110,2026-01-17T02:00:00+05:30
ERP-O-000193,2026-01-17,North,Apparel,592.21,23.45,858706.18,94457.68,1450.0,0.3454,0.0,9445.77,320,2026-01-18T02:00:00+05:30
ERP-O-000194,2026-01-17,North,Electronics,351.44,7.59,3127822.8,218947.6,8900.0,0.3193,0.0,34406.05,190,2026-01-18T02:00:00+05:30
ERP-O-000195,2026-01-17,North,Home,316.99,9.13,824180.96,74176.29,2600.0,0.3713,0.0,9065.99,171,2026-01-18T02:00:00+05:30
ERP-O-000196,2026-01-17,South,Apparel,489.78,19.4,710177.98,78119.58,1450.0,0.3422,0.0,7811.96,265,2026-01-18T02:00:00+05:30
ERP-O-000197,2026-01-17,South,Electronics,306.35,6.62,2726506.99,190855.49,8900.0,0.3285,0.0,29991.58,166,2026-01-18T02:00:00+05:30
ERP-O-000198,2026-01-17,South,Home,265.76,7.65,690969.66,62187.27,2600.0,0.3385,0.0,7600.67,144,2026-01-18T02:00:00+05:30
ERP-O-000199,2026-01-17,East,Apparel,366.64,14.52,531631.3,58479.44,1450.0,0.3127,0.0,5847.94,198,2026-01-18T02:00:00+05:30
ERP-O-000200,2026-01-17,East,Electronics,203.91,4.4,1814804.14,127036.29,8900.0,0.3155,0.0,19962.85,110,2026-01-18T02:00:00+05:30
ERP-O-000201,2026-01-17,East,Home,185.75,5.35,482943.08,43464.88,2600.0,0.3118,0.0,5312.37,100,2026-01-18T02:00:00+05:30
ERP-O-000202,2026-01-17,West,Apparel,439.42,17.4,637155.28,70087.08,1450.0,0.3468,0.0,7008.71,238,2026-01-18T02:00:00+05:30
ERP-O-000203,2026-01-17,West,Electronics,277.92,6.0,2473477.96,173143.46,8900.0,0.331,0.0,27208.26,150,2026-01-18T02:00:00+05:30
ERP-O-000204,2026-01-17,West,Home,239.94,6.91,623833.83,56145.05,2600.0,0.3119,0.0,6862.17,130,2026-01-18T02:00:00+05:30
ERP-O-000205,2026-01-18,North,Apparel,582.68,23.07,844887.38,92937.61,1450.0,0.3119,0.0,9293.76,315,2026-01-19T02:00:00+05:30
ERP-O-000206,2026-01-18,North,Electronics,345.51,7.46,3075031.75,215252.22,8900.0,0.3308,0.0,33825.35,187,2026-01-19T02:00:00+05:30
ERP-O-000207,2026-01-18,North,Home,315.89,9.1,821311.9,73918.07,2600.0,0.3465,0.0,9034.43,171,2026-01-19T02:00:00+05:30
ERP-O-000208,2026-01-18,South,Apparel,486.62,19.27,705604.41,77616.48,1450.0,0.3186,0.0,7761.65,263,2026-01-19T02:00:00+05:30
ERP-O-000209,2026-01-18,South,Electronics,281.98,6.09,2509617.34,175673.21,8900.0,0.3457,0.0,27605.79,152,2026-01-19T02:00:00+05:30
ERP-O-000210,2026-01-18,South,Home,273.78,7.88,711826.23,64064.36,2600.0,0.3228,0.0,7830.09,148,2026-01-19T02:00:00+05:30
ERP-O-000211,2026-01-18,East,Apparel,329.57,13.05,477880.09,52566.81,1450.0,0.3188,0.0,5256.68,178,2026-01-19T02:00:00+05:30
ERP-O-000212,2026-01-18,East,Electronics,190.59,4.12,1696253.29,118737.73,8900.0,0.3134,0.0,18658.79,103,2026-01-19T02:00:00+05:30
ERP-O-000213,2026-01-18,East,Home,176.0,5.07,457610.72,41184.96,2600.0,0.2994,0.0,5033.72,95,2026-01-19T02:00:00+05:30
ERP-O-000214,2026-01-18,West,Apparel,444.0,17.58,643806.9,70818.76,1450.0,0.3666,0.0,7081.88,240,2026-01-19T02:00:00+05:30
ERP-O-000215,2026-01-18,West,Electronics,284.19,6.14,2529268.53,177048.8,8900.0,0.3788,0.0,27821.95,154,2026-01-19T02:00:00+05:30
ERP-O-000216,2026-01-18,West,Home,243.36,7.01,632743.53,56946.92,2600.0,0.3175,0.0,6960.18,132,2026-01-19T02:00:00+05:30
ERP-O-000217,2026-01-19,North,Apparel,505.24,20.01,732593.76,80585.31,1450.0,0.3298,0.0,8058.53,273,2026-01-20T02:00:00+05:30
ERP-O-000218,2026-01-19,North,Electronics,291.44,6.3,2593800.16,181566.01,8900.0,0.3357,0.0,28531.8,158,2026-01-20T02:00:00+05:30
ERP-O-000219,2026-01-19,North,Home,254.73,7.34,662301.88,59607.17,2600.0,0.3455,0.0,7285.32,138,2026-01-20T02:00:00+05:30
ERP-O-000220,2026-01-19,South,Apparel,451.62,17.88,654848.39,72033.32,1450.0,0.3419,0.0,7203.33,244,2026-01-20T02:00:00+05:30
ERP-O-000221,2026-01-19,South,Electronics,238.73,5.16,2124667.31,148726.71,8900.0,0.3211,0.0,23371.34,129,2026-01-20T02:00:00+05:30
ERP-O-000222,2026-01-19,South,Home,230.84,6.65,600189.97,54017.1,2600.0,0.3282,0.0,6602.09,125,2026-01-20T02:00:00+05:30
ERP-O-000223,2026-01-19,East,Apparel,291.59,11.55,422799.45,46507.94,1450.0,0.3258,0.0,4650.79,158,2026-01-20T02:00:00+05:30
ERP-O-000224,2026-01-19,East,Electronics,167.91,3.63,1494426.93,104609.89,8900.0,0.3356,0.0,16438.7,91,2026-01-20T02:00:00+05:30
ERP-O-000225,2026-01-19,East,Home,149.23,4.3,387999.72,34919.97,2600.0,0.3261,0.0,4268.0,81,2026-01-20T02:00:00+05:30
ERP-O-000226,2026-01-19,West,Apparel,365.44,14.47,529887.8,58287.66,1450.0,0.3508,0.0,5828.77,198,2026-01-20T02:00:00+05:30
ERP-O-000227,2026-01-19,West,Electronics,233.24,5.04,2075839.73,145308.78,8900.0,0.3373,0.0,22834.24,126,2026-01-20T02:00:00+05:30
ERP-O-000228,2026-01-19,West,Home,198.82,5.73,516939.1,46524.52,2600.0,0.305,0.0,5686.33,107,2026-01-20T02:00:00+05:30
ERP-O-000229,2026-01-20,North,Apparel,579.14,22.93,839746.43,134359.43,1450.0,0.3573,0.0,9237.21,313,2026-01-21T02:00:00+05:30
ERP-O-000230,2026-01-20,North,Electronics,337.49,7.29,3003690.53,360442.86,8900.0,0.3361,0.0,33040.6,182,2026-01-21T02:00:00+05:30
ERP-O-000231,2026-01-20,North,Home,310.17,8.93,806450.43,,2600.0,0.3531,0.0,8870.95,168,2026-01-21T02:00:00+05:30
ERP-O-000232,2026-01-20,South,Apparel,480.3,19.02,696429.92,,1450.0,0.3456,0.0,7660.73,260,2026-01-21T02:00:00+05:30
ERP-O-000233,2026-01-20,South,Electronics,287.99,6.22,2563092.69,307571.12,8900.0,0.3464,0.0,28194.02,156,2026-01-21T02:00:00+05:30
ERP-O-000234,2026-01-20,South,Home,276.52,7.96,718964.81,100655.07,2600.0,0.3222,0.0,7908.61,149,2026-01-21T02:00:00+05:30
ERP-O-000235,2026-01-20,East,Apparel,359.32,14.23,521016.43,83362.63,1450.0,0.3131,0.0,5731.18,194,2026-01-21T02:00:00+05:30
ERP-O-000236,2026-01-20,East,Electronics,196.26,4.24,1746703.94,209604.47,8900.0,0.3067,0.0,19213.74,106,2026-01-21T02:00:00+05:30
ERP-O-000237,2026-01-20,East,Home,182.79,5.26,475262.87,66536.8,2600.0,0.3525,0.0,5227.89,99,2026-01-21T02:00:00+05:30
ERP-O-000238,2026-01-20,West,Apparel,447.55,17.72,648946.73,103831.48,1450.0,0.3548,0.0,7138.41,242,2026-01-21T02:00:00+05:30
ERP-O-000239,2026-01-20,West,Electronics,275.93,5.96,2455774.63,294692.96,8900.0,0.3653,0.0,27013.52,149,2026-01-21T02:00:00+05:30
ERP-O-000240,2026-01-20,West,Home,230.29,6.63,598756.05,83825.85,2600.0,0.3308,0.0,6586.32,124,2026-01-21T02:00:00+05:30
ERP-O-000241,2026-01-21,North,Apparel,613.74,24.3,889916.77,142386.68,1450.0,0.3314,0.0,9789.08,332,2026-01-22T02:00:00+05:30
ERP-O-000242,2026-01-21,North,Electronics,346.61,7.49,3084839.72,370180.77,8900.0,0.3332,0.0,33933.24,187,2026-01-22T02:00:00+05:30
ERP-O-000243,2026-01-21,North,Home,281.34,8.1,731492.62,102408.97,2600.0,0.318,0.0,8046.42,152,2026-01-22T02:00:00+05:30
ERP-O-000244,2026-01-21,South,Apparel,500.75,19.83,726090.63,116174.5,1450.0,0.3578,0.0,7987.0,271,2026-01-22T02:00:00+05:30
ERP-O-000245,2026-01-21,South,Electronics,294.13,6.35,2617771.23,314132.55,8900.0,0.3517,0.0,28795.48,159,2026-01-22T02:00:00+05:30
ERP-O-000246,2026-01-21,South,Home,261.77,7.54,680594.55,95283.24,2600.0,0.3488,0.0,7486.54,141,2026-01-22T02:00:00+05:30
ERP-O-000247,2026-01-21,East,Apparel,326.54,12.93,473488.79,75758.21,1450.0,0.3478,0.0,5208.38,177,2026-01-22T02:00:00+05:30
ERP-O-000248,2026-01-21,East,Electronics,186.91,4.04,1663500.49,199620.06,8900.0,0.3597,0.0,18298.51,101,2026-01-22T02:00:00+05:30
ERP-O-000249,2026-01-21,East,Home,183.48,5.28,477036.65,66785.13,2600.0,0.3666,0.0,5247.4,99,2026-01-22T02:00:00+05:30
ERP-O-000250,2026-01-21,West,Apparel,450.59,17.84,653353.65,,1450.0,0.3228,0.0,7186.89,244,2026-01-22T02:00:00+05:30
ERP-O-000251,2026-01-21,West,Electronics,264.06,5.7,2350115.99,282013.92,8900.0,0.3209,0.0,25851.28,143,2026-01-22T02:00:00+05:30
ERP-O-000252,2026-01-21,West,Home,226.6,6.53,589164.13,82482.98,2600.0,0.3506,0.0,6480.81,122,2026-01-22T02:00:00+05:30
ERP-O-000253,2026-01-22,North,Apparel,593.0,23.48,859854.68,137576.75,1450.0,0.3355,0.0,9458.4,321,2026-01-23T02:00:00+05:30
ERP-O-000254,2026-01-22,North,Electronics,326.07,7.04,2902017.29,348242.07,8900.0,0.3946,0.0,31922.19,176,2026-01-23T02:00:00+05:30
ERP-O-000255,2026-01-22,North,Home,313.6,9.03,815366.8,114151.35,2600.0,0.3493,0.0,8969.03,170,2026-01-23T02:00:00+05:30
ERP-O-000256,2026-01-22,South,Apparel,489.89,19.4,710336.49,113653.84,1450.0,0.3344,0.0,7813.7,265,2026-01-23T02:00:00+05:30
ERP-O-000257,2026-01-22,South,Electronics,290.52,6.28,2585606.51,310272.78,8900.0,0.3232,0.0,28441.67,157,2026-01-23T02:00:00+05:30
ERP-O-000258,2026-01-22,South,Home,282.88,8.15,735475.74,102966.6,2600.0,0.3568,0.0,8090.23,153,2026-01-23T02:00:00+05:30
ERP-O-000259,2026-01-22,East,Apparel,350.46,13.88,508170.82,81307.33,1450.0,0.3425,0.0,5589.88,189,2026-01-23T02:00:00+05:30
ERP-O-000260,2026-01-22,East,Electronics,190.05,4.11,1691482.0,202977.84,8900.0,0.3814,0.0,18606.3,103,2026-01-23T02:00:00+05:30
ERP-O-000261,2026-01-22,East,Home,176.04,5.07,457702.27,64078.32,2600.0,0.3306,0.0,5034.72,95,2026-01-23T02:00:00+05:30
ERP-O-000262,2026-01-22,West,Apparel,462.4,18.31,670483.22,107277.31,1450.0,0.3383,0.0,7375.32,250,2026-01-23T02:00:00+05:30
ERP-O-000263,2026-01-22,West,Electronics,275.85,5.96,2455103.87,294612.46,8900.0,0.3587,0.0,27006.14,149,2026-01-23T02:00:00+05:30
ERP-O-000264,2026-01-22,West,Home,231.13,6.66,600945.49,84132.37,2600.0,0.3406,0.0,6610.4,125,2026-01-23T02:00:00+05:30
ERP-O-000265,2026-01-23,North,Apparel,626.57,24.81,908531.39,145365.02,1450.0,0.3457,0.0,9993.85,339,2026-01-24T02:00:00+05:30
ERP-O-000266,2026-01-23,North,Electronics,365.2,7.89,3250300.55,390036.07,8900.0,0.3621,0.0,35753.31,197,2026-01-24T02:00:00+05:30
ERP-O-000267,2026-01-23,North,Home,294.78,8.49,766438.39,107301.38,2600.0,0.3669,0.0,8430.82,159,2026-01-24T02:00:00+05:30
ERP-O-000268,2026-01-23,South,Apparel,499.15,19.77,723770.34,115803.25,1450.0,0.3241,0.0,7961.47,270,2026-01-24T02:00:00+05:30
ERP-O-000269,2026-01-23,South,Electronics,273.26,5.9,2432010.59,291841.27,8900.0,0.3423,0.0,26752.12,148,2026-01-24T02:00:00+05:30
ERP-O-000270,2026-01-23,South,Home,276.27,7.96,718303.92,100562.55,2600.0,0.3086,0.0,7901.34,149,2026-01-24T02:00:00+05:30
ERP-O-000271,2026-01-23,East,Apparel,335.02,13.27,485779.17,77724.67,1450.0,0.3522,0.0,5343.57,181,2026-01-24T02:00:00+05:30
ERP-O-000272,2026-01-23,East,Electronics,205.71,4.44,1830810.32,219697.24,8900.0,0.3086,0.0,20138.91,111,2026-01-24T02:00:00+05:30
ERP-O-000273,2026-01-23,East,Home,180.71,5.2,469851.32,65779.18,2600.0,0.333,0.0,5168.36,98,2026-01-24T02:00:00+05:30
ERP-O-000274,2026-01-23,West,Apparel,420.23,16.64,609332.72,97493.24,1450.0,0.3248,0.0,6702.66,227,2026-01-24T02:00:00+05:30
ERP-O-000275,2026-01-23,West,Electronics,272.62,5.89,2426281.06,291153.73,8900.0,0.3372,0.0,26689.09,147,2026-01-24T02:00:00+05:30
ERP-O-000276,2026-01-23,West,Home,247.64,7.13,643876.88,90142.76,2600.0,0.3918,0.0,7082.65,134,2026-01-24T02:00:00+05:30
ERP-O-000277,2026-01-24,North,Apparel,691.74,27.39,1003024.2,160483.87,1450.0,0.326,0.0,11033.27,374,2026-01-25T02:00:00+05:30
ERP-O-000278,2026-01-24,North,Electronics,395.12,8.53,3516594.01,421991.28,8900.0,0.3655,0.0,38682.53,214,2026-01-25T02:00:00+05:30
ERP-O-000279,2026-01-24,North,Home,374.48,10.79,973660.19,136312.43,2600.0,0.339,0.0,10710.26,202,2026-01-25T02:00:00+05:30
ERP-O-000280,2026-01-24,South,Apparel,557.87,22.09,808918.42,129426.95,1450.0,0.3355,0.0,8898.1,302,2026-01-25T02:00:00+05:30
ERP-O-000281,2026-01-24,South,Electronics,351.55,7.59,3128831.13,375459.74,8900.0,0.345,0.0,34417.14,190,2026-01-25T02:00:00+05:30
ERP-O-000282,2026-01-24,South,Home,312.8,9.01,813292.74,113860.98,2600.0,0.3155,0.0,8946.22,169,2026-01-25T02:00:00+05:30
ERP-O-000283,2026-01-24,East,Apparel,396.21,15.69,574505.06,91920.81,1450.0,0.3225,0.0,6319.56,214,2026-01-25T02:00:00+05:30
ERP-O-000284,2026-01-24,East,Electronics,234.46,5.06,2086652.56,250398.31,8900.0,0.3264,0.0,22953.18,127,2026-01-25T02:00:00+05:30
ERP-O-000285,2026-01-24,East,Home,216.14,6.22,561953.79,78673.53,2600.0,0.3632,0.0,6181.49,117,2026-01-25T02:00:00+05:30
ERP-O-000286,2026-01-24,West,Apparel,560.47,22.19,812683.41,130029.35,1450.0,0.3457,0.0,8939.52,303,2026-01-25T02:00:00+05:30
ERP-O-000287,2026-01-24,West,Electronics,322.85,6.97,2873370.36,344804.44,8900.0,0.3665,0.0,31607.07,175,2026-01-25T02:00:00+05:30
ERP-O-000288,2026-01-24,West,Home,288.03,8.3,748880.62,104843.29,2600.0,0.3276,0.0,8237.69,156,2026-01-25T02:00:00+05:30
ERP-O-000289,2026-01-25,North,Apparel,686.54,27.19,995487.66,159278.02,1450.0,0.3373,0.0,10950.36,371,2026-01-26T02:00:00+05:30
ERP-O-000290,2026-01-25,North,Electronics,425.17,9.18,3784009.66,454081.16,8900.0,0.3298,0.0,41624.11,230,2026-01-26T02:00:00+05:30
ERP-O-000291,2026-01-25,North,Home,363.26,10.46,944468.63,132225.61,2600.0,0.3439,0.0,10389.15,196,2026-01-26T02:00:00+05:30
ERP-O-000292,2026-01-25,South,Apparel,586.79,23.24,850841.19,136134.59,1450.0,0.3574,0.0,9359.25,317,2026-01-26T02:00:00+05:30
ERP-O-000293,2026-01-25,South,Electronics,352.78,7.62,3139721.72,376766.61,8900.0,0.3261,0.0,34536.94,191,2026-01-26T02:00:00+05:30
ERP-O-000294,2026-01-25,South,Home,328.61,9.46,854397.01,119615.58,2600.0,0.3181,0.0,9398.37,178,2026-01-26T02:00:00+05:30
ERP-O-000295,2026-01-25,East,Apparel,429.91,17.02,623372.31,99739.57,1450.0,0.3575,0.0,6857.1,232,2026-01-26T02:00:00+05:30
ERP-O-000296,2026-01-25,East,Electronics,215.8,4.66,1920593.0,230471.16,8900.0,0.325,0.0,21126.52,117,2026-01-26T02:00:00+05:30
ERP-O-000297,2026-01-25,East,Home,212.77,6.13,553207.53,77449.05,2600.0,0.3244,0.0,6085.28,115,2026-01-26T02:00:00+05:30
ERP-O-000298,2026-01-25,West,Apparel,517.81,20.51,750820.84,120131.34,1450.0,0.3463,0.0,8259.03,280,2026-01-26T02:00:00+05:30
ERP-O-000299,2026-01-25,West,Electronics,329.15,7.11,2929415.64,351529.88,8900.0,0.3545,0.0,32223.57,178,2026-01-26T02:00:00+05:30
ERP-O-000300,2026-01-25,West,Home,269.86,7.77,701642.73,98229.98,2600.0,0.3514,0.0,7718.07,146,2026-01-26T02:00:00+05:30
ERP-O-000301,2026-01-26,North,Apparel,711.94,28.19,1032313.03,165170.08,1450.0,0.3455,0.0,11355.44,385,2026-01-27T02:00:00+05:30
ERP-O-000302,2026-01-26,North,Electronics,422.9,9.13,3763835.97,451660.32,8900.0,0.3517,0.0,41402.2,229,2026-01-27T02:00:00+05:30
ERP-O-000303,2026-01-26,North,Home,346.39,9.98,900611.15,126085.56,2600.0,0.2996,0.0,9906.72,187,2026-01-27T02:00:00+05:30
ERP-O-000304,2026-01-26,South,Apparel,600.49,23.78,870710.17,139313.63,1450.0,0.3651,0.0,9577.81,325,2026-01-27T02:00:00+05:30
ERP-O-000305,2026-01-26,South,Electronics,330.28,7.13,2939461.22,352735.35,8900.0,0.3265,0.0,32334.07,179,2026-01-27T02:00:00+05:30
ERP-O-000306,2026-01-26,South,Home,317.48,9.14,825438.9,115561.45,2600.0,0.3507,0.0,9079.83,172,2026-01-27T02:00:00+05:30
ERP-O-000307,2026-01-26,East,Apparel,430.84,17.06,624712.58,99954.01,1450.0,0.34,0.0,6871.84,233,2026-01-27T02:00:00+05:30
ERP-O-000308,2026-01-26,East,Electronics,234.56,5.07,2087612.32,250513.48,8900.0,0.3365,0.0,22963.74,127,2026-01-27T02:00:00+05:30
ERP-O-000309,2026-01-26,East,Home,230.9,6.65,600334.11,84046.78,2600.0,0.3103,0.0,6603.68,125,2026-01-27T02:00:00+05:30
ERP-O-000310,2026-01-26,West,Apparel,568.9,22.53,824903.42,131984.55,1450.0,0.3383,0.0,9073.94,308,2026-01-27T02:00:00+05:30
ERP-O-000311,2026-01-26,West,Electronics,331.65,7.16,2951677.66,354201.32,8900.0,0.3372,0.0,32468.45,179,2026-01-27T02:00:00+05:30
ERP-O-000312,2026-01-26,West,Home,273.86,7.89,712035.14,99684.92,2600.0,0.3343,0.0,7832.39,148,2026-01-27T02:00:00+05:30
ERP-O-000313,2026-01-27,North,Apparel,575.71,22.8,834786.17,133565.79,1450.0,0.322,0.0,9182.65,311,2026-01-28T02:00:00+05:30
ERP-O-000314,2026-01-27,North,Electronics,371.47,8.02,3306080.42,396729.65,8900.0,0.3831,0.0,36366.88,201,2026-01-28T02:00:00+05:30
ERP-O-000315,2026-01-27,North,Home,299.97,8.64,779926.93,109189.77,2600.0,0.3465,0.0,8579.2,162,2026-01-28T02:00:00+05:30
ERP-O-000316,2026-01-27,South,Apparel,491.49,19.46,712653.62,114024.58,1450.0,0.343,0.0,7839.19,266,2026-01-28T02:00:00+05:30
ERP-O-000317,2026-01-27,South,Electronics,305.28,6.59,2716978.83,326037.46,8900.0,0.3014,0.0,29886.77,165,2026-01-28T02:00:00+05:30
ERP-O-000318,2026-01-27,South,Home,263.94,7.6,686241.49,96073.81,2600.0,0.3653,0.0,7548.66,143,2026-01-28T02:00:00+05:30
ERP-O-000319,2026-01-27,East,Apparel,343.1,13.59,497490.99,79598.56,1450.0,0.3648,0.0,5472.4,185,2026-01-28T02:00:00+05:30
ERP-O-000320,2026-01-27,East,Electronics,189.53,4.09,1686818.54,202418.23,8900.0,0.3401,0.0,18555.0,102,2026-01-28T02:00:00+05:30
ERP-O-000321,2026-01-27,East,Home,181.41,5.22,471656.63,66031.93,2600.0,0.3537,0.0,5188.22,98,2026-01-28T02:00:00+05:30
ERP-O-000322,2026-01-27,West,Apparel,448.9,17.78,650898.83,104143.81,1450.0,0.3561,0.0,7159.89,243,2026-01-28T02:00:00+05:30
ERP-O-000323,2026-01-27,West,Electronics,281.04,6.07,2501231.52,300147.78,8900.0,0.3168,0.0,27513.55,152,2026-01-28T02:00:00+05:30
ERP-O-000324,2026-01-27,West,Home,231.69,6.67,602390.74,,2600.0,0.3363,0.0,6626.3,125,2026-01-28T02:00:00+05:30
ERP-O-000325,2026-01-28,North,Apparel,471.36,18.67,683476.22,75182.38,1450.0,0.3531,0.0,7518.24,255,2026-01-29T02:00:00+05:30
ERP-O-000326,2026-01-28,North,Electronics,284.29,6.14,2530161.14,177111.28,8900.0,0.2932,0.0,27831.77,154,2026-01-29T02:00:00+05:30
ERP-O-000327,2026-01-28,North,Home,244.53,7.04,635782.69,57220.44,2600.0,0.3429,0.0,6993.61,132,2026-01-29T02:00:00+05:30
ERP-O-000328,2026-01-28,South,Apparel,406.1,16.08,588849.75,64773.47,1450.0,0.3453,0.0,6477.35,220,2026-01-29T02:00:00+05:30
ERP-O-000329,2026-01-28,South,Electronics,243.19,5.25,2164359.68,151505.18,8900.0,0.3608,0.0,23807.96,131,2026-01-29T02:00:00+05:30
ERP-O-000330,2026-01-28,South,Home,223.42,6.43,580891.6,52280.24,2600.0,0.3348,0.0,6389.81,121,2026-01-29T02:00:00+05:30
ERP-O-000331,2026-01-28,East,Apparel,287.65,11.39,417094.18,45880.36,1450.0,0.3641,0.0,4588.04,155,2026-01-29T02:00:00+05:30
ERP-O-000332,2026-01-28,East,Electronics,163.93,3.54,1459015.53,102131.09,8900.0,0.3085,0.0,16049.17,89,2026-01-29T02:00:00+05:30
ERP-O-000333,2026-01-28,East,Home,160.83,4.63,418167.49,37635.07,2600.0,0.3127,0.0,4599.84,87,2026-01-29T02:00:00+05:30
ERP-O-000334,2026-01-28,West,Apparel,364.23,14.42,528134.88,58094.84,1450.0,0.3473,0.0,5809.48,197,2026-01-29T02:00:00+05:30
ERP-O-000335,2026-01-28,West,Electronics,215.68,4.66,1919538.38,134367.69,8900.0,0.3355,0.0,21114.92,117,2026-01-29T02:00:00+05:30
ERP-O-000336,2026-01-28,West,Home,193.7,5.58,503614.69,45325.32,2600.0,0.3404,0.0,5539.76,105,2026-01-29T02:00:00+05:30
ERP-O-000337,2026-01-29,North,Apparel,525.24,20.8,761595.1,83775.46,1450.0,0.2972,0.0,8377.55,284,2026-01-30T02:00:00+05:30
ERP-O-000338,2026-01-29,North,Electronics,303.21,6.55,2698562.37,188899.37,8900.0,0.3369,0.0,29684.19,164,2026-01-30T02:00:00+05:30
ERP-O-000339,2026-01-29,North,Home,256.57,7.39,667086.42,60037.78,2600.0,0.3435,0.0,7337.95,139,2026-01-30T02:00:00+05:30
ERP-O-000340,2026-01-29,South,Apparel,384.51,15.23,557541.05,61329.52,1450.0,0.303,0.0,6132.95,208,2026-01-30T02:00:00+05:30
ERP-O-000341,2026-01-29,South,Electronics,241.14,5.21,2146176.99,150232.39,8900.0,0.359,0.0,23607.95,130,2026-01-30T02:00:00+05:30
ERP-O-000342,2026-01-29,South,Home,244.97,7.06,636924.3,57323.19,2600.0,0.3447,0.0,7006.17,132,2026-01-30T02:00:00+05:30
ERP-O-000343,2026-01-29,East,Apparel,291.18,11.53,422216.2,46443.78,1450.0,0.3743,0.0,4644.38,157,2026-01-30T02:00:00+05:30
ERP-O-000344,2026-01-29,East,Electronics,164.12,3.54,1460639.97,102244.8,8900.0,0.3163,0.0,16067.04,89,2026-01-30T02:00:00+05:30
ERP-O-000345,2026-01-29,East,Home,154.38,4.45,401389.21,36125.03,2600.0,0.3489,0.0,4415.28,83,2026-01-30T02:00:00+05:30
ERP-O-000346,2026-01-29,West,Apparel,361.43,14.31,524068.15,57647.5,1450.0,0.3821,0.0,5764.75,195,2026-01-30T02:00:00+05:30
ERP-O-000347,2026-01-29,West,Electronics,231.79,5.01,2062972.48,144408.07,8900.0,0.351,0.0,22692.7,125,2026-01-30T02:00:00+05:30
ERP-O-000348,2026-01-29,West,Home,218.38,6.29,567789.7,51101.07,2600.0,0.364,0.0,6245.69,118,2026-01-30T02:00:00+05:30
ERP-O-000349,2026-01-30,North,Apparel,500.89,19.84,726288.13,79891.69,1450.0,0.3392,0.0,7989.17,271,2026-01-31T02:00:00+05:30
ERP-O-000350,2026-01-30,North,Electronics,299.29,6.46,2663717.19,186460.2,8900.0,0.3365,0.0,29300.89,162,2026-01-31T02:00:00+05:30
ERP-O-000351,2026-01-30,North,Home,245.44,7.07,638140.03,57432.6,2600.0,0.3294,0.0,7019.54,133,2026-01-31T02:00:00+05:30
ERP-O-000352,2026-01-30,South,Apparel,437.08,17.31,633770.06,69714.71,1450.0,0.3391,0.0,6971.47,236,2026-01-31T02:00:00+05:30
ERP-O-000353,2026-01-30,South,Electronics,242.9,5.25,2161779.37,151324.56,8900.0,0.3367,0.0,23779.57,131,2026-01-31T02:00:00+05:30
ERP-O-000354,2026-01-30,South,Home,236.74,6.82,615521.98,55396.98,2600.0,0.3679,0.0,6770.74,128,2026-01-31T02:00:00+05:30
ERP-O-000355,2026-01-30,East,Apparel,276.49,10.95,400916.75,44100.84,1450.0,0.3427,0.0,4410.08,149,2026-01-31T02:00:00+05:30
ERP-O-000356,2026-01-30,East,Electronics,171.87,3.71,1529628.58,107074.0,8900.0,0.3619,0.0,16825.91,93,2026-01-31T02:00:00+05:30
ERP-O-000357,2026-01-30,East,Home,147.1,4.24,382447.78,34420.3,2600.0,0.3641,0.0,4206.93,80,2026-01-31T02:00:00+05:30
ERP-O-000358,2026-01-30,West,Apparel,397.46,15.74,576315.85,63394.74,1450.0,0.3069,0.0,6339.47,215,2026-01-31T02:00:00+05:30
ERP-O-000359,2026-01-30,West,Electronics,231.64,5.0,2061636.54,144314.56,8900.0,0.333,0.0,22678.0,125,2026-01-31T02:00:00+05:30
ERP-O-000360,2026-01-30,West,Home,197.78,5.7,514215.04,46279.35,2600.0,0.3206,0.0,5656.37,107,2026-01-31T02:00:00+05:30
ERP-O-000361,2026-01-31,North,Apparel,611.47,24.21,886634.41,,1450.0,0.3399,0.0,9752.98,331,2026-02-01T02:00:00+05:30
ERP-O-000362,2026-01-31,North,Electronics,346.19,7.48,3081125.62,215678.79,8900.0,0.3104,0.0,33892.38,187,2026-02-01T02:00:00+05:30
ERP-O-000363,2026-01-31,North,Home,293.6,8.46,763354.89,68701.94,2600.0,0.3392,0.0,8396.9,159,2026-02-01T02:00:00+05:30
ERP-O-000364,2026-01-31,South,Apparel,503.71,19.95,730376.11,80341.37,1450.0,0.317,0.0,8034.14,272,2026-02-01T02:00:00+05:30
ERP-O-000365,2026-01-31,South,Electronics,298.51,6.45,2656707.69,185969.54,8900.0,0.3269,0.0,29223.78,161,2026-02-01T02:00:00+05:30
ERP-O-000366,2026-01-31,South,Home,255.41,7.36,664068.68,59766.18,2600.0,0.3541,0.0,7304.76,138,2026-02-01T02:00:00+05:30
ERP-O-000367,2026-01-31,East,Apparel,336.91,13.34,488512.98,53736.43,1450.0,0.3359,0.0,5373.64,182,2026-02-01T02:00:00+05:30
ERP-O-000368,2026-01-31,East,Electronics,200.77,4.34,1786861.36,,8900.0,0.3604,0.0,19655.47,109,2026-02-01T02:00:00+05:30
ERP-O-000369,2026-01-31,East,Home,182.56,5.26,474646.56,42718.19,2600.0,0.325,0.0,5221.11,99,2026-02-01T02:00:00+05:30
ERP-O-000370,2026-01-31,West,Apparel,452.12,17.9,655569.33,72112.63,1450.0,0.3382,0.0,7211.26,244,2026-02-01T02:00:00+05:30
ERP-O-000371,2026-01-31,West,Electronics,269.18,5.81,2395701.99,167699.14,8900.0,0.3069,0.0,26352.72,146,2026-02-01T02:00:00+05:30
ERP-O-000372,2026-01-31,West,Home,233.23,6.72,606390.66,54575.16,2600.0,0.3067,0.0,6670.3,126,2026-02-01T02:00:00+05:30
ERP-O-000373,2026-02-01,North,Apparel,573.16,22.7,831088.62,91419.75,1450.0,0.3304,0.0,9141.97,310,2026-02-02T02:00:00+05:30
ERP-O-000374,2026-02-01,North,Electronics,347.89,7.51,3096248.06,216737.36,8900.0,0.2986,0.0,34058.73,188,2026-02-02T02:00:00+05:30
ERP-O-000375,2026-02-01,North,Home,310.19,8.93,806491.47,72584.23,2600.0,0.3214,0.0,8871.41,168,2026-02-02T02:00:00+05:30
ERP-O-000376,2026-02-01,South,Apparel,510.11,20.2,739657.48,81362.32,1450.0,0.3668,0.0,8136.23,276,2026-02-02T02:00:00+05:30
ERP-O-000377,2026-02-01,South,Electronics,298.0,6.44,2652216.32,185655.14,8900.0,0.3229,0.0,29174.38,161,2026-02-02T02:00:00+05:30
ERP-O-000378,2026-02-01,South,Home,268.11,7.72,697092.25,62738.3,2600.0,0.3089,0.0,7668.01,145,2026-02-02T02:00:00+05:30
ERP-O-000379,2026-02-01,East,Apparel,367.05,14.54,532217.21,58543.89,1450.0,0.2836,0.0,5854.39,198,2026-02-02T02:00:00+05:30
ERP-O-000380,2026-02-01,East,Electronics,189.45,4.09,1686096.1,118026.73,8900.0,0.3344,0.0,18547.06,102,2026-02-02T02:00:00+05:30
ERP-O-000381,2026-02-01,East,Home,185.09,5.33,481236.54,43311.29,2600.0,0.3561,0.0,5293.6,100,2026-02-02T02:00:00+05:30
ERP-O-000382,2026-02-01,West,Apparel,424.77,16.82,615915.27,67750.68,1450.0,0.3182,0.0,6775.07,230,2026-02-02T02:00:00+05:30
ERP-O-000383,2026-02-01,West,Electronics,274.37,5.93,2441930.43,170935.13,8900.0,0.356,0.0,26861.23,148,2026-02-02T02:00:00+05:30
ERP-O-000384,2026-02-01,West,Home,243.37,7.01,632769.83,56949.29,2600.0,0.3552,0.0,6960.47,132,2026-02-02T02:00:00+05:30
ERP-O-000385,2026-02-02,North,Apparel,550.42,21.8,798105.86,87791.65,1450.0,0.3589,0.0,8779.16,298,2026-02-03T02:00:00+05:30
ERP-O-000386,2026-02-02,North,Electronics,306.41,6.62,2727079.67,190895.58,8900.0,0.3177,0.0,29997.88,166,2026-02-03T02:00:00+05:30
ERP-O-000387,2026-02-02,North,Home,260.19,7.49,676505.37,60885.48,2600.0,0.3768,0.0,7441.56,141,2026-02-03T02:00:00+05:30
ERP-O-000388,2026-02-02,South,Apparel,444.0,17.58,643800.86,70818.09,1450.0,0.3589,0.0,7081.81,240,2026-02-03T02:00:00+05:30
ERP-O-000389,2026-02-02,South,Electronics,244.69,5.29,2177736.73,152441.57,8900.0,0.3149,0.0,23955.1,132,2026-02-03T02:00:00+05:30
ERP-O-000390,2026-02-02,South,Home,235.8,6.79,613090.8,55178.17,2600.0,0.3112,0.0,6744.0,127,2026-02-03T02:00:00+05:30
ERP-O-000391,2026-02-02,East,Apparel,297.01,11.76,430658.05,47372.38,1450.0,0.3411,0.0,4737.24,161,2026-02-03T02:00:00+05:30
ERP-O-000392,2026-02-02,East,Electronics,171.33,3.7,1524857.75,106740.04,8900.0,0.3294,0.0,16773.44,93,2026-02-03T02:00:00+05:30
ERP-O-000393,2026-02-02,East,Home,164.66,4.74,428121.93,38530.97,2600.0,0.3337,0.0,4709.34,89,2026-02-03T02:00:00+05:30
ERP-O-000394,2026-02-02,West,Apparel,391.31,15.5,567398.99,,1450.0,0.3564,0.0,6241.39,212,2026-02-03T02:00:00+05:30
ERP-O-000395,2026-02-02,West,Electronics,235.66,5.09,2097337.87,146813.65,8900.0,0.3416,0.0,23070.72,127,2026-02-03T02:00:00+05:30
ERP-O-000396,2026-02-02,West,Home,196.65,5.66,511293.37,46016.4,2600.0,0.3466,0.0,5624.23,106,2026-02-03T02:00:00+05:30
ERP-O-000397,2026-02-03,North,Apparel,485.18,19.21,703508.49,77385.93,1450.0,0.3428,0.0,7738.59,262,2026-02-04T02:00:00+05:30
ERP-O-000398,2026-02-03,North,Electronics,317.35,6.85,2824421.97,197709.54,8900.0,0.3711,0.0,31068.64,172,2026-02-04T02:00:00+05:30
ERP-O-000399,2026-02-03,North,Home,256.04,7.37,665707.98,59913.72,2600.0,0.3415,0.0,7322.79,138,2026-02-04T02:00:00+05:30
ERP-O-000400,2026-02-03,South,Apparel,418.53,16.57,606862.04,66754.82,1450.0,0.3144,0.0,6675.48,226,2026-02-04T02:00:00+05:30
ERP-O-000401,2026-02-03,South,Electronics,233.51,5.04,2078270.91,145478.96,8900.0,0.3785,0.0,22860.98,126,2026-02-04T02:00:00+05:30
ERP-O-000402,2026-02-03,South,Home,212.99,6.13,553784.07,49840.57,2600.0,0.3699,0.0,6091.62,115,2026-02-04T02:00:00+05:30
ERP-O-000403,2026-02-03,East,Apparel,288.44,11.42,418238.17,46006.2,1450.0,0.3555,0.0,4600.62,156,2026-02-04T02:00:00+05:30
ERP-O-000404,2026-02-03,East,Electronics,171.67,3.71,1527842.4,106948.97,8900.0,0.3532,0.0,16806.27,93,2026-02-04T02:00:00+05:30
ERP-O-000405,2026-02-03,East,Home,160.73,4.63,417898.25,37610.84,2600.0,0.3728,0.0,4596.88,87,2026-02-04T02:00:00+05:30
ERP-O-000406,2026-02-03,West,Apparel,389.22,15.41,564374.08,62081.15,1450.0,0.3434,0.0,6208.11,210,2026-02-04T02:00:00+05:30
ERP-O-000407,2026-02-03,West,Electronics,239.54,5.17,2131889.92,149232.29,8900.0,0.3147,0.0,23450.79,129,2026-02-04T02:00:00+05:30
ERP-O-000408,2026-02-03,West,Home,206.03,5.93,535686.25,48211.76,2600.0,0.3234,0.0,5892.55,111,2026-02-04T02:00:00+05:30
ERP-O-000409,2026-02-04,North,Apparel,479.89,19.0,695836.4,76542.0,1450.0,0.3633,0.0,7654.2,259,2026-02-05T02:00:00+05:30
ERP-O-000410,2026-02-04,North,Electronics,316.82,6.84,2819681.27,197377.69,8900.0,0.3387,0.0,31016.49,171,2026-02-05T02:00:00+05:30
ERP-O-000411,2026-02-04,North,Home,260.64,7.51,677664.89,60989.84,2600.0,0.321,0.0,7454.31,141,2026-02-05T02:00:00+05:30
ERP-O-000412,2026-02-04,South,Apparel,414.28,16.41,600701.19,66077.13,1450.0,0.341,0.0,6607.71,224,2026-02-05T02:00:00+05:30
ERP-O-000413,2026-02-04,South,Electronics,243.06,5.25,2163265.52,151428.59,8900.0,0.3341,0.0,23795.92,131,2026-02-05T02:00:00+05:30
ERP-O-000414,2026-02-04,South,Home,235.25,6.78,611653.88,55048.85,2600.0,0.2984,0.0,6728.19,127,2026-02-05T02:00:00+05:30
ERP-O-000415,2026-02-04,East,Apparel,277.79,11.0,402798.67,44307.85,1450.0,0.3273,0.0,4430.79,150,2026-02-05T02:00:00+05:30
ERP-O-000416,2026-02-04,East,Electronics,160.47,3.47,1428198.81,99973.92,8900.0,0.3484,0.0,15710.19,87,2026-02-05T02:00:00+05:30
ERP-O-000417,2026-02-04,East,Home,152.44,4.39,396343.61,35670.93,2600.0,0.3367,0.0,4359.78,82,2026-02-05T02:00:00+05:30
ERP-O-000418,2026-02-04,West,Apparel,370.75,14.68,537587.65,59134.64,1450.0,0.3593,0.0,5913.46,200,2026-02-05T02:00:00+05:30
ERP-O-000419,2026-02-04,West,Electronics,220.58,4.76,1963173.72,,8900.0,0.3128,0.0,21594.91,119,2026-02-05T02:00:00+05:30
ERP-O-000420,2026-02-04,West,Home,205.09,5.91,533233.14,47990.98,2600.0,0.3516,0.0,5865.56,111,2026-02-05T02:00:00+05:30
ERP-O-000421,2026-02-05,North,Apparel,528.31,20.92,766042.6,84264.69,1450.0,0.3192,0.0,8426.47,286,2026-02-06T02:00:00+05:30
ERP-O-000422,2026-02-05,North,Electronics,291.89,6.3,2597790.48,181845.33,8900.0,0.327,0.0,28575.7,158,2026-02-06T02:00:00+05:30
ERP-O-000423,2026-02-05,North,Home,268.22,7.72,697376.32,62763.87,2600.0,0.3595,0.0,7671.14,145,2026-02-06T02:00:00+05:30
ERP-O-000424,2026-02-05,South,Apparel,408.61,16.18,592480.6,65172.87,1450.0,0.3416,0.0,6517.29,221,2026-02-06T02:00:00+05:30
ERP-O-000425,2026-02-05,South,Electronics,234.68,5.07,2088664.85,146206.54,8900.0,0.3385,0.0,22975.31,127,2026-02-06T02:00:00+05:30
ERP-O-000426,2026-02-05,South,Home,235.84,6.79,613176.58,55185.89,2600.0,0.3084,0.0,6744.94,127,2026-02-06T02:00:00+05:30
ERP-O-000427,2026-02-05,East,Apparel,291.33,11.54,422435.38,46467.89,1450.0,0.3168,0.0,4646.79,157,2026-02-06T02:00:00+05:30
ERP-O-000428,2026-02-05,East,Electronics,181.79,3.93,1617960.11,113257.21,8900.0,0.3632,0.0,17797.56,98,2026-02-06T02:00:00+05:30
ERP-O-000429,2026-02-05,East,Home,148.22,4.27,385376.37,34683.87,2600.0,0.3618,0.0,4239.14,80,2026-02-06T02:00:00+05:30
ERP-O-000430,2026-02-05,West,Apparel,392.41,15.54,568995.65,62589.52,1450.0,0.354,0.0,6258.95,212,2026-02-06T02:00:00+05:30
ERP-O-000431,2026-02-05,West,Electronics,226.87,4.9,2019130.02,141339.1,8900.0,0.3627,0.0,22210.43,123,2026-02-06T02:00:00+05:30
ERP-O-000432,2026-02-05,West,Home,189.72,5.46,493275.34,44394.78,2600.0,0.3381,0.0,5426.03,103,2026-02-06T02:00:00+05:30
ERP-O-000433,2026-02-06,North,Apparel,524.34,20.76,760288.11,83631.69,1450.0,0.3372,0.0,8363.17,283,2026-02-07T02:00:00+05:30
ERP-O-000434,2026-02-06,North,Electronics,290.23,6.27,2583078.87,180815.52,8900.0,0.3962,0.0,28413.87,157,2026-02-07T02:00:00+05:30
ERP-O-000435,2026-02-06,North,Home,247.5,7.13,643493.24,57914.39,2600.0,0.3239,0.0,7078.43,134,2026-02-07T02:00:00+05:30
ERP-O-000436,2026-02-06,South,Apparel,397.29,15.73,576064.16,63367.06,1450.0,0.3593,0.0,6336.71,215,2026-02-07T02:00:00+05:30
ERP-O-000437,2026-02-06,South,Electronics,254.8,5.5,2267746.23,158742.24,8900.0,0.3269,0.0,24945.21,138,2026-02-07T02:00:00+05:30
ERP-O-000438,2026-02-06,South,Home,223.26,6.43,580483.21,52243.49,2600.0,0.3195,0.0,6385.32,121,2026-02-07T02:00:00+05:30
ERP-O-000439,2026-02-06,East,Apparel,292.1,11.57,423542.85,46589.71,1450.0,0.3312,0.0,4658.97,158,2026-02-07T02:00:00+05:30
ERP-O-000440,2026-02-06,East,Electronics,162.04,3.5,1442181.57,100952.71,8900.0,0.3252,0.0,15864.0,88,2026-02-07T02:00:00+05:30
ERP-O-000441,2026-02-06,East,Home,151.02,4.35,392664.35,35339.79,2600.0,0.3446,0.0,4319.31,82,2026-02-07T02:00:00+05:30
ERP-O-000442,2026-02-06,West,Apparel,389.53,15.43,564822.67,62130.49,1450.0,0.2812,0.0,6213.05,211,2026-02-07T02:00:00+05:30
ERP-O-000443,2026-02-06,West,Electronics,221.66,4.79,1972815.51,138097.09,8900.0,0.344,0.0,21700.97,120,2026-02-07T02:00:00+05:30
ERP-O-000444,2026-02-06,West,Home,194.95,5.61,506873.68,45618.63,2600.0,0.3476,0.0,5575.61,105,2026-02-07T02:00:00+05:30
ERP-O-000445,2026-02-07,North,Apparel,605.75,23.99,878333.39,96616.67,1450.0,0.3286,0.0,9661.67,327,2026-02-08T02:00:00+05:30
ERP-O-000446,2026-02-07,North,Electronics,355.76,7.68,3166263.19,221638.42,8900.0,0.2902,0.0,34828.9,192,2026-02-08T02:00:00+05:30
ERP-O-000447,2026-02-07,North,Home,310.78,8.95,808023.62,72722.13,2600.0,0.312,0.0,8888.26,168,2026-02-08T02:00:00+05:30
ERP-O-000448,2026-02-07,South,Apparel,488.26,19.34,707983.63,77878.2,1450.0,0.338,0.0,7787.82,264,2026-02-08T02:00:00+05:30
ERP-O-000449,2026-02-07,South,Electronics,264.43,5.71,2353390.78,164737.35,8900.0,0.3585,0.0,25887.3,143,2026-02-08T02:00:00+05:30
ERP-O-000450,2026-02-07,South,Home,287.9,8.29,748532.7,67367.94,2600.0,0.3194,0.0,8233.86,156,2026-02-08T02:00:00+05:30
ERP-O-000451,2026-02-07,East,Apparel,347.15,13.75,503367.25,55370.4,1450.0,0.3233,0.0,5537.04,188,2026-02-08T02:00:00+05:30
ERP-O-000452,2026-02-07,East,Electronics,191.19,4.13,1701625.23,119113.77,8900.0,0.3305,0.0,18717.88,103,2026-02-08T02:00:00+05:30
ERP-O-000453,2026-02-07,East,Home,186.91,5.38,485954.6,43735.91,2600.0,0.3209,0.0,5345.5,101,2026-02-08T02:00:00+05:30
ERP-O-000454,2026-02-07,West,Apparel,466.42,18.47,676315.95,74394.76,1450.0,0.3521,0.0,7439.48,252,2026-02-08T02:00:00+05:30
ERP-O-000455,2026-02-07,West,Electronics,282.21,6.1,2511680.85,175817.66,8900.0,0.3474,0.0,27628.49,153,2026-02-08T02:00:00+05:30
ERP-O-000456,2026-02-07,West,Home,240.17,6.92,624453.2,56200.79,2600.0,0.3542,0.0,6868.99,130,2026-02-08T02:00:00+05:30
ERP-O-000457,2026-02-08,North,Apparel,588.18,23.29,852856.71,93814.24,1450.0,0.3198,0.0,9381.42,318,2026-02-09T02:00:00+05:30
ERP-O-000458,2026-02-08,North,Electronics,359.29,7.76,3197644.75,223835.13,8900.0,0.3289,0.0,35174.09,194,2026-02-09T02:00:00+05:30
ERP-O-000459,2026-02-08,North,Home,287.29,8.27,746944.96,67225.05,2600.0,0.3077,0.0,8216.39,155,2026-02-09T02:00:00+05:30
ERP-O-000460,2026-02-08,South,Apparel,479.38,18.98,695098.18,76460.8,1450.0,0.3424,0.0,7646.08,259,2026-02-09T02:00:00+05:30
ERP-O-000461,2026-02-08,South,Electronics,296.4,6.4,2637927.1,184654.9,8900.0,0.3195,0.0,29017.2,160,2026-02-09T02:00:00+05:30
ERP-O-000462,2026-02-08,South,Home,272.98,7.86,709752.97,,2600.0,0.3223,0.0,7807.28,148,2026-02-09T02:00:00+05:30
ERP-O-000463,2026-02-08,East,Apparel,340.66,13.49,493958.02,54335.38,1450.0,0.3253,0.0,5433.54,184,2026-02-09T02:00:00+05:30
ERP-O-000464,2026-02-08,East,Electronics,185.21,4.0,1648381.64,115386.71,8900.0,0.3319,0.0,18132.2,100,2026-02-09T02:00:00+05:30
ERP-O-000465,2026-02-08,East,Home,191.59,5.52,498137.93,44832.41,2600.0,0.3599,0.0,5479.52,104,2026-02-09T02:00:00+05:30
ERP-O-000466,2026-02-08,West,Apparel,454.73,18.01,659358.99,72529.49,1450.0,0.3215,0.0,7252.95,246,2026-02-09T02:00:00+05:30
ERP-O-000467,2026-02-08,West,Electronics,270.89,5.85,2410880.69,168761.65,8900.0,0.3644,0.0,26519.69,146,2026-02-09T02:00:00+05:30
ERP-O-000468,2026-02-08,West,Home,240.52,6.93,625356.37,56282.07,2600.0,0.3577,0.0,6878.92,130,2026-02-09T02:00:00+05:30
ERP-O-000469,2026-02-09,North,Apparel,492.1,19.49,713549.58,78490.45,1450.0,0.3375,0.0,7849.05,266,2026-02-10T02:00:00+05:30
ERP-O-000470,2026-02-09,North,Electronics,296.92,6.41,2642574.31,184980.2,8900.0,0.3402,0.0,29068.32,160,2026-02-10T02:00:00+05:30
ERP-O-000471,2026-02-09,North,Home,229.7,6.62,597227.81,53750.5,2600.0,0.3297,0.0,6569.51,124,2026-02-10T02:00:00+05:30
ERP-O-000472,2026-02-09,South,Apparel,440.04,17.43,638065.11,70187.16,1450.0,0.3026,0.0,7018.72,238,2026-02-10T02:00:00+05:30
ERP-O-000473,2026-02-09,South,Electronics,229.18,4.95,2039692.89,142778.5,8900.0,0.3399,0.0,22436.62,124,2026-02-10T02:00:00+05:30
ERP-O-000474,2026-02-09,South,Home,215.03,6.19,559067.32,50316.06,2600.0,0.3352,0.0,6149.74,116,2026-02-10T02:00:00+05:30
ERP-O-000475,2026-02-09,East,Apparel,301.77,11.95,437565.11,,1450.0,0.3236,0.0,4813.22,163,2026-02-10T02:00:00+05:30
ERP-O-000476,2026-02-09,East,Electronics,169.56,3.66,1509121.51,105638.51,8900.0,0.3289,0.0,16600.34,92,2026-02-10T02:00:00+05:30
ERP-O-000477,2026-02-09,East,Home,173.02,4.98,449863.51,40487.72,2600.0,0.3289,0.0,4948.5,94,2026-02-10T02:00:00+05:30
ERP-O-000478,2026-02-09,West,Apparel,415.11,16.44,601908.88,66209.98,1450.0,0.2985,0.0,6621.0,224,2026-02-10T02:00:00+05:30
ERP-O-000479,2026-02-09,West,Electronics,237.73,5.14,2115822.82,148107.6,8900.0,0.3328,0.0,23274.05,129,2026-02-10T02:00:00+05:30
ERP-O-000480,2026-02-09,West,Home,206.24,5.94,536233.89,48261.05,2600.0,0.3206,0.0,5898.57,111,2026-02-10T02:00:00+05:30
ERP-O-000481,2026-02-10,North,Apparel,500.92,19.84,726340.51,79897.46,1450.0,0.3478,0.0,7989.75,271,2026-02-11T02:00:00+05:30
ERP-O-000482,2026-02-10,North,Electronics,299.8,6.48,2668202.2,186774.15,8900.0,0.3356,0.0,29350.22,162,2026-02-11T02:00:00+05:30
ERP-O-000483,2026-02-10,North,Home,269.87,7.77,701661.45,63149.53,2600.0,0.3595,0.0,7718.28,146,2026-02-11T02:00:00+05:30
ERP-O-000484,2026-02-10,South,Apparel,456.73,18.09,662264.99,72849.15,1450.0,0.3207,0.0,7284.91,247,2026-02-11T02:00:00+05:30
ERP-O-000485,2026-02-10,South,Electronics,248.42,5.37,2210898.45,154762.89,8900.0,0.329,0.0,24319.88,134,2026-02-11T02:00:00+05:30
ERP-O-000486,2026-02-10,South,Home,218.41,6.29,567874.09,51108.67,2600.0,0.3437,0.0,6246.61,118,2026-02-11T02:00:00+05:30
ERP-O-000487,2026-02-10,East,Apparel,300.62,11.9,435895.02,47948.45,1450.0,0.3266,0.0,4794.85,162,2026-02-11T02:00:00+05:30
ERP-O-000488,2026-02-10,East,Electronics,170.36,3.68,1516171.43,106132.0,8900.0,0.3316,0.0,16677.89,92,2026-02-11T02:00:00+05:30
ERP-O-000489,2026-02-10,East,Home,154.1,4.44,400653.28,36058.8,2600.0,0.3248,0.0,4407.19,83,2026-02-11T02:00:00+05:30
ERP-O-000490,2026-02-10,West,Apparel,408.88,16.19,592877.17,65216.49,1450.0,0.3412,0.0,6521.65,221,2026-02-11T02:00:00+05:30
ERP-O-000491,2026-02-10,West,Electronics,224.3,4.84,1996267.88,139738.75,8900.0,0.3661,0.0,21958.95,121,2026-02-11T02:00:00+05:30
ERP-O-000492,2026-02-10,West,Home,206.72,5.95,537459.81,48371.38,2600.0,0.3271,0.0,5912.06,112,2026-02-11T02:00:00+05:30
ERP-O-000493,2026-02-11,North,Apparel,513.58,20.34,744692.05,81916.13,1450.0,0.306,0.0,8191.61,278,2026-02-12T02:00:00+05:30
ERP-O-000494,2026-02-11,North,Electronics,276.35,5.97,2459522.6,172166.58,8900.0,0.3519,0.0,27054.75,149,2026-02-12T02:00:00+05:30
ERP-O-000495,2026-02-11,North,Home,238.33,6.86,619661.45,55769.53,2600.0,0.3698,0.0,6816.28,129,2026-02-12T02:00:00+05:30
ERP-O-000496,2026-02-11,South,Apparel,395.76,15.67,573857.96,63124.38,1450.0,0.3687,0.0,6312.44,214,2026-02-12T02:00:00+05:30
ERP-O-000497,2026-02-11,South,Electronics,253.53,5.48,2256438.18,157950.67,8900.0,0.326,0.0,24820.82,137,2026-02-12T02:00:00+05:30
ERP-O-000498,2026-02-11,South,Home,227.55,6.55,591638.06,53247.43,2600.0,0.308,0.0,6508.02,123,2026-02-12T02:00:00+05:30
ERP-O-000499,2026-02-11,East,Apparel,285.27,11.3,413634.39,45499.78,1450.0,0.3597,0.0,4549.98,154,2026-02-12T02:00:00+05:30
ERP-O-000500,2026-02-11,East,Electronics,172.04,3.72,1531154.45,107180.81,8900.0,0.3106,0.0,16842.7,93,2026-02-12T02:00:00+05:30
ERP-O-000501,2026-02-11,East,Home,169.17,4.87,439831.35,39584.82,2600.0,0.3393,0.0,4838.14,91,2026-02-12T02:00:00+05:30
ERP-O-000502,2026-02-11,West,Apparel,383.68,15.19,556332.49,61196.57,1450.0,0.3007,0.0,6119.66,207,2026-02-12T02:00:00+05:30
ERP-O-000503,2026-02-11,West,Electronics,225.54,4.87,2007267.78,140508.74,8900.0,0.3479,0.0,22079.95,122,2026-02-12T02:00:00+05:30
ERP-O-000504,2026-02-11,West,Home,199.39,5.74,518411.6,46657.04,2600.0,0.3398,0.0,5702.53,108,2026-02-12T02:00:00+05:30
ERP-O-000505,2026-02-12,North,Apparel,494.82,19.59,717489.87,78923.89,1450.0,0.3168,0.0,7892.39,267,2026-02-13T02:00:00+05:30
ERP-O-000506,2026-02-12,North,Electronics,277.09,5.99,2466141.88,172629.93,8900.0,0.3408,0.0,27127.56,150,2026-02-13T02:00:00+05:30
ERP-O-000507,2026-02-12,North,Home,262.78,7.57,683222.58,61490.03,2600.0,0.3688,0.0,7515.45,142,2026-02-13T02:00:00+05:30
ERP-O-000508,2026-02-12,South,Apparel,406.81,16.11,589874.73,64886.22,1450.0,0.3056,0.0,6488.62,220,2026-02-13T02:00:00+05:30
ERP-O-000509,2026-02-12,South,Electronics,253.15,5.47,2253004.17,157710.29,8900.0,0.315,0.0,24783.05,137,2026-02-13T02:00:00+05:30
ERP-O-000510,2026-02-12,South,Home,247.17,7.12,642632.75,57836.95,2600.0,0.3591,0.0,7068.96,134,2026-02-13T02:00:00+05:30
ERP-O-000511,2026-02-12,East,Apparel,288.35,11.42,418108.55,45991.94,1450.0,0.309,0.0,4599.19,156,2026-02-13T02:00:00+05:30
ERP-O-000512,2026-02-12,East,Electronics,167.58,3.62,1491461.4,104402.3,8900.0,0.3391,0.0,16406.08,91,2026-02-13T02:00:00+05:30
ERP-O-000513,2026-02-12,East,Home,156.63,4.51,407236.7,36651.3,2600.0,0.3747,0.0,4479.6,85,2026-02-13T02:00:00+05:30
ERP-O-000514,2026-02-12,West,Apparel,378.98,15.01,549524.65,60447.71,1450.0,0.3429,0.0,6044.77,205,2026-02-13T02:00:00+05:30
ERP-O-000515,2026-02-12,West,Electronics,253.05,5.47,2252170.03,157651.9,8900.0,0.375,0.0,24773.87,137,2026-02-13T02:00:00+05:30
ERP-O-000516,2026-02-12,West,Home,212.73,6.13,553095.68,49778.61,2600.0,0.3547,0.0,6084.05,115,2026-02-13T02:00:00+05:30
ERP-O-000517,2026-02-13,North,Apparel,515.96,20.43,748146.26,82296.09,1450.0,0.3383,0.0,8229.61,279,2026-02-14T02:00:00+05:30
ERP-O-000518,2026-02-13,North,Electronics,326.91,7.06,2909457.99,203662.06,8900.0,0.3393,0.0,32004.04,177,2026-02-14T02:00:00+05:30
ERP-O-000519,2026-02-13,North,Home,257.64,7.42,669867.54,60288.08,2600.0,0.3342,0.0,7368.54,139,2026-02-14T02:00:00+05:30
ERP-O-000520,2026-02-13,South,Apparel,434.59,17.21,630151.99,69316.72,1450.0,0.3749,0.0,6931.67,235,2026-02-14T02:00:00+05:30
ERP-O-000521,2026-02-13,South,Electronics,243.13,5.25,2163899.46,151472.96,8900.0,0.2866,0.0,23802.89,131,2026-02-14T02:00:00+05:30
ERP-O-000522,2026-02-13,South,Home,228.69,6.59,594604.13,53514.37,2600.0,0.3201,0.0,6540.65,124,2026-02-14T02:00:00+05:30
ERP-O-000523,2026-02-13,East,Apparel,302.16,11.97,438129.67,48194.26,1450.0,0.3428,0.0,4819.43,163,2026-02-14T02:00:00+05:30
ERP-O-000524,2026-02-13,East,Electronics,170.83,3.69,1520396.79,106427.78,8900.0,0.3559,0.0,16724.36,92,2026-02-14T02:00:00+05:30
ERP-O-000525,2026-02-13,East,Home,154.33,4.44,401251.29,36112.62,2600.0,0.3407,0.0,4413.76,83,2026-02-14T02:00:00+05:30
ERP-O-000526,2026-02-13,West,Apparel,391.42,15.5,567556.97,62431.27,1450.0,0.354,0.0,6243.13,212,2026-02-14T02:00:00+05:30
ERP-O-000527,2026-02-13,West,Electronics,220.2,4.76,1959799.53,137185.97,8900.0,0.3506,0.0,21557.79,119,2026-02-14T02:00:00+05:30
ERP-O-000528,2026-02-13,West,Home,214.47,6.18,557617.37,50185.56,2600.0,0.325,0.0,6133.79,116,2026-02-14T02:00:00+05:30
ERP-O-000529,2026-02-14,North,Apparel,606.65,24.02,879642.65,96760.69,1450.0,0.3361,0.0,9676.07,328,2026-02-15T02:00:00+05:30
ERP-O-000530,2026-02-14,North,Electronics,340.75,7.36,3032678.07,212287.46,8900.0,0.3371,0.0,33359.46,184,2026-02-15T02:00:00+05:30
ERP-O-000531,2026-02-14,North,Home,310.39,8.94,807016.02,72631.44,2600.0,0.3201,0.0,8877.18,168,2026-02-15T02:00:00+05:30
ERP-O-000532,2026-02-14,South,Apparel,520.74,20.62,755067.5,83057.43,1450.0,0.3613,0.0,8305.74,281,2026-02-15T02:00:00+05:30
ERP-O-000533,2026-02-14,South,Electronics,292.34,6.31,2601852.74,182129.69,8900.0,0.3231,0.0,28620.38,158,2026-02-15T02:00:00+05:30
ERP-O-000534,2026-02-14,South,Home,283.42,8.16,736886.65,66319.8,2600.0,0.3601,0.0,8105.75,153,2026-02-15T02:00:00+05:30
ERP-O-000535,2026-02-14,East,Apparel,364.59,14.44,528649.2,58151.41,1450.0,0.3233,0.0,5815.14,197,2026-02-15T02:00:00+05:30
ERP-O-000536,2026-02-14,East,Electronics,203.34,4.39,1809701.12,126679.08,8900.0,0.3215,0.0,19906.71,110,2026-02-15T02:00:00+05:30
ERP-O-000537,2026-02-14,East,Home,186.63,5.37,485237.65,43671.39,2600.0,0.321,0.0,5337.61,101,2026-02-15T02:00:00+05:30
ERP-O-000538,2026-02-14,West,Apparel,477.72,18.92,692691.28,76196.04,1450.0,0.341,0.0,7619.6,258,2026-02-15T02:00:00+05:30
ERP-O-000539,2026-02-14,West,Electronics,293.57,6.34,2612731.87,182891.23,8900.0,0.3614,0.0,28740.05,159,2026-02-15T02:00:00+05:30
ERP-O-000540,2026-02-14,West,Home,248.41,7.15,645868.12,58128.13,2600.0,0.3373,0.0,7104.55,134,2026-02-15T02:00:00+05:30
ERP-O-000541,2026-02-15,North,Apparel,614.65,24.34,891238.84,98036.27,1450.0,0.3174,0.0,9803.63,332,2026-02-16T02:00:00+05:30
ERP-O-000542,2026-02-15,North,Electronics,335.85,7.25,2989058.45,209234.09,8900.0,0.3426,0.0,32879.64,182,2026-02-16T02:00:00+05:30
ERP-O-000543,2026-02-15,North,Home,309.59,8.92,804927.33,72443.46,2600.0,0.3759,0.0,8854.2,167,2026-02-16T02:00:00+05:30
ERP-O-000544,2026-02-15,South,Apparel,514.43,20.37,745918.81,82051.07,1450.0,0.3567,0.0,8205.11,278,2026-02-16T02:00:00+05:30
ERP-O-000545,2026-02-15,South,Electronics,289.4,6.25,2575652.35,180295.66,8900.0,0.352,0.0,28332.18,156,2026-02-16T02:00:00+05:30
ERP-O-000546,2026-02-15,South,Home,288.49,8.31,750063.35,67505.7,2600.0,0.3223,0.0,8250.7,156,2026-02-16T02:00:00+05:30
ERP-O-000547,2026-02-15,East,Apparel,341.24,13.51,494793.17,54427.25,1450.0,0.3254,0.0,5442.72,184,2026-02-16T02:00:00+05:30
ERP-O-000548,2026-02-15,East,Electronics,193.99,4.19,1726552.25,120858.66,8900.0,0.3247,0.0,18992.07,105,2026-02-16T02:00:00+05:30
ERP-O-000549,2026-02-15,East,Home,195.89,5.64,509326.65,45839.4,2600.0,0.3593,0.0,5602.59,106,2026-02-16T02:00:00+05:30
ERP-O-000550,2026-02-15,West,Apparel,459.0,18.18,665556.56,73211.22,1450.0,0.3615,0.0,7321.12,248,2026-02-16T02:00:00+05:30
ERP-O-000551,2026-02-15,West,Electronics,273.59,5.91,2434977.22,170448.41,8900.0,0.3752,0.0,26784.75,148,2026-02-16T02:00:00+05:30
ERP-O-000552,2026-02-15,West,Home,243.24,7.01,632420.59,56917.85,2600.0,0.3349,0.0,6956.63,131,2026-02-16T02:00:00+05:30
ERP-O-000553,2026-02-16,North,Apparel,451.58,17.88,654786.1,72026.47,1450.0,0.3403,0.0,7202.65,244,2026-02-17T02:00:00+05:30
ERP-O-000554,2026-02-16,North,Electronics,312.11,6.74,2777803.74,194446.26,8900.0,0.3095,0.0,30555.84,169,2026-02-17T02:00:00+05:30
ERP-O-000555,2026-02-16,North,Home,251.04,7.23,652713.71,58744.23,2600.0,0.3148,0.0,7179.85,136,2026-02-17T02:00:00+05:30
ERP-O-000556,2026-02-16,South,Apparel,420.53,16.65,609768.94,67074.58,1450.0,0.3178,0.0,6707.46,227,2026-02-17T02:00:00+05:30
ERP-O-000557,2026-02-16,South,Electronics,257.49,5.56,2291648.08,160415.37,8900.0,0.3542,0.0,25208.13,139,2026-02-17T02:00:00+05:30
ERP-O-000558,2026-02-16,South,Home,234.16,6.74,608826.77,54794.41,2600.0,0.3529,0.0,6697.09,127,2026-02-17T02:00:00+05:30
ERP-O-000559,2026-02-16,East,Apparel,284.64,11.27,412721.23,45399.34,1450.0,0.3247,0.0,4539.93,154,2026-02-17T02:00:00+05:30
ERP-O-000560,2026-02-16,East,Electronics,164.77,3.56,1466414.57,102649.02,8900.0,0.352,0.0,16130.56,89,2026-02-17T02:00:00+05:30
ERP-O-000561,2026-02-16,East,Home,164.85,4.75,428610.84,38574.98,2600.0,0.3394,0.0,4714.72,89,2026-02-17T02:00:00+05:30
ERP-O-000562,2026-02-16,West,Apparel,394.05,15.6,571370.47,62850.75,1450.0,0.3675,0.0,6285.08,213,2026-02-17T02:00:00+05:30
ERP-O-000563,2026-02-16,West,Electronics,237.31,5.13,2112081.14,147845.68,8900.0,0.3471,0.0,23232.89,128,2026-02-17T02:00:00+05:30
ERP-O-000564,2026-02-16,West,Home,197.45,5.69,513371.15,46203.4,2600.0,0.359,0.0,5647.08,107,2026-02-17T02:00:00+05:30
ERP-O-000565,2026-02-17,North,Apparel,491.19,19.45,712223.88,78344.63,1450.0,0.3769,0.0,7834.46,266,2026-02-18T02:00:00+05:30
ERP-O-000566,2026-02-17,North,Electronics,300.27,6.49,2672427.33,187069.91,8900.0,0.3319,0.0,29396.7,162,2026-02-18T02:00:00+05:30
ERP-O-000567,2026-02-17,North,Home,248.85,7.17,647008.48,58230.76,2600.0,0.3443,0.0,7117.09,135,2026-02-18T02:00:00+05:30
ERP-O-000568,2026-02-17,South,Apparel,431.61,17.09,625828.4,68841.12,1450.0,0.3294,0.0,6884.11,233,2026-02-18T02:00:00+05:30
ERP-O-000569,2026-02-17,South,Electronics,240.48,5.19,2140255.25,149817.87,8900.0,0.3457,0.0,23542.81,130,2026-02-18T02:00:00+05:30
ERP-O-000570,2026-02-17,South,Home,224.73,6.47,584289.43,52586.05,2600.0,0.3328,0.0,6427.18,121,2026-02-18T02:00:00+05:30
ERP-O-000571,2026-02-17,East,Apparel,285.03,11.29,413287.82,45461.66,1450.0,0.3625,0.0,4546.17,154,2026-02-18T02:00:00+05:30
ERP-O-000572,2026-02-17,East,Electronics,165.52,3.58,1473087.35,103116.11,8900.0,0.3188,0.0,16203.96,89,2026-02-18T02:00:00+05:30
ERP-O-000573,2026-02-17,East,Home,168.31,4.85,437603.59,39384.32,2600.0,0.3254,0.0,4813.64,91,2026-02-18T02:00:00+05:30
ERP-O-000574,2026-02-17,West,Apparel,391.52,15.5,567709.96,62448.1,1450.0,0.3535,0.0,6244.81,212,2026-02-18T02:00:00+05:30
ERP-O-000575,2026-02-17,West,Electronics,233.58,5.05,2078826.16,145517.83,8900.0,0.3169,0.0,22867.09,126,2026-02-18T02:00:00+05:30
ERP-O-000576,2026-02-17,West,Home,202.4,5.83,526234.78,47361.13,2600.0,0.3567,0.0,5788.58,109,2026-02-18T02:00:00+05:30
ERP-O-000577,2026-02-18,North,Apparel,515.11,20.4,746914.3,82160.57,1450.0,0.3133,0.0,8216.06,278,2026-02-19T02:00:00+05:30
ERP-O-000578,2026-02-18,North,Electronics,294.46,6.36,2620680.73,183447.65,8900.0,0.3863,0.0,28827.49,159,2026-02-19T02:00:00+05:30
ERP-O-000579,2026-02-18,North,Home,285.92,8.23,743379.29,66904.14,2600.0,0.3215,0.0,8177.17,155,2026-02-19T02:00:00+05:30
ERP-O-000580,2026-02-18,South,Apparel,449.75,17.81,652130.36,71734.34,1450.0,0.3501,0.0,7173.43,243,2026-02-19T02:00:00+05:30
ERP-O-000581,2026-02-18,South,Electronics,256.93,5.55,2286694.02,160068.58,8900.0,0.3735,0.0,25153.63,139,2026-02-19T02:00:00+05:30
ERP-O-000582,2026-02-18,South,Home,239.18,6.89,621873.57,55968.62,2600.0,0.3528,0.0,6840.61,129,2026-02-19T02:00:00+05:30
ERP-O-000583,2026-02-18,East,Apparel,300.93,11.92,436350.67,47998.57,1450.0,0.3147,0.0,4799.86,163,2026-02-19T02:00:00+05:30
ERP-O-000584,2026-02-18,East,Electronics,165.59,3.58,1473709.75,103159.68,8900.0,0.3258,0.0,16210.81,90,2026-02-19T02:00:00+05:30
ERP-O-000585,2026-02-18,East,Home,150.96,4.35,392485.23,35323.67,2600.0,0.3193,0.0,4317.34,82,2026-02-19T02:00:00+05:30
ERP-O-000586,2026-02-18,West,Apparel,383.5,15.19,556067.98,61167.48,1450.0,0.3361,0.0,6116.75,207,2026-02-19T02:00:00+05:30
ERP-O-000587,2026-02-18,West,Electronics,238.51,5.15,2122711.99,148589.84,8900.0,0.3305,0.0,23349.83,129,2026-02-19T02:00:00+05:30
ERP-O-000588,2026-02-18,West,Home,205.21,5.91,533558.99,48020.31,2600.0,0.3386,0.0,5869.15,111,2026-02-19T02:00:00+05:30
ERP-O-000589,2026-02-19,North,Apparel,508.05,20.12,736671.97,81033.92,1450.0,0.3303,0.0,8103.39,275,2026-02-20T02:00:00+05:30
ERP-O-000590,2026-02-19,North,Electronics,302.97,6.54,2696403.43,188748.24,8900.0,0.3672,0.0,29660.44,164,2026-02-20T02:00:00+05:30
ERP-O-000591,2026-02-19,North,Home,260.59,7.5,677528.21,60977.54,2600.0,0.3211,0.0,7452.81,141,2026-02-20T02:00:00+05:30
ERP-O-000592,2026-02-19,South,Apparel,424.38,16.81,615348.11,67688.29,1450.0,0.3714,0.0,6768.83,229,2026-02-20T02:00:00+05:30
ERP-O-000593,2026-02-19,South,Electronics,260.19,5.62,2315648.65,162095.41,8900.0,0.3786,0.0,25472.14,141,2026-02-20T02:00:00+05:30
ERP-O-000594,2026-02-19,South,Home,230.03,6.62,598088.63,53827.98,2600.0,0.3396,0.0,6578.97,124,2026-02-20T02:00:00+05:30
ERP-O-000595,2026-02-19,East,Apparel,321.36,12.73,465971.15,51256.83,1450.0,0.368,0.0,5125.68,174,2026-02-20T02:00:00+05:30
ERP-O-000596,2026-02-19,East,Electronics,169.15,3.65,1505474.08,105383.19,8900.0,0.3359,0.0,16560.21,91,2026-02-20T02:00:00+05:30
ERP-O-000597,2026-02-19,East,Home,162.65,4.68,422898.83,38060.89,2600.0,0.3153,0.0,4651.89,88,2026-02-20T02:00:00+05:30
ERP-O-000598,2026-02-19,West,Apparel,389.9,15.44,565348.86,62188.37,1450.0,0.3306,0.0,6218.84,211,2026-02-20T02:00:00+05:30
ERP-O-000599,2026-02-19,West,Electronics,243.04,5.25,2163022.2,151411.55,8900.0,0.3501,0.0,23793.24,131,2026-02-20T02:00:00+05:30
ERP-O-000600,2026-02-19,West,Home,185.97,5.36,483531.98,43517.88,2600.0,0.312,0.0,5318.85,101,2026-02-20T02:00:00+05:30
ERP-O-000601,2026-02-20,North,Apparel,470.66,18.64,682458.14,75070.4,1450.0,0.3626,0.0,7507.04,254,2026-02-21T02:00:00+05:30
ERP-O-000602,2026-02-20,North,Electronics,307.0,6.63,2732294.22,191260.6,8900.0,0.3798,0.0,30055.24,166,2026-02-21T02:00:00+05:30
ERP-O-000603,2026-02-20,North,Home,262.3,7.55,681977.31,61377.96,2600.0,0.3232,0.0,7501.75,142,2026-02-21T02:00:00+05:30
ERP-O-000604,2026-02-20,South,Apparel,431.11,17.07,625105.14,68761.57,1450.0,0.3812,0.0,6876.16,233,2026-02-21T02:00:00+05:30
ERP-O-000605,2026-02-20,South,Electronics,248.26,5.36,2209527.02,,8900.0,0.3237,0.0,24304.8,134,2026-02-21T02:00:00+05:30
ERP-O-000606,2026-02-20,South,Home,233.8,6.73,607878.59,54709.07,2600.0,0.3424,0.0,6686.66,126,2026-02-21T02:00:00+05:30
ERP-O-000607,2026-02-20,East,Apparel,292.09,11.57,423525.31,46587.78,1450.0,0.3182,0.0,4658.78,158,2026-02-21T02:00:00+05:30
ERP-O-000608,2026-02-20,East,Electronics,174.42,3.77,1552329.21,108663.04,8900.0,0.3676,0.0,17075.62,94,2026-02-21T02:00:00+05:30
ERP-O-000609,2026-02-20,East,Home,149.79,4.31,389457.57,35051.18,2600.0,0.338,0.0,4284.03,81,2026-02-21T02:00:00+05:30
ERP-O-000610,2026-02-20,West,Apparel,395.19,15.65,573026.97,63032.97,1450.0,0.3547,0.0,6303.3,214,2026-02-21T02:00:00+05:30
ERP-O-000611,2026-02-20,West,Electronics,227.51,4.91,2024860.61,141740.24,8900.0,0.3622,0.0,22273.47,123,2026-02-21T02:00:00+05:30
ERP-O-000612,2026-02-20,West,Home,202.1,5.82,525450.25,47290.52,2600.0,0.3592,0.0,5779.95,109,2026-02-21T02:00:00+05:30
ERP-O-000613,2026-02-21,North,Apparel,611.84,24.23,887171.44,97588.86,1450.0,0.3697,0.0,9758.89,331,2026-02-22T02:00:00+05:30
ERP-O-000614,2026-02-21,North,Electronics,363.51,7.85,3235276.26,226469.34,8900.0,0.34,0.0,35588.04,196,2026-02-22T02:00:00+05:30
ERP-O-000615,2026-02-21,North,Home,292.82,8.43,761340.1,68520.61,2600.0,0.3137,0.0,8374.74,158,2026-02-22T02:00:00+05:30
ERP-O-000616,2026-02-21,South,Apparel,497.77,19.71,721760.61,79393.67,1450.0,0.3214,0.0,7939.37,269,2026-02-22T02:00:00+05:30
ERP-O-000617,2026-02-21,South,Electronics,302.69,6.54,2693900.34,188573.02,8900.0,0.3043,0.0,29632.9,164,2026-02-22T02:00:00+05:30
ERP-O-000618,2026-02-21,South,Home,278.05,8.01,722924.22,65063.18,2600.0,0.3263,0.0,7952.17,150,2026-02-22T02:00:00+05:30
ERP-O-000619,2026-02-21,East,Apparel,365.28,14.47,529655.46,58262.1,1450.0,0.3343,0.0,5826.21,197,2026-02-22T02:00:00+05:30
ERP-O-000620,2026-02-21,East,Electronics,209.71,4.53,1866383.97,130646.88,8900.0,0.3259,0.0,20530.22,113,2026-02-22T02:00:00+05:30
ERP-O-000621,2026-02-21,East,Home,185.21,5.33,481554.57,43339.91,2600.0,0.3625,0.0,5297.1,100,2026-02-22T02:00:00+05:30
ERP-O-000622,2026-02-21,West,Apparel,461.75,18.29,669535.55,73648.91,1450.0,0.2981,0.0,7364.89,250,2026-02-22T02:00:00+05:30
ERP-O-000623,2026-02-21,West,Electronics,281.28,6.08,2503405.06,175238.35,8900.0,0.3246,0.0,27537.46,152,2026-02-22T02:00:00+05:30
ERP-O-000624,2026-02-21,West,Home,242.33,6.98,630070.06,56706.31,2600.0,0.2994,0.0,6930.77,131,2026-02-22T02:00:00+05:30
ERP-O-000625,2026-02-22,North,Apparel,610.6,24.18,885369.66,97390.66,1450.0,0.3469,0.0,9739.07,330,2026-02-23T02:00:00+05:30
ERP-O-000626,2026-02-22,North,Electronics,339.27,7.33,3019527.34,211366.91,8900.0,0.3241,0.0,33214.8,183,2026-02-23T02:00:00+05:30
ERP-O-000627,2026-02-22,North,Home,317.79,9.15,826251.81,74362.66,2600.0,0.3245,0.0,9088.77,172,2026-02-23T02:00:00+05:30
ERP-O-000628,2026-02-22,South,Apparel,525.72,20.82,762287.14,83851.59,1450.0,0.3203,0.0,8385.16,284,2026-02-23T02:00:00+05:30
ERP-O-000629,2026-02-22,South,Electronics,297.18,6.42,2644908.82,185143.62,8900.0,0.3636,0.0,29094.0,161,2026-02-23T02:00:00+05:30
ERP-O-000630,2026-02-22,South,Home,307.32,8.85,799039.24,71913.53,2600.0,0.3304,0.0,8789.43,166,2026-02-23T02:00:00+05:30
ERP-O-000631,2026-02-22,East,Apparel,380.97,15.09,552409.67,60765.06,1450.0,0.3389,0.0,6076.51,206,2026-02-23T02:00:00+05:30
ERP-O-000632,2026-02-22,East,Electronics,216.66,4.68,1928270.35,134978.92,8900.0,0.3482,0.0,21210.97,117,2026-02-23T02:00:00+05:30
ERP-O-000633,2026-02-22,East,Home,184.08,5.3,478616.78,43075.51,2600.0,0.3468,0.0,5264.78,100,2026-02-23T02:00:00+05:30
ERP-O-000634,2026-02-22,West,Apparel,451.68,17.89,654937.33,72043.11,1450.0,0.3496,0.0,7204.31,244,2026-02-23T02:00:00+05:30
ERP-O-000635,2026-02-22,West,Electronics,280.39,6.06,2495470.73,174682.95,8900.0,0.3567,0.0,27450.18,152,2026-02-23T02:00:00+05:30
ERP-O-000636,2026-02-22,West,Home,256.7,7.39,667421.78,60067.96,2600.0,0.3501,0.0,7341.64,139,2026-02-23T02:00:00+05:30
ERP-O-000637,2026-02-23,North,Apparel,515.08,20.4,746869.92,82155.69,1450.0,0.3043,0.0,8215.57,278,2026-02-24T02:00:00+05:30
ERP-O-000638,2026-02-23,North,Electronics,296.21,6.4,2636307.21,184541.5,8900.0,0.3525,0.0,28999.38,160,2026-02-24T02:00:00+05:30
ERP-O-000639,2026-02-23,North,Home,264.19,7.61,686902.24,61821.2,2600.0,0.371,0.0,7555.92,143,2026-02-24T02:00:00+05:30
ERP-O-000640,2026-02-23,South,Apparel,447.38,17.72,648704.19,71357.46,1450.0,0.3331,0.0,7135.75,242,2026-02-24T02:00:00+05:30
ERP-O-000641,2026-02-23,South,Electronics,232.43,5.02,2068636.75,144804.57,8900.0,0.3583,0.0,22755.0,126,2026-02-24T02:00:00+05:30
ERP-O-000642,2026-02-23,South,Home,227.2,6.54,590708.34,53163.75,2600.0,0.3621,0.0,6497.79,123,2026-02-24T02:00:00+05:30
ERP-O-000643,2026-02-23,East,Apparel,319.32,12.65,463021.12,50932.32,1450.0,0.3477,0.0,5093.23,173,2026-02-24T02:00:00+05:30
ERP-O-000644,2026-02-23,East,Electronics,172.93,3.74,1539056.77,107733.97,8900.0,0.2886,0.0,16929.62,93,2026-02-24T02:00:00+05:30
ERP-O-000645,2026-02-23,East,Home,153.89,4.43,400122.06,36010.99,2600.0,0.3455,0.0,4401.34,83,2026-02-24T02:00:00+05:30
ERP-O-000646,2026-02-23,West,Apparel,402.25,15.93,583265.92,64159.25,1450.0,0.3418,0.0,6415.93,217,2026-02-24T02:00:00+05:30
ERP-O-000647,2026-02-23,West,Electronics,227.72,4.92,2026695.65,141868.7,8900.0,0.3672,0.0,22293.65,123,2026-02-24T02:00:00+05:30
ERP-O-000648,2026-02-23,West,Home,209.17,6.02,543845.21,48946.07,2600.0,0.3623,0.0,5982.3,113,2026-02-24T02:00:00+05:30
ERP-O-000649,2026-02-24,North,Apparel,537.38,21.28,779195.86,85711.54,1450.0,0.3497,0.0,8571.15,290,2026-02-25T02:00:00+05:30
ERP-O-000650,2026-02-24,North,Electronics,306.57,6.62,2728441.1,190990.88,8900.0,0.3371,0.0,30012.85,166,2026-02-25T02:00:00+05:30
ERP-O-000651,2026-02-24,North,Home,241.5,6.96,627912.69,56512.14,2600.0,0.3571,0.0,6907.04,131,2026-02-25T02:00:00+05:30
ERP-O-000652,2026-02-24,South,Apparel,435.56,17.25,631560.74,69471.68,1450.0,0.3588,0.0,6947.17,235,2026-02-25T02:00:00+05:30
ERP-O-000653,2026-02-24,South,Electronics,248.12,5.36,2208244.68,154577.13,8900.0,0.3171,0.0,24290.69,134,2026-02-25T02:00:00+05:30
ERP-O-000654,2026-02-24,South,Home,254.08,7.32,660597.66,59453.79,2600.0,0.3325,0.0,7266.57,137,2026-02-25T02:00:00+05:30
ERP-O-000655,2026-02-24,East,Apparel,306.16,12.12,443925.88,,1450.0,0.359,0.0,4883.18,165,2026-02-25T02:00:00+05:30
ERP-O-000656,2026-02-24,East,Electronics,171.32,3.7,1524713.53,106729.95,8900.0,0.3223,0.0,16771.85,93,2026-02-25T02:00:00+05:30
ERP-O-000657,2026-02-24,East,Home,157.1,4.52,408452.49,36760.72,2600.0,0.3514,0.0,4492.98,85,2026-02-25T02:00:00+05:30
ERP-O-000658,2026-02-24,West,Apparel,377.13,14.93,546839.24,60152.32,1450.0,0.3595,0.0,6015.23,204,2026-02-25T02:00:00+05:30
ERP-O-000659,2026-02-24,West,Electronics,242.18,5.23,2155435.47,150880.48,8900.0,0.3211,0.0,23709.79,131,2026-02-25T02:00:00+05:30
ERP-O-000660,2026-02-24,West,Home,212.21,6.11,551752.63,49657.74,2600.0,0.3627,0.0,6069.28,115,2026-02-25T02:00:00+05:30
ERP-O-000661,2026-02-25,North,Apparel,538.4,21.32,780682.14,85875.04,1450.0,0.3786,0.0,8587.5,291,2026-02-26T02:00:00+05:30
ERP-O-000662,2026-02-25,North,Electronics,297.94,6.44,2651681.91,185617.73,8900.0,0.3371,0.0,29168.5,161,2026-02-26T02:00:00+05:30
ERP-O-000663,2026-02-25,North,Home,249.81,7.19,649498.93,58454.9,2600.0,0.3445,0.0,7144.49,135,2026-02-26T02:00:00+05:30
ERP-O-000664,2026-02-25,South,Apparel,428.47,16.97,621285.53,68341.41,1450.0,0.3327,0.0,6834.14,232,2026-02-26T02:00:00+05:30
ERP-O-000665,2026-02-25,South,Electronics,261.15,5.64,2324249.52,162697.47,8900.0,0.3942,0.0,25566.74,141,2026-02-26T02:00:00+05:30
ERP-O-000666,2026-02-25,South,Home,232.69,6.7,604982.03,54448.38,2600.0,0.3209,0.0,6654.8,126,2026-02-26T02:00:00+05:30
ERP-O-000667,2026-02-25,East,Apparel,311.2,12.32,451235.95,49635.95,1450.0,0.3211,0.0,4963.6,168,2026-02-26T02:00:00+05:30
ERP-O-000668,2026-02-25,East,Electronics,179.54,3.88,1597874.93,111851.25,8900.0,0.3408,0.0,17576.62,97,2026-02-26T02:00:00+05:30
ERP-O-000669,2026-02-25,East,Home,163.07,4.7,423990.78,38159.17,2600.0,0.3337,0.0,4663.9,88,2026-02-26T02:00:00+05:30
ERP-O-000670,2026-02-25,West,Apparel,370.45,14.67,537154.2,59086.96,1450.0,0.35,0.0,5908.7,200,2026-02-26T02:00:00+05:30
ERP-O-000671,2026-02-25,West,Electronics,232.37,5.02,2068099.29,144766.95,8900.0,0.3402,0.0,22749.09,126,2026-02-26T02:00:00+05:30
ERP-O-000672,2026-02-25,West,Home,213.27,6.14,554512.53,49906.13,2600.0,0.3499,0.0,6099.64,115,2026-02-26T02:00:00+05:30
ERP-O-000673,2026-02-26,North,Apparel,524.72,20.78,760841.9,83692.61,1450.0,0.3545,0.0,8369.26,284,2026-02-27T02:00:00+05:30
ERP-O-000674,2026-02-26,North,Electronics,310.99,6.72,2767808.33,193746.58,8900.0,0.3753,0.0,30445.89,168,2026-02-27T02:00:00+05:30
ERP-O-000675,2026-02-26,North,Home,252.2,7.26,655711.18,59014.01,2600.0,0.2998,0.0,7212.82,136,2026-02-27T02:00:00+05:30
ERP-O-000676,2026-02-26,South,Apparel,428.06,16.95,620692.0,68276.12,1450.0,0.3657,0.0,6827.61,231,2026-02-27T02:00:00+05:30
ERP-O-000677,2026-02-26,South,Electronics,251.42,5.43,2237640.9,156634.86,8900.0,0.3485,0.0,24614.05,136,2026-02-27T02:00:00+05:30
ERP-O-000678,2026-02-26,South,Home,246.89,7.11,641901.26,57771.11,2600.0,0.3291,0.0,7060.91,133,2026-02-27T02:00:00+05:30
ERP-O-000679,2026-02-26,East,Apparel,303.61,12.02,440230.3,48425.33,1450.0,0.3055,0.0,4842.53,164,2026-02-27T02:00:00+05:30
ERP-O-000680,2026-02-26,East,Electronics,186.35,4.03,1658472.85,116093.1,8900.0,0.3393,0.0,18243.2,101,2026-02-27T02:00:00+05:30
ERP-O-000681,2026-02-26,East,Home,163.0,4.69,423787.88,38140.91,2600.0,0.3281,0.0,4661.67,88,2026-02-27T02:00:00+05:30
ERP-O-000682,2026-02-26,West,Apparel,411.4,16.29,596528.05,65618.09,1450.0,0.3197,0.0,6561.81,222,2026-02-27T02:00:00+05:30
ERP-O-000683,2026-02-26,West,Electronics,225.25,4.87,2004763.47,140333.44,8900.0,0.3351,0.0,22052.4,122,2026-02-27T02:00:00+05:30
ERP-O-000684,2026-02-26,West,Home,210.07,6.05,546191.17,49157.21,2600.0,0.3368,0.0,6008.1,114,2026-02-27T02:00:00+05:30
ERP-O-000685,2026-02-27,North,Apparel,532.66,21.09,772358.75,84959.46,1450.0,0.3521,0.0,8495.95,288,2026-02-28T02:00:00+05:30
ERP-O-000686,2026-02-27,North,Electronics,305.27,6.59,2716915.13,190184.06,8900.0,0.3365,0.0,29886.07,165,2026-02-28T02:00:00+05:30
ERP-O-000687,2026-02-27,North,Home,247.12,7.12,642521.46,57826.93,2600.0,0.3347,0.0,7067.74,134,2026-02-28T02:00:00+05:30
ERP-O-000688,2026-02-27,South,Apparel,431.39,17.08,625514.94,68806.64,1450.0,0.3369,0.0,6880.66,233,2026-02-28T02:00:00+05:30
ERP-O-000689,2026-02-27,South,Electronics,246.79,5.33,2196425.65,153749.8,8900.0,0.3761,0.0,24160.68,133,2026-02-28T02:00:00+05:30
ERP-O-000690,2026-02-27,South,Home,239.64,6.9,623074.18,56076.68,2600.0,0.3546,0.0,6853.82,130,2026-02-28T02:00:00+05:30
ERP-O-000691,2026-02-27,East,Apparel,290.28,11.49,420902.01,46299.22,1450.0,0.3299,0.0,4629.92,157,2026-02-28T02:00:00+05:30
ERP-O-000692,2026-02-27,East,Electronics,174.05,3.76,1549084.65,108435.93,8900.0,0.3732,0.0,17039.93,94,2026-02-28T02:00:00+05:30
ERP-O-000693,2026-02-27,East,Home,162.19,4.67,421692.38,37952.31,2600.0,0.3823,0.0,4638.62,88,2026-02-28T02:00:00+05:30
ERP-O-000694,2026-02-27,West,Apparel,381.58,15.11,553286.25,60861.49,1450.0,0.3439,0.0,6086.15,206,2026-02-28T02:00:00+05:30
ERP-O-000695,2026-02-27,West,Electronics,222.07,4.8,1976431.12,138350.18,8900.0,0.3487,0.0,21740.74,120,2026-02-28T02:00:00+05:30
ERP-O-000696,2026-02-27,West,Home,215.6,6.21,560564.58,50450.81,2600.0,0.3616,0.0,6166.21,117,2026-02-28T02:00:00+05:30
ERP-O-000697,2026-02-28,North,Apparel,577.29,22.86,837077.49,92078.52,1450.0,0.3439,0.0,9207.85,312,2026-03-01T02:00:00+05:30
ERP-O-000698,2026-02-28,North,Electronics,331.43,7.16,2949763.52,206483.45,8900.0,0.3478,0.0,32447.4,179,2026-03-01T02:00:00+05:30
ERP-O-000699,2026-02-28,North,Home,317.97,9.16,826722.13,74404.99,2600.0,0.3399,0.0,9093.94,172,2026-03-01T02:00:00+05:30
ERP-O-000700,2026-02-28,South,Apparel,471.87,18.69,684209.84,75263.08,1450.0,0.3386,0.0,7526.31,255,2026-03-01T02:00:00+05:30
ERP-O-000701,2026-02-28,South,Electronics,304.69,6.58,2711773.77,189824.16,8900.0,0.3598,0.0,29829.51,165,2026-03-01T02:00:00+05:30
ERP-O-000702,2026-02-28,South,Home,296.49,8.54,770872.33,69378.51,2600.0,0.3168,0.0,8479.6,160,2026-03-01T02:00:00+05:30
ERP-O-000703,2026-02-28,East,Apparel,343.61,13.61,498237.16,54806.09,1450.0,0.3084,0.0,5480.61,186,2026-03-01T02:00:00+05:30
ERP-O-000704,2026-02-28,East,Electronics,200.97,4.34,1788606.91,125202.48,8900.0,0.3415,0.0,19674.68,109,2026-03-01T02:00:00+05:30
ERP-O-000705,2026-02-28,East,Home,190.54,5.49,495415.81,44587.42,2600.0,0.3444,0.0,5449.57,103,2026-03-01T02:00:00+05:30
ERP-O-000706,2026-02-28,West,Apparel,457.53,18.12,663423.04,72976.53,1450.0,0.3302,0.0,7297.65,247,2026-03-01T02:00:00+05:30
ERP-O-000707,2026-02-28,West,Electronics,281.03,6.07,2501134.8,175079.44,8900.0,0.3616,0.0,27512.48,152,2026-03-01T02:00:00+05:30
ERP-O-000708,2026-02-28,West,Home,247.49,7.13,643483.59,57913.52,2600.0,0.3197,0.0,7078.32,134,2026-03-01T02:00:00+05:30
ERP-O-000709,2026-03-01,North,Apparel,602.76,23.87,874003.45,96140.38,1450.0,0.3517,0.0,9614.04,326,2026-03-02T02:00:00+05:30
ERP-O-000710,2026-03-01,North,Electronics,379.79,8.2,3380145.73,236610.2,8900.0,0.3331,0.0,37181.6,205,2026-03-02T02:00:00+05:30
ERP-O-000711,2026-03-01,North,Home,298.27,8.59,775509.7,69795.87,2600.0,0.3187,0.0,8530.61,161,2026-03-02T02:00:00+05:30
ERP-O-000712,2026-03-01,South,Apparel,511.63,20.26,741869.29,81605.62,1450.0,0.3257,0.0,8160.56,277,2026-03-02T02:00:00+05:30
ERP-O-000713,2026-03-01,South,Electronics,296.99,6.42,2643230.66,185026.15,8900.0,0.3243,0.0,29075.54,161,2026-03-02T02:00:00+05:30
ERP-O-000714,2026-03-01,South,Home,293.79,8.46,763842.6,68745.83,2600.0,0.3595,0.0,8402.27,159,2026-03-02T02:00:00+05:30
ERP-O-000715,2026-03-01,East,Apparel,368.05,14.57,533665.59,58703.22,1450.0,0.3497,0.0,5870.32,199,2026-03-02T02:00:00+05:30
ERP-O-000716,2026-03-01,East,Electronics,203.61,4.4,1812093.63,126846.55,8900.0,0.3347,0.0,19933.03,110,2026-03-02T02:00:00+05:30
ERP-O-000717,2026-03-01,East,Home,187.08,5.39,486405.13,43776.46,2600.0,0.3441,0.0,5350.46,101,2026-03-02T02:00:00+05:30
ERP-O-000718,2026-03-01,West,Apparel,445.85,17.66,646480.4,71112.84,1450.0,0.3343,0.0,7111.28,241,2026-03-02T02:00:00+05:30
ERP-O-000719,2026-03-01,West,Electronics,266.78,5.76,2374352.37,166204.67,8900.0,0.363,0.0,26117.88,144,2026-03-02T02:00:00+05:30
ERP-O-000720,2026-03-01,West,Home,242.44,6.98,630333.72,56730.04,2600.0,0.3447,0.0,6933.67,131,2026-03-02T02:00:00+05:30
ERP-O-000721,2026-03-02,North,Apparel,513.79,20.35,744990.87,81949.0,1450.0,0.3405,0.0,8194.9,278,2026-03-03T02:00:00+05:30
ERP-O-000722,2026-03-02,North,Electronics,286.84,6.2,2552917.85,178704.25,8900.0,0.3416,0.0,28082.1,155,2026-03-03T02:00:00+05:30
ERP-O-000723,2026-03-02,North,Home,271.6,7.82,706172.35,63555.51,2600.0,0.3291,0.0,7767.9,147,2026-03-03T02:00:00+05:30
ERP-O-000724,2026-03-02,South,Apparel,436.27,17.28,632589.33,69584.83,1450.0,0.3411,0.0,6958.48,236,2026-03-03T02:00:00+05:30
ERP-O-000725,2026-03-02,South,Electronics,254.24,5.49,2262728.96,158391.03,8900.0,0.3432,0.0,24890.02,137,2026-03-03T02:00:00+05:30
ERP-O-000726,2026-03-02,South,Home,251.63,7.25,654239.35,58881.54,2600.0,0.3293,0.0,7196.63,136,2026-03-03T02:00:00+05:30
ERP-O-000727,2026-03-02,East,Apparel,305.42,12.09,442857.06,48714.28,1450.0,0.341,0.0,4871.43,165,2026-03-03T02:00:00+05:30
ERP-O-000728,2026-03-02,East,Electronics,164.58,3.55,1464725.89,102530.81,8900.0,0.3243,0.0,16111.98,89,2026-03-03T02:00:00+05:30
ERP-O-000729,2026-03-02,East,Home,160.65,4.63,417692.93,37592.36,2600.0,0.3634,0.0,4594.62,87,2026-03-03T02:00:00+05:30
ERP-O-000730,2026-03-02,West,Apparel,379.7,15.04,550560.4,60561.64,1450.0,0.3388,0.0,6056.16,205,2026-03-03T02:00:00+05:30
ERP-O-000731,2026-03-02,West,Electronics,248.2,5.36,2208994.35,154629.6,8900.0,0.3404,0.0,24298.94,134,2026-03-03T02:00:00+05:30
ERP-O-000732,2026-03-02,West,Home,208.51,6.01,542131.07,,2600.0,0.3567,0.0,5963.44,113,2026-03-03T02:00:00+05:30
ERP-O-000733,2026-03-03,North,Apparel,512.39,20.29,742963.17,81725.95,1450.0,0.3196,0.0,8172.59,277,2026-03-04T02:00:00+05:30
ERP-O-000734,2026-03-03,North,Electronics,282.75,6.11,2516497.37,176154.82,8900.0,0.3671,0.0,27681.47,153,2026-03-04T02:00:00+05:30
ERP-O-000735,2026-03-03,North,Home,263.7,7.59,685622.49,61706.02,2600.0,0.3754,0.0,7541.85,143,2026-03-04T02:00:00+05:30
ERP-O-000736,2026-03-03,South,Apparel,415.25,16.44,602118.46,66233.03,1450.0,0.3796,0.0,6623.3,224,2026-03-04T02:00:00+05:30
ERP-O-000737,2026-03-03,South,Electronics,251.49,5.43,2238228.1,156675.97,8900.0,0.3552,0.0,24620.51,136,2026-03-04T02:00:00+05:30
ERP-O-000738,2026-03-03,South,Home,243.62,7.02,633422.13,57007.99,2600.0,0.3236,0.0,6967.64,132,2026-03-04T02:00:00+05:30
ERP-O-000739,2026-03-03,East,Apparel,284.73,11.28,412859.73,45414.57,1450.0,0.35,0.0,4541.46,154,2026-03-04T02:00:00+05:30
ERP-O-000740,2026-03-03,East,Electronics,161.13,3.48,1434084.77,100385.93,8900.0,0.3234,0.0,15774.93,87,2026-03-04T02:00:00+05:30
ERP-O-000741,2026-03-03,East,Home,159.94,4.61,415848.67,37426.38,2600.0,0.3342,0.0,4574.34,86,2026-03-04T02:00:00+05:30
ERP-O-000742,2026-03-03,West,Apparel,392.99,15.56,569841.98,62682.62,1450.0,0.326,0.0,6268.26,212,2026-03-04T02:00:00+05:30
ERP-O-000743,2026-03-03,West,Electronics,235.26,5.08,2093817.55,146567.23,8900.0,0.3418,0.0,23031.99,127,2026-03-04T02:00:00+05:30
ERP-O-000744,2026-03-03,West,Home,203.23,5.85,528391.87,47555.27,2600.0,0.3375,0.0,5812.31,110,2026-03-04T02:00:00+05:30
ERP-O-000745,2026-03-04,North,Apparel,669.62,26.52,970955.44,106805.1,1450.0,0.3837,0.0,10680.51,362,2026-03-05T02:00:00+05:30
ERP-O-000746,2026-03-04,North,Electronics,360.95,7.8,3212444.99,224871.15,8900.0,0.3573,0.0,35336.89,195,2026-03-05T02:00:00+05:30
ERP-O-000747,2026-03-04,North,Home,300.46,8.65,781201.56,70308.14,2600.0,0.353,0.0,8593.22,162,2026-03-05T02:00:00+05:30
ERP-O-000748,2026-03-04,South,Apparel,557.64,22.08,808584.99,88944.35,1450.0,0.3183,0.0,8894.43,301,2026-03-05T02:00:00+05:30
ERP-O-000749,2026-03-04,South,Electronics,308.92,6.67,2749420.36,192459.42,8900.0,0.3358,0.0,30243.62,167,2026-03-05T02:00:00+05:30
ERP-O-000750,2026-03-04,South,Home,300.66,8.66,781726.23,70355.36,2600.0,0.3379,0.0,8598.99,163,2026-03-05T02:00:00+05:30
ERP-O-000751,2026-03-04,East,Apparel,365.91,14.49,530576.52,58363.42,1450.0,0.3256,0.0,5836.34,198,2026-03-05T02:00:00+05:30
ERP-O-000752,2026-03-04,East,Electronics,209.85,4.53,1867700.44,130739.03,8900.0,0.3441,0.0,20544.7,113,2026-03-05T02:00:00+05:30
ERP-O-000753,2026-03-04,East,Home,196.39,5.66,510623.82,45956.14,2600.0,0.3488,0.0,5616.86,106,2026-03-05T02:00:00+05:30
ERP-O-000754,2026-03-04,West,Apparel,454.77,18.01,659410.18,72535.12,1450.0,0.3223,0.0,7253.51,246,2026-03-05T02:00:00+05:30
ERP-O-000755,2026-03-04,West,Electronics,302.51,6.53,2692365.18,188465.56,8900.0,0.317,0.0,29616.02,164,2026-03-05T02:00:00+05:30
ERP-O-000756,2026-03-04,West,Home,260.04,7.49,676116.36,60850.47,2600.0,0.3242,0.0,7437.28,141,2026-03-05T02:00:00+05:30
ERP-O-000757,2026-03-05,North,Apparel,537.39,21.28,779212.32,85713.36,1450.0,0.321,0.0,8571.34,290,2026-03-06T02:00:00+05:30
ERP-O-000758,2026-03-05,North,Electronics,288.02,6.22,2563416.6,179439.16,8900.0,0.3586,0.0,28197.58,156,2026-03-06T02:00:00+05:30
ERP-O-000759,2026-03-05,North,Home,259.87,7.48,675650.14,60808.51,2600.0,0.3595,0.0,7432.15,140,2026-03-06T02:00:00+05:30
ERP-O-000760,2026-03-05,South,Apparel,430.08,17.03,623614.65,68597.61,1450.0,0.3322,0.0,6859.76,232,2026-03-06T02:00:00+05:30
ERP-O-000761,2026-03-05,South,Electronics,249.97,5.4,2224706.83,155729.48,8900.0,0.3571,0.0,24471.78,135,2026-03-06T02:00:00+05:30
ERP-O-000762,2026-03-05,South,Home,244.78,7.05,636425.0,57278.25,2600.0,0.3352,0.0,7000.67,132,2026-03-06T02:00:00+05:30
ERP-O-000763,2026-03-05,East,Apparel,293.78,11.63,425981.86,46858.0,1450.0,0.3478,0.0,4685.8,159,2026-03-06T02:00:00+05:30
ERP-O-000764,2026-03-05,East,Electronics,166.59,3.6,1482692.96,103788.51,8900.0,0.3568,0.0,16309.62,90,2026-03-06T02:00:00+05:30
ERP-O-000765,2026-03-05,East,Home,164.02,4.72,426460.82,38381.47,2600.0,0.341,0.0,4691.07,89,2026-03-06T02:00:00+05:30
ERP-O-000766,2026-03-05,West,Apparel,373.18,14.78,541106.56,59521.72,1450.0,0.3357,0.0,5952.17,202,2026-03-06T02:00:00+05:30
ERP-O-000767,2026-03-05,West,Electronics,233.59,5.05,2078923.8,145524.67,8900.0,0.3825,0.0,22868.16,126,2026-03-06T02:00:00+05:30
ERP-O-000768,2026-03-05,West,Home,208.74,6.01,542725.95,48845.34,2600.0,0.3186,0.0,5969.99,113,2026-03-06T02:00:00+05:30
ERP-O-000769,2026-03-06,North,Apparel,512.99,20.31,743838.66,81822.25,1450.0,0.3343,0.0,8182.23,277,2026-03-07T02:00:00+05:30
ERP-O-000770,2026-03-06,North,Electronics,293.91,6.35,2615842.09,183108.95,8900.0,0.3532,0.0,28774.26,159,2026-03-07T02:00:00+05:30
ERP-O-000771,2026-03-06,North,Home,253.02,7.29,657844.66,59206.02,2600.0,0.3273,0.0,7236.29,137,2026-03-07T02:00:00+05:30
ERP-O-000772,2026-03-06,South,Apparel,392.78,15.55,569534.52,62648.8,1450.0,0.3199,0.0,6264.88,212,2026-03-07T02:00:00+05:30
ERP-O-000773,2026-03-06,South,Electronics,245.19,5.3,2182155.69,152750.9,8900.0,0.343,0.0,24003.71,133,2026-03-07T02:00:00+05:30
ERP-O-000774,2026-03-06,South,Home,251.1,7.23,652865.22,58757.87,2600.0,0.3255,0.0,7181.52,136,2026-03-07T02:00:00+05:30
ERP-O-000775,2026-03-06,East,Apparel,307.67,12.18,446119.87,49073.19,1450.0,0.3445,0.0,4907.32,166,2026-03-07T02:00:00+05:30
ERP-O-000776,2026-03-06,East,Electronics,181.15,3.91,1612205.57,112854.39,8900.0,0.3722,0.0,17734.26,98,2026-03-07T02:00:00+05:30
ERP-O-000777,2026-03-06,East,Home,165.87,4.78,431253.13,38812.78,2600.0,0.3526,0.0,4743.78,90,2026-03-07T02:00:00+05:30
ERP-O-000778,2026-03-06,West,Apparel,417.22,16.52,604962.31,66545.85,1450.0,0.3404,0.0,6654.59,226,2026-03-07T02:00:00+05:30
ERP-O-000779,2026-03-06,West,Electronics,238.88,5.16,2126003.36,148820.24,8900.0,0.3386,0.0,23386.04,129,2026-03-07T02:00:00+05:30
ERP-O-000780,2026-03-06,West,Home,209.98,6.05,545956.73,,2600.0,0.3379,0.0,6005.52,114,2026-03-07T02:00:00+05:30
ERP-O-000781,2026-03-07,North,Apparel,639.73,25.33,927608.14,102036.9,1450.0,0.375,0.0,10203.69,346,2026-03-08T02:00:00+05:30
ERP-O-000782,2026-03-07,North,Electronics,377.75,8.16,3362004.6,235340.32,8900.0,0.3625,0.0,36982.05,204,2026-03-08T02:00:00+05:30
ERP-O-000783,2026-03-07,North,Home,298.13,8.59,775144.14,69762.97,2600.0,0.3298,0.0,8526.59,161,2026-03-08T02:00:00+05:30
ERP-O-000784,2026-03-07,South,Apparel,495.25,19.61,718111.94,78992.31,1450.0,0.3415,0.0,7899.23,268,2026-03-08T02:00:00+05:30
ERP-O-000785,2026-03-07,South,Electronics,293.93,6.35,2615964.57,183117.52,8900.0,0.3757,0.0,28775.61,159,2026-03-08T02:00:00+05:30
ERP-O-000786,2026-03-07,South,Home,290.93,8.38,756416.1,68077.45,2600.0,0.3595,0.0,8320.58,157,2026-03-08T02:00:00+05:30
ERP-O-000787,2026-03-07,East,Apparel,338.18,13.39,490356.83,53939.25,1450.0,0.3257,0.0,5393.93,183,2026-03-08T02:00:00+05:30
ERP-O-000788,2026-03-07,East,Electronics,205.06,4.43,1825031.47,127752.2,8900.0,0.322,0.0,20075.35,111,2026-03-08T02:00:00+05:30
ERP-O-000789,2026-03-07,East,Home,186.04,5.36,483713.7,43534.23,2600.0,0.3465,0.0,5320.85,101,2026-03-08T02:00:00+05:30
ERP-O-000790,2026-03-07,West,Apparel,490.74,19.43,711579.55,78273.75,1450.0,0.3421,0.0,7827.38,265,2026-03-08T02:00:00+05:30
ERP-O-000791,2026-03-07,West,Electronics,272.72,5.89,2427168.95,169901.83,8900.0,0.3571,0.0,26698.86,147,2026-03-08T02:00:00+05:30
ERP-O-000792,2026-03-07,West,Home,250.41,7.21,651055.33,58594.98,2600.0,0.3481,0.0,7161.61,135,2026-03-08T02:00:00+05:30
ERP-O-000793,2026-03-08,North,Apparel,588.88,23.32,853874.63,93926.21,1450.0,0.3284,0.0,9392.62,318,2026-03-09T02:00:00+05:30
ERP-O-000794,2026-03-08,North,Electronics,355.86,7.69,3167145.78,221700.2,8900.0,0.3232,0.0,34838.6,192,2026-03-09T02:00:00+05:30
ERP-O-000795,2026-03-08,North,Home,297.52,8.57,773542.09,69618.79,2600.0,0.3744,0.0,8508.96,161,2026-03-09T02:00:00+05:30
ERP-O-000796,2026-03-08,South,Apparel,530.53,21.01,769267.24,84619.4,1450.0,0.3517,0.0,8461.94,287,2026-03-09T02:00:00+05:30
ERP-O-000797,2026-03-08,South,Electronics,298.56,6.45,2657165.88,186001.61,8900.0,0.3542,0.0,29228.82,161,2026-03-09T02:00:00+05:30
ERP-O-000798,2026-03-08,South,Home,286.35,8.25,744506.67,67005.6,2600.0,0.313,0.0,8189.57,155,2026-03-09T02:00:00+05:30
ERP-O-000799,2026-03-08,East,Apparel,382.57,15.15,554733.2,61020.65,1450.0,0.3181,0.0,6102.07,207,2026-03-09T02:00:00+05:30
ERP-O-000800,2026-03-08,East,Electronics,196.16,4.24,1745811.91,122206.83,8900.0,0.328,0.0,19203.93,106,2026-03-09T02:00:00+05:30
ERP-O-000801,2026-03-08,East,Home,189.19,5.45,491883.68,44269.53,2600.0,0.3574,0.0,5410.72,102,2026-03-09T02:00:00+05:30
ERP-O-000802,2026-03-08,West,Apparel,439.64,17.41,637471.36,70121.85,1450.0,0.3309,0.0,7012.18,238,2026-03-09T02:00:00+05:30
ERP-O-000803,2026-03-08,West,Electronics,275.54,5.95,2452311.64,171661.81,8900.0,0.3501,0.0,26975.43,149,2026-03-09T02:00:00+05:30
ERP-O-000804,2026-03-08,West,Home,264.13,7.61,686734.53,61806.11,2600.0,0.3443,0.0,7554.08,143,2026-03-09T02:00:00+05:30
ERP-O-000805,2026-03-09,North,Apparel,518.12,20.52,751280.93,82640.9,1450.0,0.3507,0.0,8264.09,280,2026-03-10T02:00:00+05:30
ERP-O-000806,2026-03-09,North,Electronics,312.34,6.75,2779837.72,194588.64,8900.0,0.3318,0.0,30578.21,169,2026-03-10T02:00:00+05:30
ERP-O-000807,2026-03-09,North,Home,261.8,7.54,680674.59,61260.71,2600.0,0.3616,0.0,7487.42,142,2026-03-10T02:00:00+05:30
ERP-O-000808,2026-03-09,South,Apparel,437.92,17.34,634988.62,69848.75,1450.0,0.3263,0.0,6984.87,237,2026-03-10T02:00:00+05:30
ERP-O-000809,2026-03-09,South,Electronics,248.62,5.37,2212720.38,154890.43,8900.0,0.3469,0.0,24339.92,134,2026-03-10T02:00:00+05:30
ERP-O-000810,2026-03-09,South,Home,235.1,6.77,611270.77,55014.37,2600.0,0.3416,0.0,6723.98,127,2026-03-10T02:00:00+05:30
ERP-O-000811,2026-03-09,East,Apparel,295.41,11.7,428351.12,47118.62,1450.0,0.3417,0.0,4711.86,160,2026-03-10T02:00:00+05:30
ERP-O-000812,2026-03-09,East,Electronics,177.76,3.84,1582086.06,110746.02,8900.0,0.3071,0.0,17402.95,96,2026-03-10T02:00:00+05:30
ERP-O-000813,2026-03-09,East,Home,168.64,4.86,438460.4,39461.44,2600.0,0.3155,0.0,4823.06,91,2026-03-10T02:00:00+05:30
ERP-O-000814,2026-03-09,West,Apparel,397.54,15.74,576429.48,63407.24,1450.0,0.3563,0.0,6340.72,215,2026-03-10T02:00:00+05:30
ERP-O-000815,2026-03-09,West,Electronics,241.49,5.22,2149221.73,150445.52,8900.0,0.3469,0.0,23641.44,131,2026-03-10T02:00:00+05:30
ERP-O-000816,2026-03-09,West,Home,208.06,5.99,540956.13,48686.05,2600.0,0.3732,0.0,5950.52,112,2026-03-10T02:00:00+05:30
ERP-O-000817,2026-03-10,North,Apparel,513.5,20.33,744579.03,81903.69,1450.0,0.3606,0.0,8190.37,278,2026-03-11T02:00:00+05:30
ERP-O-000818,2026-03-10,North,Electronics,293.56,6.34,2612641.73,182884.92,8900.0,0.3647,0.0,28739.06,159,2026-03-11T02:00:00+05:30
ERP-O-000819,2026-03-10,North,Home,253.19,7.29,658295.93,59246.63,2600.0,0.3438,0.0,7241.26,137,2026-03-11T02:00:00+05:30
ERP-O-000820,2026-03-10,South,Apparel,419.59,16.62,608401.62,66924.18,1450.0,0.3413,0.0,6692.42,227,2026-03-11T02:00:00+05:30
ERP-O-000821,2026-03-10,South,Electronics,267.26,5.77,2378575.29,166500.27,8900.0,0.3702,0.0,26164.33,144,2026-03-11T02:00:00+05:30
ERP-O-000822,2026-03-10,South,Home,237.34,6.84,617082.93,55537.46,2600.0,0.307,0.0,6787.91,128,2026-03-11T02:00:00+05:30
ERP-O-000823,2026-03-10,East,Apparel,283.8,11.24,411512.51,45266.38,1450.0,0.3821,0.0,4526.64,153,2026-03-11T02:00:00+05:30
ERP-O-000824,2026-03-10,East,Electronics,174.11,3.76,1549569.91,108469.89,8900.0,0.333,0.0,17045.27,94,2026-03-11T02:00:00+05:30
ERP-O-000825,2026-03-10,East,Home,154.37,4.45,401368.45,36123.16,2600.0,0.3221,0.0,4415.05,83,2026-03-11T02:00:00+05:30
ERP-O-000826,2026-03-10,West,Apparel,396.84,15.72,575424.32,63296.67,1450.0,0.3373,0.0,6329.67,215,2026-03-11T02:00:00+05:30
ERP-O-000827,2026-03-10,West,Electronics,236.75,5.11,2107044.28,147493.1,8900.0,0.3637,0.0,23177.49,128,2026-03-11T02:00:00+05:30
ERP-O-000828,2026-03-10,West,Home,204.59,5.89,531922.65,47873.04,2600.0,0.3622,0.0,5851.15,111,2026-03-11T02:00:00+05:30
ERP-O-000829,2026-03-11,North,Apparel,521.01,20.63,755460.34,83100.64,1450.0,0.3654,0.0,8310.06,282,2026-03-12T02:00:00+05:30
ERP-O-000830,2026-03-11,North,Electronics,314.17,6.79,2796082.89,195725.8,8900.0,0.3434,0.0,30756.91,170,2026-03-12T02:00:00+05:30
ERP-O-000831,2026-03-11,North,Home,265.17,7.64,689443.23,62049.89,2600.0,0.3309,0.0,7583.88,143,2026-03-12T02:00:00+05:30
ERP-O-000832,2026-03-11,South,Apparel,464.62,18.4,673704.88,74107.54,1450.0,0.3262,0.0,7410.75,251,2026-03-12T02:00:00+05:30
ERP-O-000833,2026-03-11,South,Electronics,254.88,5.51,2268419.93,158789.4,8900.0,0.3474,0.0,24952.62,138,2026-03-12T02:00:00+05:30
ERP-O-000834,2026-03-11,South,Home,225.11,6.48,585281.16,52675.3,2600.0,0.3334,0.0,6438.09,122,2026-03-12T02:00:00+05:30
ERP-O-000835,2026-03-11,East,Apparel,300.77,11.91,436122.56,47973.48,1450.0,0.3526,0.0,4797.35,163,2026-03-12T02:00:00+05:30
ERP-O-000836,2026-03-11,East,Electronics,163.34,3.53,1453733.38,101761.34,8900.0,0.329,0.0,15991.07,88,2026-03-12T02:00:00+05:30
ERP-O-000837,2026-03-11,East,Home,161.75,4.66,420541.81,37848.76,2600.0,0.3479,0.0,4625.96,87,2026-03-12T02:00:00+05:30
ERP-O-000838,2026-03-11,West,Apparel,375.12,14.85,543922.92,59831.52,1450.0,0.3302,0.0,5983.15,203,2026-03-12T02:00:00+05:30
ERP-O-000839,2026-03-11,West,Electronics,237.72,5.13,2115674.62,148097.22,8900.0,0.3688,0.0,23272.42,128,2026-03-12T02:00:00+05:30
ERP-O-000840,2026-03-11,West,Home,212.13,6.11,551531.63,49637.85,2600.0,0.3376,0.0,6066.85,115,2026-03-12T02:00:00+05:30
ERP-O-000841,2026-03-12,North,Apparel,516.9,20.47,749509.17,82446.01,1450.0,0.3602,0.0,8244.6,279,2026-03-13T02:00:00+05:30
ERP-O-000842,2026-03-12,North,Electronics,300.92,6.5,2678146.73,187470.27,8900.0,0.3465,0.0,29459.61,163,2026-03-13T02:00:00+05:30
ERP-O-000843,2026-03-12,North,Home,253.53,7.3,659167.15,59325.04,2600.0,0.3144,0.0,7250.84,137,2026-03-13T02:00:00+05:30
ERP-O-000844,2026-03-12,South,Apparel,418.0,16.55,606099.06,66670.9,1450.0,0.3172,0.0,6667.09,226,2026-03-13T02:00:00+05:30
ERP-O-000845,2026-03-12,South,Electronics,259.07,5.6,2305764.62,161403.52,8900.0,0.3454,0.0,25363.41,140,2026-03-13T02:00:00+05:30
ERP-O-000846,2026-03-12,South,Home,238.66,6.87,620512.98,55846.17,2600.0,0.3598,0.0,6825.64,129,2026-03-13T02:00:00+05:30
ERP-O-000847,2026-03-12,East,Apparel,296.86,11.76,430443.61,47348.8,1450.0,0.3495,0.0,4734.88,160,2026-03-13T02:00:00+05:30
ERP-O-000848,2026-03-12,East,Electronics,172.56,3.73,1535797.12,107505.8,8900.0,0.3159,0.0,16893.77,93,2026-03-13T02:00:00+05:30
ERP-O-000849,2026-03-12,East,Home,164.37,4.73,427359.01,38462.31,2600.0,0.3542,0.0,4700.95,89,2026-03-13T02:00:00+05:30
ERP-O-000850,2026-03-12,West,Apparel,393.58,15.59,570696.52,62776.62,1450.0,0.3718,0.0,6277.66,213,2026-03-13T02:00:00+05:30
ERP-O-000851,2026-03-12,West,Electronics,233.05,5.03,2074136.63,145189.56,8900.0,0.3405,0.0,22815.5,126,2026-03-13T02:00:00+05:30
ERP-O-000852,2026-03-12,West,Home,198.28,5.71,515523.86,46397.15,2600.0,0.3598,0.0,5670.76,107,2026-03-13T02:00:00+05:30
ERP-O-000853,2026-03-13,North,Apparel,530.79,21.02,769640.42,84660.45,1450.0,0.3562,0.0,8466.04,287,2026-03-14T02:00:00+05:30
ERP-O-000854,2026-03-13,North,Electronics,301.89,6.52,2686848.51,188079.4,8900.0,0.3601,0.0,29555.33,163,2026-03-14T02:00:00+05:30
ERP-O-000855,2026-03-13,North,Home,265.33,7.64,689866.59,62087.99,2600.0,0.3059,0.0,7588.53,143,2026-03-14T02:00:00+05:30
ERP-O-000856,2026-03-13,South,Apparel,454.58,18.0,659147.96,72506.28,1450.0,0.3408,0.0,7250.63,246,2026-03-14T02:00:00+05:30
ERP-O-000857,2026-03-13,South,Electronics,265.14,5.73,2359754.03,165182.78,8900.0,0.3405,0.0,25957.29,143,2026-03-14T02:00:00+05:30
ERP-O-000858,2026-03-13,South,Home,244.59,7.04,635944.5,57235.01,2600.0,0.3313,0.0,6995.39,132,2026-03-14T02:00:00+05:30
ERP-O-000859,2026-03-13,East,Apparel,295.87,11.72,429011.07,47191.22,1450.0,0.3416,0.0,4719.12,160,2026-03-14T02:00:00+05:30
ERP-O-000860,2026-03-13,East,Electronics,167.34,3.61,1489300.79,104251.06,8900.0,0.3581,0.0,16382.31,90,2026-03-14T02:00:00+05:30
ERP-O-000861,2026-03-13,East,Home,150.46,4.33,391204.24,35208.38,2600.0,0.3477,0.0,4303.25,81,2026-03-14T02:00:00+05:30
ERP-O-000862,2026-03-13,West,Apparel,413.12,16.36,599018.34,65892.02,1450.0,0.3392,0.0,6589.2,223,2026-03-14T02:00:00+05:30
ERP-O-000863,2026-03-13,West,Electronics,239.09,5.16,2127866.99,148950.69,8900.0,0.3471,0.0,23406.54,129,2026-03-14T02:00:00+05:30
ERP-O-000864,2026-03-13,West,Home,214.16,6.17,556807.31,50112.66,2600.0,0.3405,0.0,6124.88,116,2026-03-14T02:00:00+05:30
ERP-O-000865,2026-03-14,North,Apparel,648.42,25.68,940201.94,103422.21,1450.0,0.34,0.0,10342.22,350,2026-03-15T02:00:00+05:30
ERP-O-000866,2026-03-14,North,Electronics,351.89,7.6,3131801.72,219226.12,8900.0,0.3301,0.0,34449.82,190,2026-03-15T02:00:00+05:30
ERP-O-000867,2026-03-14,North,Home,312.77,9.01,813193.35,73187.4,2600.0,0.3312,0.0,8945.13,169,2026-03-15T02:00:00+05:30
ERP-O-000868,2026-03-14,South,Apparel,508.73,20.15,737662.85,81142.91,1450.0,0.3121,0.0,8114.29,275,2026-03-15T02:00:00+05:30
ERP-O-000869,2026-03-14,South,Electronics,293.18,6.33,2609292.91,182650.5,8900.0,0.3384,0.0,28702.22,158,2026-03-15T02:00:00+05:30
ERP-O-000870,2026-03-14,South,Home,285.72,8.23,742864.36,66857.79,2600.0,0.3592,0.0,8171.51,154,2026-03-15T02:00:00+05:30
ERP-O-000871,2026-03-14,East,Apparel,366.26,14.5,531081.2,58418.93,1450.0,0.3208,0.0,5841.89,198,2026-03-15T02:00:00+05:30
ERP-O-000872,2026-03-14,East,Electronics,211.19,4.56,1879615.33,131573.07,8900.0,0.3192,0.0,20675.77,114,2026-03-15T02:00:00+05:30
ERP-O-000873,2026-03-14,East,Home,196.17,5.65,510041.99,45903.78,2600.0,0.3583,0.0,5610.46,106,2026-03-15T02:00:00+05:30
ERP-O-000874,2026-03-14,West,Apparel,467.32,18.51,677620.82,74538.29,1450.0,0.3157,0.0,7453.83,253,2026-03-15T02:00:00+05:30
ERP-O-000875,2026-03-14,West,Electronics,290.04,6.26,2581387.06,180697.09,8900.0,0.3327,0.0,28395.26,157,2026-03-15T02:00:00+05:30
ERP-O-000876,2026-03-14,West,Home,248.24,7.15,645426.87,58088.42,2600.0,0.3712,0.0,7099.7,134,2026-03-15T02:00:00+05:30
ERP-O-000877,2026-03-15,North,Apparel,650.16,25.75,942733.55,103700.69,1450.0,0.3573,0.0,10370.07,351,2026-03-16T02:00:00+05:30
ERP-O-000878,2026-03-15,North,Electronics,368.67,7.96,3281124.32,229678.7,8900.0,0.363,0.0,36092.37,199,2026-03-16T02:00:00+05:30
ERP-O-000879,2026-03-15,North,Home,324.17,9.34,842829.62,75854.67,2600.0,0.338,0.0,9271.13,175,2026-03-16T02:00:00+05:30
ERP-O-000880,2026-03-15,South,Apparel,479.82,19.0,695741.59,76531.58,1450.0,0.315,0.0,7653.16,259,2026-03-16T02:00:00+05:30
ERP-O-000881,2026-03-15,South,Electronics,302.1,6.53,2688693.75,188208.56,8900.0,0.3636,0.0,29575.63,163,2026-03-16T02:00:00+05:30
ERP-O-000882,2026-03-15,South,Home,291.08,8.38,756810.55,68112.95,2600.0,0.3366,0.0,8324.92,157,2026-03-16T02:00:00+05:30
ERP-O-000883,2026-03-15,East,Apparel,357.31,14.15,518106.44,56991.71,1450.0,0.3043,0.0,5699.17,193,2026-03-16T02:00:00+05:30
ERP-O-000884,2026-03-15,East,Electronics,214.34,4.63,1907588.07,133531.16,8900.0,0.3213,0.0,20983.47,116,2026-03-16T02:00:00+05:30
ERP-O-000885,2026-03-15,East,Home,177.92,5.12,462587.17,41632.85,2600.0,0.3493,0.0,5088.46,96,2026-03-16T02:00:00+05:30
ERP-O-000886,2026-03-15,West,Apparel,450.81,17.85,653674.38,71904.18,1450.0,0.2913,0.0,7190.42,244,2026-03-16T02:00:00+05:30
ERP-O-000887,2026-03-15,West,Electronics,284.7,6.15,2533788.58,177365.2,8900.0,0.3442,0.0,27871.67,154,2026-03-16T02:00:00+05:30
ERP-O-000888,2026-03-15,West,Home,240.34,6.92,624894.05,56240.46,2600.0,0.3505,0.0,6873.83,130,2026-03-16T02:00:00+05:30
ERP-O-000889,2026-03-16,North,Apparel,536.9,21.26,778507.54,85635.83,1450.0,0.332,0.0,8563.58,290,2026-03-17T02:00:00+05:30
ERP-O-000890,2026-03-16,North,Electronics,298.59,6.45,2657459.59,186022.17,8900.0,0.3452,0.0,29232.06,161,2026-03-17T02:00:00+05:30
ERP-O-000891,2026-03-16,North,Home,273.89,7.89,712102.31,64089.21,2600.0,0.3429,0.0,7833.13,148,2026-03-17T02:00:00+05:30
ERP-O-000892,2026-03-16,South,Apparel,429.93,17.03,623393.96,68573.34,1450.0,0.3464,0.0,6857.33,232,2026-03-17T02:00:00+05:30
ERP-O-000893,2026-03-16,South,Electronics,263.99,5.7,2349505.37,164465.38,8900.0,0.3287,0.0,25844.56,143,2026-03-17T02:00:00+05:30
ERP-O-000894,2026-03-16,South,Home,227.84,6.56,592372.94,53313.56,2600.0,0.3581,0.0,6516.1,123,2026-03-17T02:00:00+05:30
ERP-O-000895,2026-03-16,East,Apparel,316.62,12.54,459092.05,50500.13,1450.0,0.3402,0.0,5050.01,171,2026-03-17T02:00:00+05:30
ERP-O-000896,2026-03-16,East,Electronics,170.82,3.69,1520305.39,106421.38,8900.0,0.329,0.0,16723.36,92,2026-03-17T02:00:00+05:30
ERP-O-000897,2026-03-16,East,Home,163.18,4.7,424267.04,38184.03,2600.0,0.3003,0.0,4666.94,88,2026-03-17T02:00:00+05:30
ERP-O-000898,2026-03-16,West,Apparel,401.85,15.91,582681.36,64094.95,1450.0,0.321,0.0,6409.49,217,2026-03-17T02:00:00+05:30
ERP-O-000899,2026-03-16,West,Electronics,231.83,5.01,2063258.18,144428.07,8900.0,0.3833,0.0,22695.84,125,2026-03-17T02:00:00+05:30
ERP-O-000900,2026-03-16,West,Home,195.09,5.62,507229.2,45650.63,2600.0,0.3471,0.0,5579.52,105,2026-03-17T02:00:00+05:30
ERP-O-000901,2026-03-17,North,Apparel,556.81,22.05,807368.53,88810.54,1450.0,0.3303,0.0,8881.05,301,2026-03-18T02:00:00+05:30
ERP-O-000902,2026-03-17,North,Electronics,319.14,6.89,2840339.86,198823.79,8900.0,0.3099,0.0,31243.74,173,2026-03-18T02:00:00+05:30
ERP-O-000903,2026-03-17,North,Home,261.65,7.54,680296.77,61226.71,2600.0,0.3281,0.0,7483.26,141,2026-03-18T02:00:00+05:30
ERP-O-000904,2026-03-17,South,Apparel,451.58,17.88,654791.94,72027.11,1450.0,0.3508,0.0,7202.71,244,2026-03-18T02:00:00+05:30
ERP-O-000905,2026-03-17,South,Electronics,256.12,5.53,2279455.02,159561.85,8900.0,0.3369,0.0,25074.01,138,2026-03-18T02:00:00+05:30
ERP-O-000906,2026-03-17,South,Home,226.78,6.53,589620.8,,2600.0,0.3415,0.0,6485.83,123,2026-03-18T02:00:00+05:30
ERP-O-000907,2026-03-17,East,Apparel,307.9,12.19,446448.72,49109.36,1450.0,0.3352,0.0,4910.94,166,2026-03-18T02:00:00+05:30
ERP-O-000908,2026-03-17,East,Electronics,176.38,3.81,1569749.81,109882.49,8900.0,0.3352,0.0,17267.25,95,2026-03-18T02:00:00+05:30
ERP-O-000909,2026-03-17,East,Home,156.92,4.52,407993.0,36719.37,2600.0,0.3397,0.0,4487.92,85,2026-03-18T02:00:00+05:30
ERP-O-000910,2026-03-17,West,Apparel,398.36,15.77,577618.5,63538.04,1450.0,0.3312,0.0,6353.8,215,2026-03-18T02:00:00+05:30
ERP-O-000911,2026-03-17,West,Electronics,236.06,5.1,2100920.42,147064.43,8900.0,0.3488,0.0,23110.12,128,2026-03-18T02:00:00+05:30
ERP-O-000912,2026-03-17,West,Home,190.16,5.48,494406.73,44496.61,2600.0,0.3511,0.0,5438.47,103,2026-03-18T02:00:00+05:30
ERP-O-000913,2026-03-18,North,Apparel,547.03,21.66,793188.72,87250.76,1450.0,0.3504,0.0,8725.08,296,2026-03-19T02:00:00+05:30
ERP-O-000914,2026-03-18,North,Electronics,310.83,6.71,2766384.04,193646.88,8900.0,0.3282,0.0,30430.22,168,2026-03-19T02:00:00+05:30
ERP-O-000915,2026-03-18,North,Home,258.13,7.43,671133.98,60402.06,2600.0,0.3281,0.0,7382.47,140,2026-03-19T02:00:00+05:30
ERP-O-000916,2026-03-18,South,Apparel,456.09,18.06,661337.69,72747.15,1450.0,0.3341,0.0,7274.71,247,2026-03-19T02:00:00+05:30
ERP-O-000917,2026-03-18,South,Electronics,267.43,5.78,2380098.29,166606.88,8900.0,0.3263,0.0,26181.08,145,2026-03-19T02:00:00+05:30
ERP-O-000918,2026-03-18,South,Home,251.08,7.23,652810.73,58752.97,2600.0,0.3622,0.0,7180.92,136,2026-03-19T02:00:00+05:30
ERP-O-000919,2026-03-18,East,Apparel,310.65,12.3,450440.71,49548.48,1450.0,0.3825,0.0,4954.85,168,2026-03-19T02:00:00+05:30
ERP-O-000920,2026-03-18,East,Electronics,165.59,3.58,1473729.03,103161.03,8900.0,0.3319,0.0,16211.02,90,2026-03-19T02:00:00+05:30
ERP-O-000921,2026-03-18,East,Home,163.73,4.72,425690.38,38312.13,2600.0,0.3233,0.0,4682.59,89,2026-03-19T02:00:00+05:30
ERP-O-000922,2026-03-18,West,Apparel,428.65,16.97,621541.63,68369.58,1450.0,0.3765,0.0,6836.96,232,2026-03-19T02:00:00+05:30
ERP-O-000923,2026-03-18,West,Electronics,231.52,5.0,2060537.71,144237.64,8900.0,0.3162,0.0,22665.91,125,2026-03-19T02:00:00+05:30
ERP-O-000924,2026-03-18,West,Home,216.81,6.24,563706.77,50733.61,2600.0,0.3325,0.0,6200.77,117,2026-03-19T02:00:00+05:30
ERP-O-000925,2026-03-19,North,Apparel,492.68,19.51,714382.61,78582.09,1450.0,0.3386,0.0,7858.21,266,2026-03-20T02:00:00+05:30
ERP-O-000926,2026-03-19,North,Electronics,301.77,6.52,2685740.27,188001.82,8900.0,0.3801,0.0,29543.14,163,2026-03-20T02:00:00+05:30
ERP-O-000927,2026-03-19,North,Home,281.76,8.11,732579.71,65932.17,2600.0,0.3322,0.0,8058.38,152,2026-03-20T02:00:00+05:30
ERP-O-000928,2026-03-19,South,Apparel,425.0,16.83,616248.29,67787.31,1450.0,0.3392,0.0,6778.73,230,2026-03-20T02:00:00+05:30
ERP-O-000929,2026-03-19,South,Electronics,260.39,5.62,2317470.31,162222.92,8900.0,0.3442,0.0,25492.17,141,2026-03-20T02:00:00+05:30
ERP-O-000930,2026-03-19,South,Home,249.74,7.19,649320.29,58438.83,2600.0,0.3808,0.0,7142.52,135,2026-03-20T02:00:00+05:30
ERP-O-000931,2026-03-19,East,Apparel,297.35,11.78,431156.49,47427.21,1450.0,0.3311,0.0,4742.72,161,2026-03-20T02:00:00+05:30
ERP-O-000932,2026-03-19,East,Electronics,175.09,3.78,1558294.99,109080.65,8900.0,0.3732,0.0,17141.24,95,2026-03-20T02:00:00+05:30
ERP-O-000933,2026-03-19,East,Home,155.78,4.49,405025.06,36452.26,2600.0,0.3362,0.0,4455.28,84,2026-03-20T02:00:00+05:30
ERP-O-000934,2026-03-19,West,Apparel,409.4,16.21,593635.6,65299.92,1450.0,0.3082,0.0,6529.99,221,2026-03-20T02:00:00+05:30
ERP-O-000935,2026-03-19,West,Electronics,223.38,4.83,1988090.16,139166.31,8900.0,0.37,0.0,21868.99,121,2026-03-20T02:00:00+05:30
ERP-O-000936,2026-03-19,West,Home,198.38,5.71,515786.5,46420.79,2600.0,0.3577,0.0,5673.65,107,2026-03-20T02:00:00+05:30
ERP-O-000937,2026-03-20,North,Apparel,527.53,20.89,764922.72,84141.5,1450.0,0.3483,0.0,8414.15,285,2026-03-21T02:00:00+05:30
ERP-O-000938,2026-03-20,North,Electronics,298.21,6.44,2654053.88,185783.77,8900.0,0.3429,0.0,29194.59,161,2026-03-21T02:00:00+05:30
ERP-O-000939,2026-03-20,North,Home,265.35,7.64,689908.51,62091.77,2600.0,0.343,0.0,7588.99,143,2026-03-21T02:00:00+05:30
ERP-O-000940,2026-03-20,South,Apparel,449.38,17.8,651599.78,71675.98,1450.0,0.3295,0.0,7167.6,243,2026-03-21T02:00:00+05:30
ERP-O-000941,2026-03-20,South,Electronics,252.63,5.46,2248427.84,157389.95,8900.0,0.3293,0.0,24732.71,137,2026-03-21T02:00:00+05:30
ERP-O-000942,2026-03-20,South,Home,243.86,7.02,634032.06,57062.89,2600.0,0.3714,0.0,6974.35,132,2026-03-21T02:00:00+05:30
ERP-O-000943,2026-03-20,East,Apparel,295.12,11.69,427929.45,47072.24,1450.0,0.3346,0.0,4707.22,160,2026-03-21T02:00:00+05:30
ERP-O-000944,2026-03-20,East,Electronics,186.98,4.04,1664162.38,116491.37,8900.0,0.3679,0.0,18305.79,101,2026-03-21T02:00:00+05:30
ERP-O-000945,2026-03-20,East,Home,149.99,4.32,389967.35,35097.06,2600.0,0.356,0.0,4289.64,81,2026-03-21T02:00:00+05:30
ERP-O-000946,2026-03-20,West,Apparel,374.72,14.84,543342.73,59767.7,1450.0,0.3416,0.0,5976.77,203,2026-03-21T02:00:00+05:30
ERP-O-000947,2026-03-20,West,Electronics,252.51,5.45,2247359.3,157315.15,8900.0,0.3247,0.0,24720.95,136,2026-03-21T02:00:00+05:30
ERP-O-000948,2026-03-20,West,Home,194.95,5.61,506882.04,45619.38,2600.0,0.3929,0.0,5575.7,105,2026-03-21T02:00:00+05:30
ERP-O-000949,2026-03-21,North,Apparel,610.68,24.18,885484.31,97403.27,1450.0,0.3542,0.0,9740.33,330,2026-03-22T02:00:00+05:30
ERP-O-000950,2026-03-21,North,Electronics,365.81,7.9,3255692.23,227898.46,8900.0,0.3389,0.0,35812.61,198,2026-03-22T02:00:00+05:30
ERP-O-000951,2026-03-21,North,Home,303.33,8.74,788661.19,70979.51,2600.0,0.3399,0.0,8675.27,164,2026-03-22T02:00:00+05:30
ERP-O-000952,2026-03-21,South,Apparel,517.86,20.51,750895.38,82598.49,1450.0,0.361,0.0,8259.85,280,2026-03-22T02:00:00+05:30
ERP-O-000953,2026-03-21,South,Electronics,320.79,6.93,2855026.27,199851.84,8900.0,0.3193,0.0,31405.29,173,2026-03-22T02:00:00+05:30
ERP-O-000954,2026-03-21,South,Home,285.91,8.23,743366.27,66902.96,2600.0,0.3233,0.0,8177.03,155,2026-03-22T02:00:00+05:30
ERP-O-000955,2026-03-21,East,Apparel,368.85,14.61,534827.05,58830.97,1450.0,0.3299,0.0,5883.1,199,2026-03-22T02:00:00+05:30
ERP-O-000956,2026-03-21,East,Electronics,213.29,4.61,1898279.27,132879.55,8900.0,0.316,0.0,20881.07,115,2026-03-22T02:00:00+05:30
ERP-O-000957,2026-03-21,East,Home,190.1,5.47,494268.21,44484.14,2600.0,0.3598,0.0,5436.95,103,2026-03-22T02:00:00+05:30
ERP-O-000958,2026-03-21,West,Apparel,474.7,18.8,688312.73,75714.4,1450.0,0.3559,0.0,7571.44,257,2026-03-22T02:00:00+05:30
ERP-O-000959,2026-03-21,West,Electronics,244.91,5.29,2179684.19,152577.89,8900.0,0.3664,0.0,23976.53,132,2026-03-22T02:00:00+05:30
ERP-O-000960,2026-03-21,West,Home,240.66,6.93,625710.45,56313.94,2600.0,0.3527,0.0,6882.81,130,2026-03-22T02:00:00+05:30
ERP-O-000961,2026-03-22,North,Apparel,621.65,24.62,901396.28,99153.59,1450.0,0.3234,0.0,9915.36,336,2026-03-23T02:00:00+05:30
ERP-O-000962,2026-03-22,North,Electronics,355.31,7.67,3162269.66,221358.88,8900.0,0.3307,0.0,34784.97,192,2026-03-23T02:00:00+05:30
ERP-O-000963,2026-03-22,North,Home,330.93,9.53,860418.26,77437.64,2600.0,0.3563,0.0,9464.6,179,2026-03-23T02:00:00+05:30
ERP-O-000964,2026-03-22,South,Apparel,528.85,20.94,766827.58,84351.03,1450.0,0.3601,0.0,8435.1,286,2026-03-23T02:00:00+05:30
ERP-O-000965,2026-03-22,South,Electronics,294.56,6.36,2621597.08,183511.8,8900.0,0.3745,0.0,28837.57,159,2026-03-23T02:00:00+05:30
ERP-O-000966,2026-03-22,South,Home,289.69,8.34,753184.75,67786.63,2600.0,0.3375,0.0,8285.03,157,2026-03-23T02:00:00+05:30
ERP-O-000967,2026-03-22,East,Apparel,365.47,14.47,529927.74,58292.05,1450.0,0.3706,0.0,5829.21,198,2026-03-23T02:00:00+05:30
ERP-O-000968,2026-03-22,East,Electronics,216.13,4.67,1923526.65,134646.87,8900.0,0.3377,0.0,21158.79,117,2026-03-23T02:00:00+05:30
ERP-O-000969,2026-03-22,East,Home,194.31,5.6,505213.02,45469.17,2600.0,0.3438,0.0,5557.34,105,2026-03-23T02:00:00+05:30
ERP-O-000970,2026-03-22,West,Apparel,451.09,17.86,654074.33,71948.18,1450.0,0.3595,0.0,7194.82,244,2026-03-23T02:00:00+05:30
ERP-O-000971,2026-03-22,West,Electronics,277.89,6.0,2473220.28,173125.42,8900.0,0.2978,0.0,27205.42,150,2026-03-23T02:00:00+05:30
ERP-O-000972,2026-03-22,West,Home,241.59,6.96,628142.51,56532.83,2600.0,0.3506,0.0,6909.57,131,2026-03-23T02:00:00+05:30
ERP-O-000973,2026-03-23,North,Apparel,532.81,21.1,772574.6,84983.21,1450.0,0.3288,0.0,8498.32,288,2026-03-24T02:00:00+05:30
ERP-O-000974,2026-03-23,North,Electronics,298.41,6.45,2655830.79,185908.16,8900.0,0.3195,0.0,29214.14,161,2026-03-24T02:00:00+05:30
ERP-O-000975,2026-03-23,North,Home,290.54,8.37,755394.58,67985.51,2600.0,0.3137,0.0,8309.34,157,2026-03-24T02:00:00+05:30
ERP-O-000976,2026-03-23,South,Apparel,450.43,17.84,653129.26,71844.22,1450.0,0.3102,0.0,7184.42,243,2026-03-24T02:00:00+05:30
ERP-O-000977,2026-03-23,South,Electronics,264.1,5.7,2350528.79,164537.02,8900.0,0.3294,0.0,25855.82,143,2026-03-24T02:00:00+05:30
ERP-O-000978,2026-03-23,South,Home,241.83,6.96,628753.38,56587.8,2600.0,0.3728,0.0,6916.29,131,2026-03-24T02:00:00+05:30
ERP-O-000979,2026-03-23,East,Apparel,307.78,12.19,446283.04,49091.13,1450.0,0.3454,0.0,4909.11,166,2026-03-24T02:00:00+05:30
ERP-O-000980,2026-03-23,East,Electronics,181.58,3.92,1616068.74,,8900.0,0.34,0.0,17776.76,98,2026-03-24T02:00:00+05:30
ERP-O-000981,2026-03-23,East,Home,177.69,5.12,461990.88,41579.18,2600.0,0.3754,0.0,5081.9,96,2026-03-24T02:00:00+05:30
ERP-O-000982,2026-03-23,West,Apparel,398.02,15.76,577126.07,63483.87,1450.0,0.3545,0.0,6348.39,215,2026-03-24T02:00:00+05:30
ERP-O-000983,2026-03-23,West,Electronics,247.36,5.34,2201535.02,154107.45,8900.0,0.3835,0.0,24216.89,134,2026-03-24T02:00:00+05:30
ERP-O-000984,2026-03-23,West,Home,220.16,6.34,572425.5,51518.3,2600.0,0.3151,0.0,6296.68,119,2026-03-24T02:00:00+05:30
ERP-O-000985,2026-03-24,North,Apparel,523.61,20.73,759228.97,83515.19,1450.0,0.3229,0.0,8351.52,283,2026-03-25T02:00:00+05:30
ERP-O-000986,2026-03-24,North,Electronics,326.21,7.05,2903239.43,203226.76,8900.0,0.3243,0.0,31935.63,176,2026-03-25T02:00:00+05:30
ERP-O-000987,2026-03-24,North,Home,262.22,7.55,681767.09,61359.04,2600.0,0.3255,0.0,7499.44,142,2026-03-25T02:00:00+05:30
ERP-O-000988,2026-03-24,South,Apparel,451.57,17.88,654772.11,72024.93,1450.0,0.3094,0.0,7202.49,244,2026-03-25T02:00:00+05:30
ERP-O-000989,2026-03-24,South,Electronics,251.69,5.44,2240034.49,156802.41,8900.0,0.3685,0.0,24640.38,136,2026-03-25T02:00:00+05:30
ERP-O-000990,2026-03-24,South,Home,238.06,6.86,618961.4,55706.53,2600.0,0.3341,0.0,6808.58,129,2026-03-25T02:00:00+05:30
ERP-O-000991,2026-03-24,East,Apparel,314.93,12.47,456644.79,50230.93,1450.0,0.3648,0.0,5023.09,170,2026-03-25T02:00:00+05:30
ERP-O-000992,2026-03-24,East,Electronics,167.23,3.61,1488305.19,104181.36,8900.0,0.3398,0.0,16371.36,90,2026-03-25T02:00:00+05:30
ERP-O-000993,2026-03-24,East,Home,164.25,4.73,427043.27,38433.89,2600.0,0.3303,0.0,4697.48,89,2026-03-25T02:00:00+05:30
ERP-O-000994,2026-03-24,West,Apparel,392.78,15.55,569535.0,62648.85,1450.0,0.3493,0.0,6264.89,212,2026-03-25T02:00:00+05:30
ERP-O-000995,2026-03-24,West,Electronics,231.68,5.0,2061978.04,144338.46,8900.0,0.3175,0.0,22681.76,125,2026-03-25T02:00:00+05:30
ERP-O-000996,2026-03-24,West,Home,222.29,6.4,577958.6,52016.27,2600.0,0.3265,0.0,6357.54,120,2026-03-25T02:00:00+05:30
ERP-O-000997,2026-03-25,North,Apparel,522.06,20.67,756987.77,83268.65,1450.0,0.3433,0.0,8326.87,282,2026-03-26T02:00:00+05:30
ERP-O-000998,2026-03-25,North,Electronics,306.6,6.62,2728701.86,191009.13,8900.0,0.3922,0.0,30015.72,166,2026-03-26T02:00:00+05:30
ERP-O-000999,2026-03-25,North,Home,276.39,7.96,718608.05,64674.72,2600.0,0.3282,0.0,7904.69,149,2026-03-26T02:00:00+05:30
ERP-O-001000,2026-03-25,South,Apparel,447.55,17.72,648947.12,71384.18,1450.0,0.3614,0.0,7138.42,242,2026-03-26T02:00:00+05:30
ERP-O-001001,2026-03-25,South,Electronics,256.45,5.54,2282375.3,159766.27,8900.0,0.3395,0.0,25106.13,139,2026-03-26T02:00:00+05:30
ERP-O-001002,2026-03-25,South,Home,242.87,6.99,631455.97,56831.04,2600.0,0.3106,0.0,6946.02,131,2026-03-26T02:00:00+05:30
ERP-O-001003,2026-03-25,East,Apparel,322.86,12.79,468144.83,51495.93,1450.0,0.3034,0.0,5149.59,175,2026-03-26T02:00:00+05:30
ERP-O-001004,2026-03-25,East,Electronics,175.92,3.8,1565655.88,109595.91,8900.0,0.3278,0.0,17222.21,95,2026-03-26T02:00:00+05:30
ERP-O-001005,2026-03-25,East,Home,167.05,4.81,434319.06,39088.72,2600.0,0.3336,0.0,4777.51,90,2026-03-26T02:00:00+05:30
ERP-O-001006,2026-03-25,West,Apparel,395.08,15.64,572858.97,63014.49,1450.0,0.3092,0.0,6301.45,214,2026-03-26T02:00:00+05:30
ERP-O-001007,2026-03-25,West,Electronics,245.73,5.31,2187041.06,153092.87,8900.0,0.2837,0.0,24057.45,133,2026-03-26T02:00:00+05:30
ERP-O-001008,2026-03-25,West,Home,215.39,6.2,560009.93,50400.89,2600.0,0.3422,0.0,6160.11,116,2026-03-26T02:00:00+05:30
ERP-O-001009,2026-03-26,North,Apparel,504.41,19.97,731391.94,80453.11,1450.0,0.3425,0.0,8045.31,273,2026-03-27T02:00:00+05:30
ERP-O-001010,2026-03-26,North,Electronics,293.73,6.34,2614196.77,182993.77,8900.0,0.3336,0.0,28756.16,159,2026-03-27T02:00:00+05:30
ERP-O-001011,2026-03-26,North,Home,272.37,7.84,708168.28,63735.14,2600.0,0.3419,0.0,7789.85,147,2026-03-27T02:00:00+05:30
ERP-O-001012,2026-03-26,South,Apparel,468.17,18.54,678843.26,74672.76,1450.0,0.3464,0.0,7467.28,253,2026-03-27T02:00:00+05:30
ERP-O-001013,2026-03-26,South,Electronics,240.75,5.2,2142640.86,149984.86,8900.0,0.3551,0.0,23569.05,130,2026-03-27T02:00:00+05:30
ERP-O-001014,2026-03-26,South,Home,234.56,6.76,609862.96,54887.67,2600.0,0.3603,0.0,6708.49,127,2026-03-27T02:00:00+05:30
ERP-O-001015,2026-03-26,East,Apparel,310.36,12.29,450027.5,49503.03,1450.0,0.3536,0.0,4950.3,168,2026-03-27T02:00:00+05:30
ERP-O-001016,2026-03-26,East,Electronics,175.62,3.79,1563030.84,109412.16,8900.0,0.3405,0.0,17193.34,95,2026-03-27T02:00:00+05:30
ERP-O-001017,2026-03-26,East,Home,162.23,4.67,421797.83,37961.8,2600.0,0.3695,0.0,4639.78,88,2026-03-27T02:00:00+05:30
ERP-O-001018,2026-03-26,West,Apparel,389.82,15.44,565234.25,62175.77,1450.0,0.3318,0.0,6217.58,211,2026-03-27T02:00:00+05:30
ERP-O-001019,2026-03-26,West,Electronics,227.35,4.91,2023406.01,141638.42,8900.0,0.3358,0.0,22257.47,123,2026-03-27T02:00:00+05:30
ERP-O-001020,2026-03-26,West,Home,196.11,5.65,509875.43,45888.79,2600.0,0.3903,0.0,5608.63,106,2026-03-27T02:00:00+05:30
ERP-O-001021,2026-03-27,North,Apparel,563.01,22.3,816370.64,89800.77,1450.0,0.3267,0.0,8980.08,304,2026-03-28T02:00:00+05:30
ERP-O-001022,2026-03-27,North,Electronics,296.53,6.41,2639126.41,184738.85,8900.0,0.341,0.0,29030.39,160,2026-03-28T02:00:00+05:30
ERP-O-001023,2026-03-27,North,Home,256.5,7.39,666905.78,60021.52,2600.0,0.3668,0.0,7335.96,139,2026-03-28T02:00:00+05:30
ERP-O-001024,2026-03-27,South,Apparel,428.25,16.96,620968.88,68306.58,1450.0,0.3298,0.0,6830.66,231,2026-03-28T02:00:00+05:30
ERP-O-001025,2026-03-27,South,Electronics,241.99,5.23,2153711.84,150759.83,8900.0,0.3595,0.0,23690.83,131,2026-03-28T02:00:00+05:30
ERP-O-001026,2026-03-27,South,Home,259.48,7.47,674651.98,60718.68,2600.0,0.3231,0.0,7421.17,140,2026-03-28T02:00:00+05:30
ERP-O-001027,2026-03-27,East,Apparel,308.67,12.22,447575.9,49233.35,1450.0,0.3171,0.0,4923.33,167,2026-03-28T02:00:00+05:30
ERP-O-001028,2026-03-27,East,Electronics,165.96,3.58,1477031.92,103392.23,8900.0,0.3609,0.0,16247.35,90,2026-03-28T02:00:00+05:30
ERP-O-001029,2026-03-27,East,Home,162.12,4.67,421510.35,37935.93,2600.0,0.3507,0.0,4636.61,88,2026-03-28T02:00:00+05:30
ERP-O-001030,2026-03-27,West,Apparel,411.98,16.31,597366.2,65710.28,1450.0,0.3701,0.0,6571.03,223,2026-03-28T02:00:00+05:30
ERP-O-001031,2026-03-27,West,Electronics,242.71,5.24,2160149.06,151210.43,8900.0,0.3368,0.0,23761.64,131,2026-03-28T02:00:00+05:30
ERP-O-001032,2026-03-27,West,Home,203.04,5.85,527895.84,47510.63,2600.0,0.3624,0.0,5806.85,110,2026-03-28T02:00:00+05:30
ERP-O-001033,2026-03-28,North,Apparel,668.33,26.47,969075.16,106598.27,1450.0,0.307,0.0,10659.83,361,2026-03-29T02:00:00+05:30
ERP-O-001034,2026-03-28,North,Electronics,354.37,7.65,3153905.41,220773.38,8900.0,0.3253,0.0,34692.96,192,2026-03-29T02:00:00+05:30
ERP-O-001035,2026-03-28,North,Home,303.93,8.75,790207.89,71118.71,2600.0,0.355,0.0,8692.29,164,2026-03-29T02:00:00+05:30
ERP-O-001036,2026-03-28,South,Apparel,522.04,20.67,756959.26,83265.52,1450.0,0.3528,0.0,8326.55,282,2026-03-29T02:00:00+05:30
ERP-O-001037,2026-03-28,South,Electronics,305.34,6.6,2717548.15,190228.37,8900.0,0.3662,0.0,29893.03,165,2026-03-29T02:00:00+05:30
ERP-O-001038,2026-03-28,South,Home,285.43,8.22,742116.41,66790.48,2600.0,0.3772,0.0,8163.28,154,2026-03-29T02:00:00+05:30
ERP-O-001039,2026-03-28,East,Apparel,388.42,15.38,563206.15,61952.68,1450.0,0.3262,0.0,6195.27,210,2026-03-29T02:00:00+05:30
ERP-O-001040,2026-03-28,East,Electronics,215.24,4.65,1915673.58,134097.15,8900.0,0.3416,0.0,21072.41,116,2026-03-29T02:00:00+05:30
ERP-O-001041,2026-03-28,East,Home,202.37,5.83,526149.02,47353.41,2600.0,0.3118,0.0,5787.64,109,2026-03-29T02:00:00+05:30
ERP-O-001042,2026-03-28,West,Apparel,485.96,19.24,704647.21,77511.19,1450.0,0.3446,0.0,7751.12,263,2026-03-29T02:00:00+05:30
ERP-O-001043,2026-03-28,West,Electronics,289.47,6.25,2576282.47,180339.77,8900.0,0.3744,0.0,28339.11,156,2026-03-29T02:00:00+05:30
ERP-O-001044,2026-03-28,West,Home,236.94,6.82,616041.16,55443.7,2600.0,0.3528,0.0,6776.45,128,2026-03-29T02:00:00+05:30
ERP-O-001045,2026-03-29,North,Apparel,611.11,24.2,886103.93,97471.43,1450.0,0.3268,0.0,9747.14,330,2026-03-30T02:00:00+05:30
ERP-O-001046,2026-03-29,North,Electronics,372.93,8.06,3319108.92,232337.62,8900.0,0.3147,0.0,36510.2,202,2026-03-30T02:00:00+05:30
ERP-O-001047,2026-03-29,North,Home,286.13,8.24,743947.56,66955.28,2600.0,0.352,0.0,8183.42,155,2026-03-30T02:00:00+05:30
ERP-O-001048,2026-03-29,South,Apparel,545.96,21.62,791641.16,87080.53,1450.0,0.3471,0.0,8708.05,295,2026-03-30T02:00:00+05:30
ERP-O-001049,2026-03-29,South,Electronics,314.96,6.8,2803151.85,196220.63,8900.0,0.3144,0.0,30834.67,170,2026-03-30T02:00:00+05:30
ERP-O-001050,2026-03-29,South,Home,294.39,8.48,765421.25,68887.91,2600.0,0.3174,0.0,8419.63,159,2026-03-30T02:00:00+05:30
ERP-O-001051,2026-03-29,East,Apparel,362.76,14.37,525994.8,57859.43,1450.0,0.3285,0.0,5785.94,196,2026-03-30T02:00:00+05:30
ERP-O-001052,2026-03-29,East,Electronics,207.71,4.49,1848606.52,129402.46,8900.0,0.3543,0.0,20334.67,112,2026-03-30T02:00:00+05:30
ERP-O-001053,2026-03-29,East,Home,174.86,5.04,454624.82,40916.23,2600.0,0.3233,0.0,5000.87,95,2026-03-30T02:00:00+05:30
ERP-O-001054,2026-03-29,West,Apparel,488.31,19.34,708052.35,77885.76,1450.0,0.3477,0.0,7788.58,264,2026-03-30T02:00:00+05:30
ERP-O-001055,2026-03-29,West,Electronics,275.16,5.94,2448943.92,171426.07,8900.0,0.3327,0.0,26938.38,149,2026-03-30T02:00:00+05:30
ERP-O-001056,2026-03-29,West,Home,247.42,7.13,643284.98,57895.65,2600.0,0.3448,0.0,7076.13,134,2026-03-30T02:00:00+05:30
ERP-O-001057,2026-03-30,North,Apparel,515.56,20.42,747559.25,82231.52,1450.0,0.3524,0.0,8223.15,279,2026-03-31T02:00:00+05:30
ERP-O-001058,2026-03-30,North,Electronics,342.29,7.39,3046357.89,213245.05,8900.0,0.3203,0.0,33509.94,185,2026-03-31T02:00:00+05:30
ERP-O-001059,2026-03-30,North,Home,294.06,8.47,764549.11,68809.42,2600.0,0.3519,0.0,8410.04,159,2026-03-31T02:00:00+05:30
ERP-O-001060,2026-03-30,South,Apparel,442.47,17.52,641583.98,70574.24,1450.0,0.3319,0.0,7057.42,239,2026-03-31T02:00:00+05:30
ERP-O-001061,2026-03-30,South,Electronics,247.02,5.34,2198441.7,153890.92,8900.0,0.3335,0.0,24182.86,134,2026-03-31T02:00:00+05:30
ERP-O-001062,2026-03-30,South,Home,236.41,6.81,614666.1,55319.95,2600.0,0.3413,0.0,6761.33,128,2026-03-31T02:00:00+05:30
ERP-O-001063,2026-03-30,East,Apparel,319.52,12.65,463299.74,50962.97,1450.0,0.3074,0.0,5096.3,173,2026-03-31T02:00:00+05:30
ERP-O-001064,2026-03-30,East,Electronics,171.71,3.71,1528232.18,106976.25,8900.0,0.3119,0.0,16810.55,93,2026-03-31T02:00:00+05:30
ERP-O-001065,2026-03-30,East,Home,161.63,4.65,420232.66,37820.94,2600.0,0.3328,0.0,4622.56,87,2026-03-31T02:00:00+05:30
ERP-O-001066,2026-03-30,West,Apparel,411.17,16.28,596193.44,65581.28,1450.0,0.3192,0.0,6558.13,222,2026-03-31T02:00:00+05:30
ERP-O-001067,2026-03-30,West,Electronics,251.99,5.44,2242679.84,156987.59,8900.0,0.3287,0.0,24669.48,136,2026-03-31T02:00:00+05:30
ERP-O-001068,2026-03-30,West,Home,205.77,5.93,535010.93,48150.98,2600.0,0.3316,0.0,5885.12,111,2026-03-31T02:00:00+05:30
ERP-O-001069,2026-03-31,North,Apparel,548.26,21.71,794977.93,87447.57,1450.0,0.3367,0.0,8744.76,296,2026-04-01T02:00:00+05:30
ERP-O-001070,2026-03-31,North,Electronics,296.75,6.41,2641104.33,184877.3,8900.0,0.3434,0.0,29052.15,160,2026-04-01T02:00:00+05:30
ERP-O-001071,2026-03-31,North,Home,264.02,7.6,686452.2,61780.7,2600.0,0.3251,0.0,7550.97,143,2026-04-01T02:00:00+05:30
ERP-O-001072,2026-03-31,South,Apparel,435.07,17.23,630847.33,69393.21,1450.0,0.3175,0.0,6939.32,235,2026-04-01T02:00:00+05:30
ERP-O-001073,2026-03-31,South,Electronics,263.74,5.7,2347280.91,164309.66,8900.0,0.3273,0.0,25820.09,143,2026-04-01T02:00:00+05:30
ERP-O-001074,2026-03-31,South,Home,245.34,7.07,637880.47,57409.24,2600.0,0.3337,0.0,7016.69,133,2026-04-01T02:00:00+05:30
ERP-O-001075,2026-03-31,East,Apparel,291.15,11.53,422164.01,46438.04,1450.0,0.3307,0.0,4643.8,157,2026-04-01T02:00:00+05:30
ERP-O-001076,2026-03-31,East,Electronics,173.16,3.74,1541145.47,107880.18,8900.0,0.3156,0.0,16952.6,94,2026-04-01T02:00:00+05:30
ERP-O-001077,2026-03-31,East,Home,169.88,4.89,441697.26,39752.75,2600.0,0.3573,0.0,4858.67,92,2026-04-01T02:00:00+05:30
ERP-O-001078,2026-03-31,West,Apparel,378.49,14.99,548815.11,60369.66,1450.0,0.3333,0.0,6036.97,205,2026-04-01T02:00:00+05:30
ERP-O-001079,2026-03-31,West,Electronics,238.84,5.16,2125672.02,148797.04,8900.0,0.3567,0.0,23382.39,129,2026-04-01T02:00:00+05:30
ERP-O-001080,2026-03-31,West,Home,203.41,5.86,528855.53,47597.0,2600.0,0.2972,0.0,5817.41,110,2026-04-01T02:00:00+05:30
ERP-O-001081,2026-04-01,North,Apparel,514.05,20.36,745365.3,81990.18,1450.0,0.3398,0.0,8199.02,278,2026-04-02T02:00:00+05:30
ERP-O-001082,2026-04-01,North,Electronics,321.3,6.94,2859560.08,200169.21,8900.0,0.3338,0.0,31455.16,174,2026-04-02T02:00:00+05:30
ERP-O-001083,2026-04-01,North,Home,263.13,7.58,684149.15,61573.42,2600.0,0.3085,0.0,7525.64,142,2026-04-02T02:00:00+05:30
ERP-O-001084,2026-04-01,South,Apparel,453.93,17.98,658200.4,72402.04,1450.0,0.3491,0.0,7240.2,245,2026-04-02T02:00:00+05:30
ERP-O-001085,2026-04-01,South,Electronics,237.87,5.14,2117066.35,148194.64,8900.0,0.3645,0.0,23287.73,129,2026-04-02T02:00:00+05:30
ERP-O-001086,2026-04-01,South,Home,233.83,6.73,607962.31,54716.61,2600.0,0.3345,0.0,6687.59,126,2026-04-02T02:00:00+05:30
ERP-O-001087,2026-04-01,East,Apparel,305.15,12.08,442467.9,48671.47,1450.0,0.367,0.0,4867.15,165,2026-04-02T02:00:00+05:30
ERP-O-001088,2026-04-01,East,Electronics,169.45,3.66,1508103.59,105567.25,8900.0,0.3103,0.0,16589.14,92,2026-04-02T02:00:00+05:30
ERP-O-001089,2026-04-01,East,Home,177.51,5.11,461525.36,41537.28,2600.0,0.311,0.0,5076.78,96,2026-04-02T02:00:00+05:30
ERP-O-001090,2026-04-01,West,Apparel,402.96,15.96,584290.14,64271.92,1450.0,0.3317,0.0,6427.19,218,2026-04-02T02:00:00+05:30
ERP-O-001091,2026-04-01,West,Electronics,245.5,5.3,2184915.16,152944.06,8900.0,0.3601,0.0,24034.07,133,2026-04-02T02:00:00+05:30
ERP-O-001092,2026-04-01,West,Home,197.9,5.7,514550.62,46309.56,2600.0,0.3348,0.0,5660.06,107,2026-04-02T02:00:00+05:30
ERP-O-001093,2026-04-02,North,Apparel,577.99,22.89,838089.82,92189.88,1450.0,0.3407,0.0,9218.99,312,2026-04-03T02:00:00+05:30
ERP-O-001094,2026-04-02,North,Electronics,302.68,6.54,2693810.6,188566.74,8900.0,0.3282,0.0,29631.92,164,2026-04-03T02:00:00+05:30
ERP-O-001095,2026-04-02,North,Home,264.71,7.62,688240.6,61941.65,2600.0,0.3464,0.0,7570.65,143,2026-04-03T02:00:00+05:30
ERP-O-001096,2026-04-02,South,Apparel,461.13,18.26,668638.22,73550.2,1450.0,0.3691,0.0,7355.02,249,2026-04-03T02:00:00+05:30
ERP-O-001097,2026-04-02,South,Electronics,254.54,5.5,2265376.33,158576.34,8900.0,0.3366,0.0,24919.14,138,2026-04-03T02:00:00+05:30
ERP-O-001098,2026-04-02,South,Home,234.28,6.75,609134.4,54822.1,2600.0,0.3509,0.0,6700.48,127,2026-04-03T02:00:00+05:30
ERP-O-001099,2026-04-02,East,Apparel,306.31,12.13,444144.95,48855.94,1450.0,0.3645,0.0,4885.59,166,2026-04-03T02:00:00+05:30
ERP-O-001100,2026-04-02,East,Electronics,182.3,3.94,1622487.52,113574.13,8900.0,0.3658,0.0,17847.36,99,2026-04-03T02:00:00+05:30
ERP-O-001101,2026-04-02,East,Home,165.57,4.77,430471.09,38742.4,2600.0,0.3694,0.0,4735.18,89,2026-04-03T02:00:00+05:30
ERP-O-001102,2026-04-02,West,Apparel,385.19,15.25,558526.2,61437.88,1450.0,0.333,0.0,6143.79,208,2026-04-03T02:00:00+05:30
ERP-O-001103,2026-04-02,West,Electronics,249.21,5.38,2217944.69,155256.13,8900.0,0.348,0.0,24397.39,135,2026-04-03T02:00:00+05:30
ERP-O-001104,2026-04-02,West,Home,200.08,5.76,520201.83,46818.17,2600.0,0.3188,0.0,5722.22,108,2026-04-03T02:00:00+05:30
ERP-O-001105,2026-04-03,North,Apparel,551.18,21.83,799209.04,87912.99,1450.0,0.3305,0.0,8791.3,298,2026-04-04T02:00:00+05:30
ERP-O-001106,2026-04-03,North,Electronics,316.77,6.84,2819214.34,197345.0,8900.0,0.3556,0.0,31011.36,171,2026-04-04T02:00:00+05:30
ERP-O-001107,2026-04-03,North,Home,267.78,7.71,696236.88,62661.32,2600.0,0.3558,0.0,7658.61,145,2026-04-04T02:00:00+05:30
ERP-O-001108,2026-04-03,South,Apparel,442.66,17.53,641859.56,70604.55,1450.0,0.3422,0.0,7060.46,239,2026-04-04T02:00:00+05:30
ERP-O-001109,2026-04-03,South,Electronics,262.18,5.66,2333443.05,163341.01,8900.0,0.3563,0.0,25667.87,142,2026-04-04T02:00:00+05:30
ERP-O-001110,2026-04-03,South,Home,245.21,7.06,637536.85,57378.32,2600.0,0.3383,0.0,7012.91,133,2026-04-04T02:00:00+05:30
ERP-O-001111,2026-04-03,East,Apparel,302.5,11.98,438625.33,48248.79,1450.0,0.3447,0.0,4824.88,164,2026-04-04T02:00:00+05:30
ERP-O-001112,2026-04-03,East,Electronics,169.78,3.67,1511061.78,105774.32,8900.0,0.337,0.0,16621.68,92,2026-04-04T02:00:00+05:30
ERP-O-001113,2026-04-03,East,Home,162.43,4.68,422316.36,38008.47,2600.0,0.3403,0.0,4645.48,88,2026-04-04T02:00:00+05:30
ERP-O-001114,2026-04-03,West,Apparel,429.56,17.01,622863.67,68515.0,1450.0,0.3311,0.0,6851.5,232,2026-04-04T02:00:00+05:30
ERP-O-001115,2026-04-03,West,Electronics,234.28,5.06,2085085.31,145955.97,8900.0,0.3364,0.0,22935.94,127,2026-04-04T02:00:00+05:30
ERP-O-001116,2026-04-03,West,Home,202.21,5.82,525734.27,47316.08,2600.0,0.3575,0.0,5783.08,109,2026-04-04T02:00:00+05:30
ERP-O-001117,2026-04-04,North,Apparel,608.53,24.1,882374.5,97061.2,1450.0,0.3158,0.0,9706.12,329,2026-04-05T02:00:00+05:30
ERP-O-001118,2026-04-04,North,Electronics,373.93,8.08,3327940.1,232955.81,8900.0,0.3661,0.0,36607.34,202,2026-04-05T02:00:00+05:30
ERP-O-001119,2026-04-04,North,Home,338.04,9.74,878910.71,79101.96,2600.0,0.3269,0.0,9668.02,183,2026-04-05T02:00:00+05:30
ERP-O-001120,2026-04-04,South,Apparel,520.23,20.6,754337.25,82977.1,1450.0,0.3478,0.0,8297.71,281,2026-04-05T02:00:00+05:30
ERP-O-001121,2026-04-04,South,Electronics,323.55,6.99,2879595.08,201571.66,8900.0,0.3011,0.0,31675.55,175,2026-04-05T02:00:00+05:30
ERP-O-001122,2026-04-04,South,Home,268.19,7.72,697300.21,62757.02,2600.0,0.3445,0.0,7670.3,145,2026-04-05T02:00:00+05:30
ERP-O-001123,2026-04-04,East,Apparel,363.62,14.4,527255.45,57998.1,1450.0,0.3573,0.0,5799.81,197,2026-04-05T02:00:00+05:30
ERP-O-001124,2026-04-04,East,Electronics,192.89,4.17,1716681.56,120167.71,8900.0,0.3233,0.0,18883.5,104,2026-04-05T02:00:00+05:30
ERP-O-001125,2026-04-04,East,Home,207.65,5.98,539880.55,48589.25,2600.0,0.3688,0.0,5938.69,112,2026-04-05T02:00:00+05:30
ERP-O-001126,2026-04-04,West,Apparel,488.56,19.35,708418.64,77926.05,1450.0,0.3402,0.0,7792.61,264,2026-04-05T02:00:00+05:30
ERP-O-001127,2026-04-04,West,Electronics,279.2,6.03,2484846.0,173939.22,8900.0,0.3175,0.0,27333.31,151,2026-04-05T02:00:00+05:30
ERP-O-001128,2026-04-04,West,Home,239.99,6.91,623984.5,56158.61,2600.0,0.2948,0.0,6863.83,130,2026-04-05T02:00:00+05:30
ERP-O-001129,2026-04-05,North,Apparel,605.71,23.99,878282.99,96611.13,1450.0,0.3237,0.0,9661.11,327,2026-04-06T02:00:00+05:30
ERP-O-001130,2026-04-05,North,Electronics,415.7,8.98,3699764.05,258983.48,8900.0,0.3457,0.0,40697.4,225,2026-04-06T02:00:00+05:30
ERP-O-001131,2026-04-05,North,Home,343.65,9.9,893483.3,80413.5,2600.0,0.3126,0.0,9828.32,186,2026-04-06T02:00:00+05:30
ERP-O-001132,2026-04-05,South,Apparel,535.91,21.22,777065.37,85477.19,1450.0,0.3537,0.0,8547.72,290,2026-04-06T02:00:00+05:30
ERP-O-001133,2026-04-05,South,Electronics,325.21,7.02,2894372.1,202606.05,8900.0,0.3629,0.0,31838.09,176,2026-04-06T02:00:00+05:30
ERP-O-001134,2026-04-05,South,Home,293.82,8.46,763929.49,68753.65,2600.0,0.3348,0.0,8403.22,159,2026-04-06T02:00:00+05:30
ERP-O-001135,2026-04-05,East,Apparel,366.73,14.52,531755.86,58493.14,1450.0,0.3372,0.0,5849.31,198,2026-04-06T02:00:00+05:30
ERP-O-001136,2026-04-05,East,Electronics,203.63,4.4,1812321.68,126862.52,8900.0,0.3149,0.0,19935.54,110,2026-04-06T02:00:00+05:30
ERP-O-001137,2026-04-05,East,Home,189.89,5.47,493720.35,44434.83,2600.0,0.3191,0.0,5430.92,103,2026-04-06T02:00:00+05:30
ERP-O-001138,2026-04-05,West,Apparel,473.26,18.74,686229.51,75485.25,1450.0,0.357,0.0,7548.52,256,2026-04-06T02:00:00+05:30
ERP-O-001139,2026-04-05,West,Electronics,280.93,6.07,2500256.5,175017.95,8900.0,0.3373,0.0,27502.82,152,2026-04-06T02:00:00+05:30
ERP-O-001140,2026-04-05,West,Home,243.69,7.02,633606.25,57024.56,2600.0,0.3501,0.0,6969.67,132,2026-04-06T02:00:00+05:30
ERP-O-001141,2026-04-06,North,Apparel,512.37,20.29,742937.28,81723.1,1450.0,0.3271,0.0,8172.31,277,2026-04-07T02:00:00+05:30
ERP-O-001142,2026-04-06,North,Electronics,296.89,6.41,2642318.74,184962.31,8900.0,0.3494,0.0,29065.51,160,2026-04-07T02:00:00+05:30
ERP-O-001143,2026-04-06,North,Home,261.17,7.52,679036.57,61113.29,2600.0,0.3245,0.0,7469.4,141,2026-04-07T02:00:00+05:30
ERP-O-001144,2026-04-06,South,Apparel,434.17,17.19,629546.14,69250.08,1450.0,0.3173,0.0,6925.01,235,2026-04-07T02:00:00+05:30
ERP-O-001145,2026-04-06,South,Electronics,267.9,5.79,2384314.91,166902.04,8900.0,0.3159,0.0,26227.46,145,2026-04-07T02:00:00+05:30
ERP-O-001146,2026-04-06,South,Home,237.79,6.85,618256.54,55643.09,2600.0,0.3438,0.0,6800.82,129,2026-04-07T02:00:00+05:30
ERP-O-001147,2026-04-06,East,Apparel,302.9,11.99,439198.91,48311.88,1450.0,0.349,0.0,4831.19,164,2026-04-07T02:00:00+05:30
ERP-O-001148,2026-04-06,East,Electronics,168.76,3.65,1501932.34,105135.26,8900.0,0.3539,0.0,16521.26,91,2026-04-07T02:00:00+05:30
ERP-O-001149,2026-04-06,East,Home,153.98,4.43,400353.73,36031.84,2600.0,0.3469,0.0,4403.89,83,2026-04-07T02:00:00+05:30
ERP-O-001150,2026-04-06,West,Apparel,392.74,15.55,569476.43,62642.41,1450.0,0.3146,0.0,6264.24,212,2026-04-07T02:00:00+05:30
ERP-O-001151,2026-04-06,West,Electronics,235.56,5.09,2096441.06,146750.87,8900.0,0.3478,0.0,23060.85,127,2026-04-07T02:00:00+05:30
ERP-O-001152,2026-04-06,West,Home,214.63,6.18,558031.73,50222.86,2600.0,0.344,0.0,6138.35,116,2026-04-07T02:00:00+05:30
ERP-O-001153,2026-04-07,North,Apparel,540.67,21.41,783975.19,86237.27,1450.0,0.3031,0.0,8623.73,292,2026-04-08T02:00:00+05:30
ERP-O-001154,2026-04-07,North,Electronics,316.13,6.83,2813584.11,196950.89,8900.0,0.3477,0.0,30949.43,171,2026-04-08T02:00:00+05:30
ERP-O-001155,2026-04-07,North,Home,265.87,7.66,691269.39,62214.25,2600.0,0.3384,0.0,7603.96,144,2026-04-08T02:00:00+05:30
ERP-O-001156,2026-04-07,South,Apparel,432.43,17.12,627025.11,68972.76,1450.0,0.3349,0.0,6897.28,234,2026-04-08T02:00:00+05:30
ERP-O-001157,2026-04-07,South,Electronics,266.99,5.77,2376205.4,166334.38,8900.0,0.3444,0.0,26138.26,144,2026-04-08T02:00:00+05:30
ERP-O-001158,2026-04-07,South,Home,236.58,6.81,615097.58,55358.78,2600.0,0.3473,0.0,6766.07,128,2026-04-08T02:00:00+05:30
ERP-O-001159,2026-04-07,East,Apparel,292.16,11.57,423637.51,46600.13,1450.0,0.3504,0.0,4660.01,158,2026-04-08T02:00:00+05:30
ERP-O-001160,2026-04-07,East,Electronics,175.16,3.78,1558967.04,109127.69,8900.0,0.3297,0.0,17148.64,95,2026-04-08T02:00:00+05:30
ERP-O-001161,2026-04-07,East,Home,156.53,4.51,406983.56,36628.52,2600.0,0.3585,0.0,4476.82,85,2026-04-08T02:00:00+05:30
ERP-O-001162,2026-04-07,West,Apparel,386.67,15.31,560671.29,61673.84,1450.0,0.3452,0.0,6167.38,209,2026-04-08T02:00:00+05:30
ERP-O-001163,2026-04-07,West,Electronics,244.32,5.28,2174471.04,,8900.0,0.3407,0.0,23919.18,132,2026-04-08T02:00:00+05:30
ERP-O-001164,2026-04-07,West,Home,213.59,6.15,555324.11,49979.17,2600.0,0.3641,0.0,6108.57,115,2026-04-08T02:00:00+05:30
ERP-O-001165,2026-04-08,North,Apparel,554.83,21.97,804507.0,88495.77,1450.0,0.3469,0.0,8849.58,300,2026-04-09T02:00:00+05:30
ERP-O-001166,2026-04-08,North,Electronics,312.28,6.75,2779311.91,194551.83,8900.0,0.314,0.0,30572.43,169,2026-04-09T02:00:00+05:30
ERP-O-001167,2026-04-08,North,Home,253.23,7.29,658401.78,59256.16,2600.0,0.3487,0.0,7242.42,137,2026-04-09T02:00:00+05:30
ERP-O-001168,2026-04-08,South,Apparel,462.42,18.31,670508.11,73755.89,1450.0,0.3406,0.0,7375.59,250,2026-04-09T02:00:00+05:30
ERP-O-001169,2026-04-08,South,Electronics,271.08,5.86,2412633.04,168884.31,8900.0,0.3986,0.0,26538.96,147,2026-04-09T02:00:00+05:30
ERP-O-001170,2026-04-08,South,Home,241.95,6.97,629073.04,56616.57,2600.0,0.302,0.0,6919.8,131,2026-04-09T02:00:00+05:30
ERP-O-001171,2026-04-08,East,Apparel,312.59,12.38,453249.37,49857.43,1450.0,0.3285,0.0,4985.74,169,2026-04-09T02:00:00+05:30
ERP-O-001172,2026-04-08,East,Electronics,179.7,3.88,1599295.79,111950.71,8900.0,0.3319,0.0,17592.25,97,2026-04-09T02:00:00+05:30
ERP-O-001173,2026-04-08,East,Home,176.38,5.08,458598.14,41273.83,2600.0,0.333,0.0,5044.58,95,2026-04-09T02:00:00+05:30
ERP-O-001174,2026-04-08,West,Apparel,420.68,16.66,609988.02,67098.68,1450.0,0.3495,0.0,6709.87,227,2026-04-09T02:00:00+05:30
ERP-O-001175,2026-04-08,West,Electronics,236.73,5.11,2106855.59,147479.89,8900.0,0.3299,0.0,23175.41,128,2026-04-09T02:00:00+05:30
ERP-O-001176,2026-04-08,West,Home,217.11,6.25,564478.34,50803.05,2600.0,0.3397,0.0,6209.26,117,2026-04-09T02:00:00+05:30
ERP-O-001177,2026-04-09,North,Apparel,558.1,22.1,809245.17,89016.97,1450.0,0.329,0.0,8901.7,302,2026-04-10T02:00:00+05:30
ERP-O-001178,2026-04-09,North,Electronics,304.45,6.58,2709644.49,189675.11,8900.0,0.3372,0.0,29806.09,165,2026-04-10T02:00:00+05:30
ERP-O-001179,2026-04-09,North,Home,259.03,7.46,673473.02,60612.57,2600.0,0.2958,0.0,7408.2,140,2026-04-10T02:00:00+05:30
ERP-O-001180,2026-04-09,South,Apparel,450.98,17.86,653928.1,71932.09,1450.0,0.3287,0.0,7193.21,244,2026-04-10T02:00:00+05:30
ERP-O-001181,2026-04-09,South,Electronics,273.64,5.91,2435363.0,170475.41,8900.0,0.3437,0.0,26788.99,148,2026-04-10T02:00:00+05:30
ERP-O-001182,2026-04-09,South,Home,242.27,6.98,629910.93,56691.98,2600.0,0.3411,0.0,6929.02,131,2026-04-10T02:00:00+05:30
ERP-O-001183,2026-04-09,East,Apparel,302.25,11.97,438266.38,48209.3,1450.0,0.3518,0.0,4820.93,163,2026-04-10T02:00:00+05:30
ERP-O-001184,2026-04-09,East,Electronics,176.32,3.81,1569223.37,109845.64,8900.0,0.3574,0.0,17261.46,95,2026-04-10T02:00:00+05:30
ERP-O-001185,2026-04-09,East,Home,175.26,5.05,455683.69,41011.53,2600.0,0.3317,0.0,5012.52,95,2026-04-10T02:00:00+05:30
ERP-O-001186,2026-04-09,West,Apparel,403.26,15.97,584727.4,64320.01,1450.0,0.3594,0.0,6432.0,218,2026-04-10T02:00:00+05:30
ERP-O-001187,2026-04-09,West,Electronics,244.5,5.28,2176032.61,152322.28,8900.0,0.3324,0.0,23936.36,132,2026-04-10T02:00:00+05:30
ERP-O-001188,2026-04-09,West,Home,216.5,6.24,562909.68,50661.87,2600.0,0.3371,0.0,6192.01,117,2026-04-10T02:00:00+05:30
ERP-O-001189,2026-04-10,North,Apparel,529.62,20.97,767943.65,84473.8,1450.0,0.3439,0.0,8447.38,286,2026-04-11T02:00:00+05:30
ERP-O-001190,2026-04-10,North,Electronics,306.26,6.62,2725674.23,190797.2,8900.0,0.3133,0.0,29982.42,166,2026-04-11T02:00:00+05:30
ERP-O-001191,2026-04-10,North,Home,266.48,7.67,692837.89,62355.41,2600.0,0.3154,0.0,7621.22,144,2026-04-11T02:00:00+05:30
ERP-O-001192,2026-04-10,South,Apparel,458.2,18.14,664385.44,73082.4,1450.0,0.2792,0.0,7308.24,248,2026-04-11T02:00:00+05:30
ERP-O-001193,2026-04-10,South,Electronics,265.25,5.73,2360712.63,165249.88,8900.0,0.3664,0.0,25967.84,143,2026-04-11T02:00:00+05:30
ERP-O-001194,2026-04-10,South,Home,240.9,6.94,626337.36,56370.36,2600.0,0.3486,0.0,6889.71,130,2026-04-11T02:00:00+05:30
ERP-O-001195,2026-04-10,East,Apparel,317.94,12.59,461019.09,50712.1,1450.0,0.3416,0.0,5071.21,172,2026-04-11T02:00:00+05:30
ERP-O-001196,2026-04-10,East,Electronics,178.05,3.85,1584610.75,110922.75,8900.0,0.3669,0.0,17430.72,96,2026-04-11T02:00:00+05:30
ERP-O-001197,2026-04-10,East,Home,162.57,4.68,422672.14,38040.49,2600.0,0.3411,0.0,4649.39,88,2026-04-11T02:00:00+05:30
ERP-O-001198,2026-04-10,West,Apparel,411.21,16.28,596257.79,65588.36,1450.0,0.3067,0.0,6558.84,222,2026-04-11T02:00:00+05:30
ERP-O-001199,2026-04-10,West,Electronics,233.2,5.04,2075513.34,145285.93,8900.0,0.3262,0.0,22830.65,126,2026-04-11T02:00:00+05:30
ERP-O-001200,2026-04-10,West,Home,222.03,6.39,577287.78,51955.9,2600.0,0.3257,0.0,6350.17,120,2026-04-11T02:00:00+05:30
ERP-O-001201,2026-04-11,North,Apparel,659.9,26.13,956851.0,105253.61,1450.0,0.3436,0.0,10525.36,357,2026-04-12T02:00:00+05:30
ERP-O-001202,2026-04-11,North,Electronics,371.55,8.03,3306774.81,231474.24,8900.0,0.3479,0.0,36374.52,201,2026-04-12T02:00:00+05:30
ERP-O-001203,2026-04-11,North,Home,309.15,8.9,803785.36,72340.68,2600.0,0.3229,0.0,8841.64,167,2026-04-12T02:00:00+05:30
ERP-O-001204,2026-04-11,South,Apparel,525.09,20.79,761375.76,83751.33,1450.0,0.3321,0.0,8375.13,284,2026-04-12T02:00:00+05:30
ERP-O-001205,2026-04-11,South,Electronics,308.63,6.67,2746845.54,192279.19,8900.0,0.3436,0.0,30215.3,167,2026-04-12T02:00:00+05:30
ERP-O-001206,2026-04-11,South,Home,291.99,8.41,759179.98,68326.2,2600.0,0.3282,0.0,8350.98,158,2026-04-12T02:00:00+05:30
ERP-O-001207,2026-04-11,East,Apparel,381.26,15.1,552827.25,60811.0,1450.0,0.3471,0.0,6081.1,206,2026-04-12T02:00:00+05:30
ERP-O-001208,2026-04-11,East,Electronics,207.4,4.48,1845836.0,129208.52,8900.0,0.3539,0.0,20304.2,112,2026-04-12T02:00:00+05:30
ERP-O-001209,2026-04-11,East,Home,200.05,5.76,520123.09,46811.08,2600.0,0.3627,0.0,5721.35,108,2026-04-12T02:00:00+05:30
ERP-O-001210,2026-04-11,West,Apparel,486.1,19.25,704843.15,77532.75,1450.0,0.3109,0.0,7753.27,263,2026-04-12T02:00:00+05:30
ERP-O-001211,2026-04-11,West,Electronics,302.65,6.54,2693608.92,188552.62,8900.0,0.345,0.0,29629.7,164,2026-04-12T02:00:00+05:30
ERP-O-001212,2026-04-11,West,Home,246.57,7.1,641085.8,57697.72,2600.0,0.328,0.0,7051.94,133,2026-04-12T02:00:00+05:30
ERP-O-001213,2026-04-12,North,Apparel,613.62,24.3,889747.14,,1450.0,0.3151,0.0,9787.22,332,2026-04-13T02:00:00+05:30
ERP-O-001214,2026-04-12,North,Electronics,377.68,8.16,3361369.83,235295.89,8900.0,0.3555,0.0,36975.07,204,2026-04-13T02:00:00+05:30
ERP-O-001215,2026-04-12,North,Home,330.06,9.51,858144.51,77233.01,2600.0,0.3803,0.0,9439.59,178,2026-04-13T02:00:00+05:30
ERP-O-001216,2026-04-12,South,Apparel,531.17,21.03,770202.4,84722.26,1450.0,0.3689,0.0,8472.23,287,2026-04-13T02:00:00+05:30
ERP-O-001217,2026-04-12,South,Electronics,303.81,6.56,2703926.84,189274.88,8900.0,0.3284,0.0,29743.2,164,2026-04-13T02:00:00+05:30
ERP-O-001218,2026-04-12,South,Home,300.02,8.64,780062.98,70205.67,2600.0,0.3129,0.0,8580.69,162,2026-04-13T02:00:00+05:30
ERP-O-001219,2026-04-12,East,Apparel,380.69,15.08,551998.01,60719.78,1450.0,0.3421,0.0,6071.98,206,2026-04-13T02:00:00+05:30
ERP-O-001220,2026-04-12,East,Electronics,209.33,4.52,1863079.88,130415.59,8900.0,0.3946,0.0,20493.88,113,2026-04-13T02:00:00+05:30
ERP-O-001221,2026-04-12,East,Home,210.12,6.05,546310.33,49167.93,2600.0,0.3417,0.0,6009.41,114,2026-04-13T02:00:00+05:30
ERP-O-001222,2026-04-12,West,Apparel,465.28,18.43,674657.19,74212.29,1450.0,0.33,0.0,7421.23,252,2026-04-13T02:00:00+05:30
ERP-O-001223,2026-04-12,West,Electronics,297.29,6.42,2645866.27,185210.64,8900.0,0.3411,0.0,29104.53,161,2026-04-13T02:00:00+05:30
ERP-O-001224,2026-04-12,West,Home,259.93,7.49,675814.87,60823.34,2600.0,0.3058,0.0,7433.96,141,2026-04-13T02:00:00+05:30
ERP-O-001225,2026-04-13,North,Apparel,545.77,21.61,791366.5,87050.32,1450.0,0.2991,0.0,8705.03,295,2026-04-14T02:00:00+05:30
ERP-O-001226,2026-04-13,North,Electronics,326.41,7.05,2905078.44,203355.49,8900.0,0.3648,0.0,31955.86,176,2026-04-14T02:00:00+05:30
ERP-O-001227,2026-04-13,North,Home,278.29,8.01,723546.63,65119.2,2600.0,0.3174,0.0,7959.01,150,2026-04-14T02:00:00+05:30
ERP-O-001228,2026-04-13,South,Apparel,454.56,18.0,659116.46,72502.81,1450.0,0.3361,0.0,7250.28,246,2026-04-14T02:00:00+05:30
ERP-O-001229,2026-04-13,South,Electronics,241.99,5.23,2153680.94,150757.67,8900.0,0.3241,0.0,23690.49,131,2026-04-14T02:00:00+05:30
ERP-O-001230,2026-04-13,South,Home,249.8,7.19,649472.7,58452.54,2600.0,0.3495,0.0,7144.2,135,2026-04-14T02:00:00+05:30
ERP-O-001231,2026-04-13,East,Apparel,315.57,12.5,457569.9,50332.69,1450.0,0.2807,0.0,5033.27,171,2026-04-14T02:00:00+05:30
ERP-O-001232,2026-04-13,East,Electronics,176.6,3.81,1571783.4,110024.84,8900.0,0.3472,0.0,17289.62,95,2026-04-14T02:00:00+05:30
ERP-O-001233,2026-04-13,East,Home,177.8,5.12,462284.15,41605.57,2600.0,0.3096,0.0,5085.13,96,2026-04-14T02:00:00+05:30
ERP-O-001234,2026-04-13,West,Apparel,419.49,16.61,608253.78,66907.92,1450.0,0.3318,0.0,6690.79,227,2026-04-14T02:00:00+05:30
ERP-O-001235,2026-04-13,West,Electronics,236.13,5.1,2101542.29,147107.96,8900.0,0.3383,0.0,23116.97,128,2026-04-14T02:00:00+05:30
ERP-O-001236,2026-04-13,West,Home,205.21,5.91,533543.54,48018.92,2600.0,0.3461,0.0,5868.98,111,2026-04-14T02:00:00+05:30
ERP-O-001237,2026-04-14,North,Apparel,663.14,26.26,961552.96,105770.83,1450.0,0.3224,0.0,10577.08,358,2026-04-15T02:00:00+05:30
ERP-O-001238,2026-04-14,North,Electronics,389.66,8.42,3467966.06,242757.62,8900.0,0.3032,0.0,38147.63,211,2026-04-15T02:00:00+05:30
ERP-O-001239,2026-04-14,North,Home,348.73,10.04,906707.61,81603.68,2600.0,0.3462,0.0,9973.78,189,2026-04-15T02:00:00+05:30
ERP-O-001240,2026-04-14,South,Apparel,540.31,21.4,783447.47,86179.22,1450.0,0.3387,0.0,8617.92,292,2026-04-15T02:00:00+05:30
ERP-O-001241,2026-04-14,South,Electronics,336.24,7.26,2992553.29,209478.73,8900.0,0.3208,0.0,32918.09,182,2026-04-15T02:00:00+05:30
ERP-O-001242,2026-04-14,South,Home,302.63,8.72,786832.41,70814.92,2600.0,0.3455,0.0,8655.16,164,2026-04-15T02:00:00+05:30
ERP-O-001243,2026-04-14,East,Apparel,362.85,14.37,526130.85,57874.39,1450.0,0.3287,0.0,5787.44,196,2026-04-15T02:00:00+05:30
ERP-O-001244,2026-04-14,East,Electronics,214.06,4.62,1905150.27,133360.52,8900.0,0.3382,0.0,20956.65,116,2026-04-15T02:00:00+05:30
ERP-O-001245,2026-04-14,East,Home,208.73,6.01,542685.54,48841.7,2600.0,0.3665,0.0,5969.54,113,2026-04-15T02:00:00+05:30
ERP-O-001246,2026-04-14,West,Apparel,530.59,21.01,769362.36,84629.86,1450.0,0.344,0.0,8462.99,287,2026-04-15T02:00:00+05:30
ERP-O-001247,2026-04-14,West,Electronics,289.21,6.25,2573989.28,180179.25,8900.0,0.3519,0.0,28313.88,156,2026-04-15T02:00:00+05:30
ERP-O-001248,2026-04-14,West,Home,267.79,7.71,696266.6,62663.99,2600.0,0.3281,0.0,7658.93,145,2026-04-15T02:00:00+05:30
ERP-O-001249,2026-04-15,North,Apparel,547.44,21.68,793783.76,87316.21,1450.0,0.3393,0.0,8731.62,296,2026-04-16T02:00:00+05:30
ERP-O-001250,2026-04-15,North,Electronics,305.06,6.59,2715060.97,190054.27,8900.0,0.382,0.0,29865.67,165,2026-04-16T02:00:00+05:30
ERP-O-001251,2026-04-15,North,Home,272.53,7.85,708565.19,63770.87,2600.0,0.3418,0.0,7794.22,147,2026-04-16T02:00:00+05:30
ERP-O-001252,2026-04-15,South,Apparel,440.29,17.44,638414.99,,1450.0,0.3296,0.0,7022.56,238,2026-04-16T02:00:00+05:30
ERP-O-001253,2026-04-15,South,Electronics,-258.41,5.58,2299871.08,160990.98,8900.0,0.3286,0.0,25298.58,140,2026-04-16T02:00:00+05:30
ERP-O-001254,2026-04-15,South,Home,234.8,6.76,610467.12,54942.04,2600.0,0.3506,0.0,6715.14,127,2026-04-16T02:00:00+05:30
ERP-O-001255,2026-04-15,East,Apparel,324.69,12.86,470806.91,51788.76,1450.0,0.3766,0.0,5178.88,176,2026-04-16T02:00:00+05:30
ERP-O-001256,2026-04-15,East,Electronics,170.28,3.68,1515464.51,106082.52,8900.0,0.3688,0.0,16670.11,92,2026-04-16T02:00:00+05:30
ERP-O-001257,2026-04-15,East,Home,155.44,4.48,404144.81,36373.03,2600.0,0.3433,0.0,4445.59,84,2026-04-16T02:00:00+05:30
ERP-O-001258,2026-04-15,West,Apparel,415.3,16.45,602189.82,66240.88,1450.0,0.3522,0.0,6624.09,224,2026-04-16T02:00:00+05:30
ERP-O-001259,2026-04-15,West,Electronics,246.97,5.33,2198067.79,153864.75,8900.0,0.374,0.0,24178.75,133,2026-04-16T02:00:00+05:30
ERP-O-001260,2026-04-15,West,Home,213.04,6.14,553893.97,49850.46,2600.0,0.3426,0.0,6092.83,115,2026-04-16T02:00:00+05:30
ERP-O-001261,2026-04-16,North,Apparel,525.08,20.79,761358.93,83749.48,1450.0,0.2864,0.0,8374.95,284,2026-04-17T02:00:00+05:30
ERP-O-001262,2026-04-16,North,Electronics,305.69,6.6,2720622.78,190443.59,8900.0,0.3552,0.0,29926.85,165,2026-04-17T02:00:00+05:30
ERP-O-001263,2026-04-16,North,Home,268.88,7.74,699080.1,62917.21,2600.0,0.3725,0.0,7689.88,145,2026-04-17T02:00:00+05:30
ERP-O-001264,2026-04-16,South,Apparel,460.81,18.25,668180.15,73499.82,1450.0,0.3423,0.0,7349.98,249,2026-04-17T02:00:00+05:30
ERP-O-001265,2026-04-16,South,Electronics,252.37,5.45,2246129.26,157229.05,8900.0,0.3473,0.0,24707.42,136,2026-04-17T02:00:00+05:30
ERP-O-001266,2026-04-16,South,Home,242.06,6.97,629360.89,56642.48,2600.0,0.3475,0.0,6922.97,131,2026-04-17T02:00:00+05:30
ERP-O-001267,2026-04-16,East,Apparel,301.72,11.95,437490.94,48124.0,1450.0,0.3776,0.0,4812.4,163,2026-04-17T02:00:00+05:30
ERP-O-001268,2026-04-16,East,Electronics,171.83,3.71,1529299.03,107050.93,8900.0,0.326,0.0,16822.29,93,2026-04-17T02:00:00+05:30
ERP-O-001269,2026-04-16,East,Home,168.61,4.86,438397.59,39455.78,2600.0,0.3239,0.0,4822.37,91,2026-04-17T02:00:00+05:30
ERP-O-001270,2026-04-16,West,Apparel,393.08,15.57,569964.49,62696.09,1450.0,0.3444,0.0,6269.61,212,2026-04-17T02:00:00+05:30
ERP-O-001271,2026-04-16,West,Electronics,237.89,5.14,2117235.44,148206.48,8900.0,0.3766,0.0,23289.59,129,2026-04-17T02:00:00+05:30
ERP-O-001272,2026-04-16,West,Home,220.92,6.36,574383.11,51694.48,2600.0,0.3195,0.0,6318.21,119,2026-04-17T02:00:00+05:30
ERP-O-001273,2026-04-17,North,Apparel,557.9,22.09,808959.94,88985.59,1450.0,0.3482,0.0,8898.56,302,2026-04-18T02:00:00+05:30
ERP-O-001274,2026-04-17,North,Electronics,324.41,7.01,2887271.14,202108.98,8900.0,0.31,0.0,31759.98,175,2026-04-18T02:00:00+05:30
ERP-O-001275,2026-04-17,North,Home,266.65,7.68,693290.76,62396.17,2600.0,0.3682,0.0,7626.2,144,2026-04-18T02:00:00+05:30
ERP-O-001276,2026-04-17,South,Apparel,419.02,16.59,607579.92,66833.79,1450.0,0.3098,0.0,6683.38,226,2026-04-18T02:00:00+05:30
ERP-O-001277,2026-04-17,South,Electronics,248.48,5.37,2211508.02,154805.56,8900.0,0.3518,0.0,24326.59,134,2026-04-18T02:00:00+05:30
ERP-O-001278,2026-04-17,South,Home,251.87,7.25,654866.15,58937.95,2600.0,0.3349,0.0,7203.53,136,2026-04-18T02:00:00+05:30
ERP-O-001279,2026-04-17,East,Apparel,307.92,12.19,446484.73,49113.32,1450.0,0.3426,0.0,4911.33,166,2026-04-18T02:00:00+05:30
ERP-O-001280,2026-04-17,East,Electronics,169.65,3.66,1509904.25,105693.3,8900.0,0.3077,0.0,16608.95,92,2026-04-18T02:00:00+05:30
ERP-O-001281,2026-04-17,East,Home,166.68,4.8,433373.81,39003.64,2600.0,0.3518,0.0,4767.11,90,2026-04-18T02:00:00+05:30
ERP-O-001282,2026-04-17,West,Apparel,446.37,17.68,647233.37,71195.67,1450.0,0.3372,0.0,7119.57,241,2026-04-18T02:00:00+05:30
ERP-O-001283,2026-04-17,West,Electronics,258.7,5.59,2302442.89,161171.0,8900.0,0.3471,0.0,25326.87,140,2026-04-18T02:00:00+05:30
ERP-O-001284,2026-04-17,West,Home,227.15,6.54,590602.33,53154.21,2600.0,0.324,0.0,6496.63,123,2026-04-18T02:00:00+05:30
ERP-O-001285,2026-04-18,North,Apparel,650.18,25.75,942758.13,103703.39,1450.0,0.36,0.0,10370.34,351,2026-04-19T02:00:00+05:30
ERP-O-001286,2026-04-18,North,Electronics,382.48,8.26,3404056.76,238283.97,8900.0,0.3371,0.0,37444.62,207,2026-04-19T02:00:00+05:30
ERP-O-001287,2026-04-18,North,Home,313.89,9.04,816102.38,73449.21,2600.0,0.3603,0.0,8977.13,170,2026-04-19T02:00:00+05:30
ERP-O-001288,2026-04-18,South,Apparel,534.27,21.16,774690.36,85215.94,1450.0,0.3227,0.0,8521.59,289,2026-04-19T02:00:00+05:30
ERP-O-001289,2026-04-18,South,Electronics,286.86,6.2,2553035.41,178712.48,8900.0,0.3516,0.0,28083.39,155,2026-04-19T02:00:00+05:30
ERP-O-001290,2026-04-18,South,Home,286.18,8.24,744078.54,66967.07,2600.0,0.3349,0.0,8184.86,155,2026-04-19T02:00:00+05:30
ERP-O-001291,2026-04-18,East,Apparel,364.31,14.43,528251.19,58107.63,1450.0,0.3541,0.0,5810.76,197,2026-04-19T02:00:00+05:30
ERP-O-001292,2026-04-18,East,Electronics,223.41,4.83,1988343.18,139184.02,8900.0,0.3273,0.0,21871.77,121,2026-04-19T02:00:00+05:30
ERP-O-001293,2026-04-18,East,Home,204.24,5.88,531025.58,47792.3,2600.0,0.3527,0.0,5841.28,110,2026-04-19T02:00:00+05:30
ERP-O-001294,2026-04-18,West,Apparel,455.79,18.05,660893.6,72698.3,1450.0,0.3353,0.0,7269.83,246,2026-04-19T02:00:00+05:30
ERP-O-001295,2026-04-18,West,Electronics,263.48,5.69,2344964.75,164147.53,8900.0,0.3513,0.0,25794.61,142,2026-04-19T02:00:00+05:30
ERP-O-001296,2026-04-18,West,Home,243.98,7.03,634341.97,57090.78,2600.0,0.3039,0.0,6977.76,132,2026-04-19T02:00:00+05:30
ERP-O-001297,2026-04-19,North,Apparel,607.57,24.06,880970.72,96906.78,1450.0,0.3285,0.0,9690.68,328,2026-04-20T02:00:00+05:30
ERP-O-001298,2026-04-19,North,Electronics,375.67,8.11,3343504.39,234045.31,8900.0,0.355,0.0,36778.55,203,2026-04-20T02:00:00+05:30
ERP-O-001299,2026-04-19,North,Home,328.29,9.45,853547.19,76819.25,2600.0,0.3199,0.0,9389.02,177,2026-04-20T02:00:00+05:30
ERP-O-001300,2026-04-19,South,Apparel,521.95,20.67,756824.01,83250.64,1450.0,0.3283,0.0,8325.06,282,2026-04-20T02:00:00+05:30
ERP-O-001301,2026-04-19,South,Electronics,307.13,6.63,2733484.7,191343.93,8900.0,0.3253,0.0,30068.33,166,2026-04-20T02:00:00+05:30
ERP-O-001302,2026-04-19,South,Home,290.45,8.36,755158.53,67964.27,2600.0,0.3425,0.0,8306.74,157,2026-04-20T02:00:00+05:30
ERP-O-001303,2026-04-19,East,Apparel,373.62,14.8,541755.21,59593.07,1450.0,0.3464,0.0,5959.31,202,2026-04-20T02:00:00+05:30
ERP-O-001304,2026-04-19,East,Electronics,196.57,4.25,1749433.71,122460.36,8900.0,0.3426,0.0,19243.77,106,2026-04-20T02:00:00+05:30
ERP-O-001305,2026-04-19,East,Home,195.54,5.63,508405.77,45756.52,2600.0,0.3271,0.0,5592.46,106,2026-04-20T02:00:00+05:30
ERP-O-001306,2026-04-19,West,Apparel,484.94,19.2,703168.16,77348.5,1450.0,0.3198,0.0,7734.85,262,2026-04-20T02:00:00+05:30
ERP-O-001307,2026-04-19,West,Electronics,274.63,5.93,2444207.32,171094.51,8900.0,0.3759,0.0,26886.28,148,2026-04-20T02:00:00+05:30
ERP-O-001308,2026-04-19,West,Home,256.18,7.38,666078.17,59947.04,2600.0,0.3503,0.0,7326.86,138,2026-04-20T02:00:00+05:30
ERP-O-001309,2026-04-20,North,Apparel,581.08,23.01,842571.89,92682.91,1450.0,0.3651,0.0,9268.29,314,2026-04-21T02:00:00+05:30
ERP-O-001310,2026-04-20,North,Electronics,313.07,6.76,2786309.83,195041.69,8900.0,0.3598,0.0,30649.41,169,2026-04-21T02:00:00+05:30
ERP-O-001311,2026-04-20,North,Home,269.07,7.75,699587.57,62962.88,2600.0,0.3362,0.0,7695.46,145,2026-04-21T02:00:00+05:30
ERP-O-001312,2026-04-20,South,Apparel,446.57,17.68,647521.3,71227.34,1450.0,0.3126,0.0,7122.73,241,2026-04-21T02:00:00+05:30
ERP-O-001313,2026-04-20,South,Electronics,263.87,5.7,2348474.1,164393.19,8900.0,0.3266,0.0,25833.22,143,2026-04-21T02:00:00+05:30
ERP-O-001314,2026-04-20,South,Home,235.43,6.78,612111.02,55089.99,2600.0,0.365,0.0,6733.22,127,2026-04-21T02:00:00+05:30
ERP-O-001315,2026-04-20,East,Apparel,330.32,13.08,478961.4,52685.75,1450.0,0.3505,0.0,5268.58,179,2026-04-21T02:00:00+05:30
ERP-O-001316,2026-04-20,East,Electronics,174.68,3.77,1554661.61,108826.31,8900.0,0.3523,0.0,17101.28,94,2026-04-21T02:00:00+05:30
ERP-O-001317,2026-04-20,East,Home,156.02,4.49,405660.55,36509.45,2600.0,0.3648,0.0,4462.27,84,2026-04-21T02:00:00+05:30
ERP-O-001318,2026-04-20,West,Apparel,388.65,15.39,563546.1,61990.07,1450.0,0.3181,0.0,6199.01,210,2026-04-21T02:00:00+05:30
ERP-O-001319,2026-04-20,West,Electronics,236.64,5.11,2106104.96,147427.35,8900.0,0.3498,0.0,23167.15,128,2026-04-21T02:00:00+05:30
ERP-O-001320,2026-04-20,West,Home,205.86,5.93,535244.02,,2600.0,0.3021,0.0,5887.68,111,2026-04-21T02:00:00+05:30
ERP-O-001321,2026-04-21,North,Apparel,564.98,22.37,819215.37,90113.69,1450.0,0.3284,0.0,9011.37,305,2026-04-22T02:00:00+05:30
ERP-O-001322,2026-04-21,North,Electronics,324.66,7.01,2889435.03,202260.45,8900.0,0.3812,0.0,31783.79,175,2026-04-22T02:00:00+05:30
ERP-O-001323,2026-04-21,North,Home,282.58,8.14,734695.78,66122.62,2600.0,0.3506,0.0,8081.65,153,2026-04-22T02:00:00+05:30
ERP-O-001324,2026-04-21,South,Apparel,465.12,18.42,674424.71,74186.72,1450.0,0.3154,0.0,7418.67,251,2026-04-22T02:00:00+05:30
ERP-O-001325,2026-04-21,South,Electronics,255.6,5.52,2274881.2,159241.68,8900.0,0.3411,0.0,25023.69,138,2026-04-22T02:00:00+05:30
ERP-O-001326,2026-04-21,South,Home,248.09,7.15,645045.3,58054.08,2600.0,0.3689,0.0,7095.5,134,2026-04-22T02:00:00+05:30
ERP-O-001327,2026-04-21,East,Apparel,318.73,12.62,462163.68,50838.0,1450.0,0.3227,0.0,5083.8,172,2026-04-22T02:00:00+05:30
ERP-O-001328,2026-04-21,East,Electronics,174.34,3.77,1551641.13,108614.88,8900.0,0.3552,0.0,17068.05,94,2026-04-22T02:00:00+05:30
ERP-O-001329,2026-04-21,East,Home,174.16,5.02,452810.46,40752.94,2600.0,0.329,0.0,4980.92,94,2026-04-22T02:00:00+05:30
ERP-O-001330,2026-04-21,West,Apparel,408.6,16.18,592476.56,65172.42,1450.0,0.3362,0.0,6517.24,221,2026-04-22T02:00:00+05:30
ERP-O-001331,2026-04-21,West,Electronics,241.68,5.22,2150949.2,150566.44,8900.0,0.3788,0.0,23660.44,131,2026-04-22T02:00:00+05:30
ERP-O-001332,2026-04-21,West,Home,226.03,6.51,587665.91,52889.93,2600.0,0.3346,0.0,6464.33,122,2026-04-22T02:00:00+05:30
ERP-O-001333,2026-04-22,North,Apparel,532.39,21.08,771966.24,84916.29,1450.0,0.3679,0.0,8491.63,288,2026-04-23T02:00:00+05:30
ERP-O-001334,2026-04-22,North,Electronics,305.5,6.6,2718960.42,190327.23,8900.0,0.3339,0.0,29908.56,165,2026-04-23T02:00:00+05:30
ERP-O-001335,2026-04-22,North,Home,265.15,7.64,689391.72,62045.26,2600.0,0.3158,0.0,7583.31,143,2026-04-23T02:00:00+05:30
ERP-O-001336,2026-04-22,South,Apparel,449.58,17.8,651897.58,71708.73,1450.0,0.3203,0.0,7170.87,243,2026-04-23T02:00:00+05:30
ERP-O-001337,2026-04-22,South,Electronics,271.85,5.87,2419432.22,169360.26,8900.0,0.383,0.0,26613.75,147,2026-04-23T02:00:00+05:30
ERP-O-001338,2026-04-22,South,Home,247.32,7.12,643019.02,57871.71,2600.0,0.3538,0.0,7073.21,134,2026-04-23T02:00:00+05:30
ERP-O-001339,2026-04-22,East,Apparel,322.15,12.76,467123.93,51383.63,1450.0,0.3356,0.0,5138.36,174,2026-04-23T02:00:00+05:30
ERP-O-001340,2026-04-22,East,Electronics,174.32,3.77,1551468.59,108602.8,8900.0,0.3095,0.0,17066.15,94,2026-04-23T02:00:00+05:30
ERP-O-001341,2026-04-22,East,Home,172.4,4.97,448242.12,40341.79,2600.0,0.3398,0.0,4930.66,93,2026-04-23T02:00:00+05:30
ERP-O-001342,2026-04-22,West,Apparel,386.54,15.31,560479.63,61652.76,1450.0,0.3968,0.0,6165.28,209,2026-04-23T02:00:00+05:30
ERP-O-001343,2026-04-22,West,Electronics,236.17,5.1,2101916.13,147134.13,8900.0,0.3779,0.0,23121.08,128,2026-04-23T02:00:00+05:30
ERP-O-001344,2026-04-22,West,Home,213.95,6.16,556277.59,50064.98,2600.0,0.3165,0.0,6119.05,116,2026-04-23T02:00:00+05:30
ERP-O-001345,2026-04-23,North,Apparel,530.64,21.01,769424.13,84636.65,1450.0,0.3766,0.0,8463.67,287,2026-04-24T02:00:00+05:30
ERP-O-001346,2026-04-23,North,Electronics,325.34,7.03,2895530.47,202687.13,8900.0,0.3355,0.0,31850.84,176,2026-04-24T02:00:00+05:30
ERP-O-001347,2026-04-23,North,Home,285.58,8.22,742514.46,66826.3,2600.0,0.3362,0.0,8167.66,154,2026-04-24T02:00:00+05:30
ERP-O-001348,2026-04-23,South,Apparel,473.49,18.75,686565.39,75522.19,1450.0,0.3695,0.0,7552.22,256,2026-04-24T02:00:00+05:30
ERP-O-001349,2026-04-23,South,Electronics,250.25,5.41,2227197.05,155903.79,8900.0,0.3289,0.0,24499.17,135,2026-04-24T02:00:00+05:30
ERP-O-001350,2026-04-23,South,Home,250.95,7.23,652479.47,58723.15,2600.0,0.3497,0.0,7177.27,136,2026-04-24T02:00:00+05:30
ERP-O-001351,2026-04-23,East,Apparel,316.44,12.53,458837.31,50472.1,1450.0,0.3517,0.0,5047.21,171,2026-04-24T02:00:00+05:30
ERP-O-001352,2026-04-23,East,Electronics,175.46,3.79,1561598.4,109311.89,8900.0,0.3844,0.0,17177.58,95,2026-04-24T02:00:00+05:30
ERP-O-001353,2026-04-23,East,Home,143.42,4.13,372899.27,33560.93,2600.0,0.3425,0.0,4101.89,78,2026-04-24T02:00:00+05:30
ERP-O-001354,2026-04-23,West,Apparel,441.5,17.48,640179.38,70419.73,1450.0,0.3211,0.0,7041.97,239,2026-04-24T02:00:00+05:30
ERP-O-001355,2026-04-23,West,Electronics,238.44,5.15,2122088.48,148546.19,8900.0,0.3542,0.0,23342.97,129,2026-04-24T02:00:00+05:30
ERP-O-001356,2026-04-23,West,Home,220.3,6.34,572776.18,51549.86,2600.0,0.3189,0.0,6300.54,119,2026-04-24T02:00:00+05:30
ERP-O-001357,2026-04-24,North,Apparel,507.05,20.08,735227.27,80875.0,1450.0,0.3197,0.0,8087.5,274,2026-04-25T02:00:00+05:30
ERP-O-001358,2026-04-24,North,Electronics,301.72,6.52,2685289.5,187970.27,8900.0,0.3469,0.0,29538.18,163,2026-04-25T02:00:00+05:30
ERP-O-001359,2026-04-24,North,Home,267.58,7.71,695703.34,62613.3,2600.0,0.3253,0.0,7652.74,145,2026-04-25T02:00:00+05:30
ERP-O-001360,2026-04-24,South,Apparel,471.14,18.66,683152.95,75146.82,1450.0,0.3082,0.0,7514.68,255,2026-04-25T02:00:00+05:30
ERP-O-001361,2026-04-24,South,Electronics,275.89,5.96,2455390.77,171877.35,8900.0,0.3057,0.0,27009.3,149,2026-04-25T02:00:00+05:30
ERP-O-001362,2026-04-24,South,Home,235.43,6.78,612115.21,55090.37,2600.0,0.3622,0.0,6733.27,127,2026-04-25T02:00:00+05:30
ERP-O-001363,2026-04-24,East,Apparel,323.16,12.8,468576.7,51543.44,1450.0,0.3348,0.0,5154.34,175,2026-04-25T02:00:00+05:30
ERP-O-001364,2026-04-24,East,Electronics,181.12,3.91,1611995.88,112839.71,8900.0,0.3568,0.0,17731.95,98,2026-04-25T02:00:00+05:30
ERP-O-001365,2026-04-24,East,Home,160.4,4.62,417043.78,37533.94,2600.0,0.3546,0.0,4587.48,87,2026-04-25T02:00:00+05:30
ERP-O-001366,2026-04-24,West,Apparel,408.04,16.16,591653.65,65081.9,1450.0,0.3669,0.0,6508.19,221,2026-04-25T02:00:00+05:30
ERP-O-001367,2026-04-24,West,Electronics,245.74,5.31,2187128.71,153099.01,8900.0,0.3747,0.0,24058.42,133,2026-04-25T02:00:00+05:30
ERP-O-001368,2026-04-24,West,Home,218.54,6.29,568202.91,51138.26,2600.0,0.3602,0.0,6250.23,118,2026-04-25T02:00:00+05:30
ERP-O-001369,2026-04-25,North,Apparel,653.98,25.9,948276.81,104310.45,1450.0,0.3779,0.0,10431.04,354,2026-04-26T02:00:00+05:30
ERP-O-001370,2026-04-25,North,Electronics,367.32,7.93,3269143.86,228840.07,8900.0,0.3469,0.0,35960.58,199,2026-04-26T02:00:00+05:30
ERP-O-001371,2026-04-25,North,Home,334.28,9.63,869140.17,78222.62,2600.0,0.3161,0.0,9560.54,181,2026-04-26T02:00:00+05:30
ERP-O-001372,2026-04-25,South,Apparel,568.54,22.51,824379.68,90681.77,1450.0,0.3731,0.0,9068.18,307,2026-04-26T02:00:00+05:30
ERP-O-001373,2026-04-25,South,Electronics,326.94,7.06,2909758.7,203683.11,8900.0,0.3299,0.0,32007.35,177,2026-04-26T02:00:00+05:30
ERP-O-001374,2026-04-25,South,Home,278.4,8.02,723848.6,65146.37,2600.0,0.3672,0.0,7962.33,150,2026-04-26T02:00:00+05:30
ERP-O-001375,2026-04-25,East,Apparel,363.91,14.41,527665.51,58043.21,1450.0,0.3601,0.0,5804.32,197,2026-04-26T02:00:00+05:30
ERP-O-001376,2026-04-25,East,Electronics,201.73,4.36,1795367.81,125675.75,8900.0,0.3522,0.0,19749.05,109,2026-04-26T02:00:00+05:30
ERP-O-001377,2026-04-25,East,Home,204.29,5.88,531159.35,47804.34,2600.0,0.3319,0.0,5842.75,110,2026-04-26T02:00:00+05:30
ERP-O-001378,2026-04-25,West,Apparel,444.35,17.6,644305.76,70873.63,1450.0,0.3276,0.0,7087.36,240,2026-04-26T02:00:00+05:30
ERP-O-001379,2026-04-25,West,Electronics,286.12,6.18,2546461.46,178252.3,8900.0,0.388,0.0,28011.08,155,2026-04-26T02:00:00+05:30
ERP-O-001380,2026-04-25,West,Home,247.72,7.13,644075.8,,2600.0,0.3281,0.0,7084.83,134,2026-04-26T02:00:00+05:30
ERP-O-001381,2026-04-26,North,Apparel,682.14,27.01,989110.24,108802.13,1450.0,0.333,0.0,10880.21,369,2026-04-27T02:00:00+05:30
ERP-O-001382,2026-04-26,North,Electronics,368.32,7.96,3278074.03,229465.18,8900.0,0.3127,0.0,36058.81,199,2026-04-27T02:00:00+05:30
ERP-O-001383,2026-04-26,North,Home,312.89,9.01,813511.16,73216.0,2600.0,0.3262,0.0,8948.62,169,2026-04-27T02:00:00+05:30
ERP-O-001384,2026-04-26,South,Apparel,575.28,22.78,834160.84,91757.69,1450.0,0.36,0.0,9175.77,311,2026-04-27T02:00:00+05:30
ERP-O-001385,2026-04-26,South,Electronics,318.64,6.88,2835873.03,198511.11,8900.0,0.3735,0.0,31194.6,172,2026-04-27T02:00:00+05:30
ERP-O-001386,2026-04-26,South,Home,280.56,8.08,729465.92,65651.93,2600.0,0.3309,0.0,8024.13,152,2026-04-27T02:00:00+05:30
ERP-O-001387,2026-04-26,East,Apparel,357.94,14.17,519008.54,57090.94,1450.0,0.319,0.0,5709.09,193,2026-04-27T02:00:00+05:30
ERP-O-001388,2026-04-26,East,Electronics,209.12,4.52,1861194.96,130283.65,8900.0,0.3188,0.0,20473.14,113,2026-04-27T02:00:00+05:30
ERP-O-001389,2026-04-26,East,Home,202.13,5.82,525547.94,47299.31,2600.0,0.3134,0.0,5781.03,109,2026-04-27T02:00:00+05:30
ERP-O-001390,2026-04-26,West,Apparel,474.73,18.8,688353.73,75718.91,1450.0,0.3387,0.0,7571.89,257,2026-04-27T02:00:00+05:30
ERP-O-001391,2026-04-26,West,Electronics,282.52,6.1,2514433.31,176010.33,8900.0,0.3601,0.0,27658.77,153,2026-04-27T02:00:00+05:30
ERP-O-001392,2026-04-26,West,Home,244.69,7.05,636194.98,57257.55,2600.0,0.3518,0.0,6998.14,132,2026-04-27T02:00:00+05:30
ERP-O-001393,2026-04-27,North,Apparel,532.47,21.09,772077.52,84928.53,1450.0,0.3318,0.0,8492.85,288,2026-04-28T02:00:00+05:30
ERP-O-001394,2026-04-27,North,Electronics,325.29,7.03,2895081.81,202655.73,8900.0,0.3675,0.0,31845.9,176,2026-04-28T02:00:00+05:30
ERP-O-001395,2026-04-27,North,Home,272.31,7.84,707998.16,63719.83,2600.0,0.3235,0.0,7787.98,147,2026-04-28T02:00:00+05:30
ERP-O-001396,2026-04-27,South,Apparel,465.24,18.42,674601.15,74206.13,1450.0,0.3405,0.0,7420.61,251,2026-04-28T02:00:00+05:30
ERP-O-001397,2026-04-27,South,Electronics,263.04,5.68,2341038.49,163872.69,8900.0,0.333,0.0,25751.42,142,2026-04-28T02:00:00+05:30
ERP-O-001398,2026-04-27,South,Home,251.9,7.25,654944.1,58944.97,2600.0,0.331,0.0,7204.39,136,2026-04-28T02:00:00+05:30
ERP-O-001399,2026-04-27,East,Apparel,302.21,11.97,438199.51,48201.95,1450.0,0.3307,0.0,4820.19,163,2026-04-28T02:00:00+05:30
ERP-O-001400,2026-04-27,East,Electronics,171.66,3.71,1527735.87,106941.51,8900.0,0.3516,0.0,16805.09,93,2026-04-28T02:00:00+05:30
ERP-O-001401,2026-04-27,East,Home,162.65,4.68,422877.38,38058.96,2600.0,0.3219,0.0,4651.65,88,2026-04-28T02:00:00+05:30
ERP-O-001402,2026-04-27,West,Apparel,418.58,16.58,606944.5,66763.9,1450.0,0.3571,0.0,6676.39,226,2026-04-28T02:00:00+05:30
ERP-O-001403,2026-04-27,West,Electronics,266.06,5.75,2367953.99,165756.78,8900.0,0.3296,0.0,26047.49,144,2026-04-28T02:00:00+05:30
ERP-O-001404,2026-04-27,West,Home,209.5,6.03,544703.83,49023.34,2600.0,0.3305,0.0,5991.74,113,2026-04-28T02:00:00+05:30
ERP-O-001405,2026-04-28,North,Apparel,536.65,21.25,778145.32,85595.98,1450.0,0.3674,0.0,8559.6,290,2026-04-29T02:00:00+05:30
ERP-O-001406,2026-04-28,North,Electronics,337.62,7.29,3004855.8,210339.91,8900.0,0.3357,0.0,33053.41,182,2026-04-29T02:00:00+05:30
ERP-O-001407,2026-04-28,North,Home,273.75,7.88,711746.82,64057.21,2600.0,0.3397,0.0,7829.22,148,2026-04-29T02:00:00+05:30
ERP-O-001408,2026-04-28,South,Apparel,436.97,17.3,633610.22,69697.12,1450.0,0.3237,0.0,6969.71,236,2026-04-29T02:00:00+05:30
ERP-O-001409,2026-04-28,South,Electronics,248.4,5.37,2210727.45,154750.92,8900.0,0.3185,0.0,24318.0,134,2026-04-29T02:00:00+05:30
ERP-O-001410,2026-04-28,South,Home,246.92,7.11,641981.57,57778.34,2600.0,0.3481,0.0,7061.8,133,2026-04-29T02:00:00+05:30
ERP-O-001411,2026-04-28,East,Apparel,313.22,12.4,454173.9,49959.13,1450.0,0.3596,0.0,4995.91,169,2026-04-29T02:00:00+05:30
ERP-O-001412,2026-04-28,East,Electronics,178.96,3.87,1592731.75,111491.22,8900.0,0.3358,0.0,17520.05,97,2026-04-29T02:00:00+05:30
ERP-O-001413,2026-04-28,East,Home,170.86,4.92,444223.73,39980.14,2600.0,0.3667,0.0,4886.46,92,2026-04-29T02:00:00+05:30
ERP-O-001414,2026-04-28,West,Apparel,398.36,15.78,577620.39,63538.24,1450.0,0.3355,0.0,6353.82,215,2026-04-29T02:00:00+05:30
ERP-O-001415,2026-04-28,West,Electronics,234.66,5.07,2088496.63,146194.76,8900.0,0.3446,0.0,22973.46,127,2026-04-29T02:00:00+05:30
ERP-O-001416,2026-04-28,West,Home,210.63,6.07,547649.63,49288.47,2600.0,0.348,0.0,6024.15,114,2026-04-29T02:00:00+05:30
ERP-O-001417,2026-04-29,North,Apparel,542.11,21.47,786062.3,86466.85,1450.0,0.3334,0.0,8646.69,293,2026-04-30T02:00:00+05:30
ERP-O-001418,2026-04-29,North,Electronics,331.79,7.17,2952974.98,206708.25,8900.0,0.3201,0.0,32482.72,179,2026-04-30T02:00:00+05:30
ERP-O-001419,2026-04-29,North,Home,266.2,7.67,692129.57,,2600.0,0.3609,0.0,7613.43,144,2026-04-30T02:00:00+05:30
ERP-O-001420,2026-04-29,South,Apparel,430.94,17.07,624867.53,68735.43,1450.0,0.3436,0.0,6873.54,233,2026-04-30T02:00:00+05:30
ERP-O-001421,2026-04-29,South,Electronics,277.59,6.0,2470512.1,172935.85,8900.0,0.3348,0.0,27175.63,150,2026-04-30T02:00:00+05:30
ERP-O-001422,2026-04-29,South,Home,232.26,6.69,603871.83,54348.47,2600.0,0.3231,0.0,6642.59,126,2026-04-30T02:00:00+05:30
ERP-O-001423,2026-04-29,East,Apparel,332.28,13.16,481810.72,52999.18,1450.0,0.3602,0.0,5299.92,180,2026-04-30T02:00:00+05:30
ERP-O-001424,2026-04-29,East,Electronics,185.18,4.0,1648094.47,115366.61,8900.0,0.3387,0.0,18129.04,100,2026-04-30T02:00:00+05:30
ERP-O-001425,2026-04-29,East,Home,178.28,5.13,463524.28,41717.19,2600.0,0.3261,0.0,5098.77,96,2026-04-30T02:00:00+05:30
ERP-O-001426,2026-04-29,West,Apparel,408.22,16.17,591915.97,65110.76,1450.0,0.3537,0.0,6511.08,221,2026-04-30T02:00:00+05:30
ERP-O-001427,2026-04-29,West,Electronics,236.93,5.12,2108709.22,147609.65,8900.0,0.3713,0.0,23195.8,128,2026-04-30T02:00:00+05:30
ERP-O-001428,2026-04-29,West,Home,212.23,6.11,551804.51,49662.41,2600.0,0.3731,0.0,6069.85,115,2026-04-30T02:00:00+05:30
ERP-O-001429,2026-04-30,North,Apparel,552.75,21.89,801480.41,88162.84,1450.0,0.3659,0.0,8816.28,299,2026-05-01T02:00:00+05:30
ERP-O-001430,2026-04-30,North,Electronics,300.61,6.49,2675421.94,187279.54,8900.0,0.3525,0.0,29429.64,162,2026-05-01T02:00:00+05:30
ERP-O-001431,2026-04-30,North,Home,279.65,8.05,727101.74,65439.16,2600.0,0.3649,0.0,7998.12,151,2026-05-01T02:00:00+05:30
ERP-O-001432,2026-04-30,South,Apparel,449.25,17.79,651406.48,71654.71,1450.0,0.3321,0.0,7165.47,243,2026-05-01T02:00:00+05:30
ERP-O-001433,2026-04-30,South,Electronics,255.39,5.52,2272952.88,159106.7,8900.0,0.3157,0.0,25002.48,138,2026-05-01T02:00:00+05:30
ERP-O-001434,2026-04-30,South,Home,239.69,6.9,623203.34,56088.3,2600.0,0.3073,0.0,6855.24,130,2026-05-01T02:00:00+05:30
ERP-O-001435,2026-04-30,East,Apparel,316.44,12.53,458843.29,50472.76,1450.0,0.3734,0.0,5047.28,171,2026-05-01T02:00:00+05:30
ERP-O-001436,2026-04-30,East,Electronics,183.94,3.97,1637054.78,114593.83,8900.0,0.304,0.0,18007.6,99,2026-05-01T02:00:00+05:30
ERP-O-001437,2026-04-30,East,Home,155.6,4.48,404558.53,36410.27,2600.0,0.3069,0.0,4450.14,84,2026-05-01T02:00:00+05:30
ERP-O-001438,2026-04-30,West,Apparel,416.97,16.51,604602.12,66506.23,1450.0,0.3201,0.0,6650.62,225,2026-05-01T02:00:00+05:30
ERP-O-001439,2026-04-30,West,Electronics,228.75,4.94,2035909.17,142513.64,8900.0,0.3694,0.0,22395.0,124,2026-05-01T02:00:00+05:30
ERP-O-001440,2026-04-30,West,Home,214.45,6.18,557570.59,50181.35,2600.0,0.3506,0.0,6133.28,116,2026-05-01T02:00:00+05:30
ERP-O-001441,2026-05-01,North,Apparel,645.5,25.56,935969.18,102956.61,1450.0,0.2892,0.0,10295.66,349,2026-05-02T02:00:00+05:30
ERP-O-001442,2026-05-01,North,Electronics,384.04,8.3,3417939.19,239255.74,8900.0,0.3263,0.0,37597.33,208,2026-05-02T02:00:00+05:30
ERP-O-001443,2026-05-01,North,Home,345.78,9.96,899020.87,80911.88,2600.0,0.366,0.0,9889.23,187,2026-05-02T02:00:00+05:30
ERP-O-001444,2026-05-01,South,Apparel,543.41,21.52,787946.3,86674.09,1450.0,0.3662,0.0,8667.41,294,2026-05-02T02:00:00+05:30
ERP-O-001445,2026-05-01,South,Electronics,316.5,6.84,2816824.68,197177.73,8900.0,0.3435,0.0,30985.07,171,2026-05-02T02:00:00+05:30
ERP-O-001446,2026-05-01,South,Home,324.15,9.34,842778.29,75850.05,2600.0,0.3564,0.0,9270.56,175,2026-05-02T02:00:00+05:30
ERP-O-001447,2026-05-01,East,Apparel,365.52,14.47,529996.95,58299.66,1450.0,0.3295,0.0,5829.97,198,2026-05-02T02:00:00+05:30
ERP-O-001448,2026-05-01,East,Electronics,221.77,4.79,1973778.77,138164.51,8900.0,0.3439,0.0,21711.57,120,2026-05-02T02:00:00+05:30
ERP-O-001449,2026-05-01,East,Home,204.19,5.88,530901.1,47781.1,2600.0,0.3448,0.0,5839.91,110,2026-05-02T02:00:00+05:30
ERP-O-001450,2026-05-01,West,Apparel,498.69,19.75,723096.59,79540.63,1450.0,0.3449,0.0,7954.06,270,2026-05-02T02:00:00+05:30
ERP-O-001451,2026-05-01,West,Electronics,291.73,6.3,2596423.86,181749.67,8900.0,0.3135,0.0,28560.66,158,2026-05-02T02:00:00+05:30
ERP-O-001452,2026-05-01,West,Home,273.86,7.89,712031.22,64082.81,2600.0,0.318,0.0,7832.34,148,2026-05-02T02:00:00+05:30
ERP-O-001453,2026-05-02,North,Apparel,635.06,25.15,920833.71,101291.71,1450.0,0.34,0.0,10129.17,343,2026-05-03T02:00:00+05:30
ERP-O-001454,2026-05-02,North,Electronics,356.18,7.69,3169959.15,221897.14,8900.0,0.346,0.0,34869.55,193,2026-05-03T02:00:00+05:30
ERP-O-001455,2026-05-02,North,Home,314.27,9.05,817103.74,73539.34,2600.0,0.3089,0.0,8988.14,170,2026-05-03T02:00:00+05:30
ERP-O-001456,2026-05-02,South,Apparel,525.23,20.8,761584.64,83774.31,1450.0,0.3774,0.0,8377.43,284,2026-05-03T02:00:00+05:30
ERP-O-001457,2026-05-02,South,Electronics,307.22,6.64,2734239.05,191396.73,8900.0,0.3627,0.0,30076.63,166,2026-05-03T02:00:00+05:30
ERP-O-001458,2026-05-02,South,Home,279.69,8.06,727197.75,65447.8,2600.0,0.342,0.0,7999.18,151,2026-05-03T02:00:00+05:30
ERP-O-001459,2026-05-02,East,Apparel,363.29,14.39,526764.83,57944.13,1450.0,0.316,0.0,5794.41,196,2026-05-03T02:00:00+05:30
ERP-O-001460,2026-05-02,East,Electronics,205.31,4.43,1827294.21,127910.59,8900.0,0.3535,0.0,20100.24,111,2026-05-03T02:00:00+05:30
ERP-O-001461,2026-05-02,East,Home,190.54,5.49,495407.48,44586.67,2600.0,0.2961,0.0,5449.48,103,2026-05-03T02:00:00+05:30
ERP-O-001462,2026-05-02,West,Apparel,510.57,20.22,740325.05,81435.76,1450.0,0.3316,0.0,8143.58,276,2026-05-03T02:00:00+05:30
ERP-O-001463,2026-05-02,West,Electronics,304.34,6.57,2708582.9,189600.8,8900.0,0.3485,0.0,29794.41,165,2026-05-03T02:00:00+05:30
ERP-O-001464,2026-05-02,West,Home,244.74,7.05,636330.37,57269.73,2600.0,0.3275,0.0,6999.63,132,2026-05-03T02:00:00+05:30
ERP-O-001465,2026-05-03,North,Apparel,643.25,25.47,932710.05,102598.11,1450.0,0.2955,0.0,10259.81,348,2026-05-04T02:00:00+05:30
ERP-O-001466,2026-05-03,North,Electronics,386.56,8.35,3440368.74,240825.81,8900.0,0.3415,0.0,37844.06,209,2026-05-04T02:00:00+05:30
ERP-O-001467,2026-05-03,North,Home,309.36,8.91,804332.92,72389.96,2600.0,0.3246,0.0,8847.66,167,2026-05-04T02:00:00+05:30
ERP-O-001468,2026-05-03,South,Apparel,555.19,21.99,805022.08,88552.43,1450.0,0.3456,0.0,8855.24,300,2026-05-04T02:00:00+05:30
ERP-O-001469,2026-05-03,South,Electronics,287.77,6.22,2561168.38,179281.79,8900.0,0.3327,0.0,28172.85,156,2026-05-04T02:00:00+05:30
ERP-O-001470,2026-05-03,South,Home,258.77,7.45,672793.58,60551.42,2600.0,0.3692,0.0,7400.73,140,2026-05-04T02:00:00+05:30
ERP-O-001471,2026-05-03,East,Apparel,352.45,13.96,511056.32,56216.2,1450.0,0.3484,0.0,5621.62,191,2026-05-04T02:00:00+05:30
ERP-O-001472,2026-05-03,East,Electronics,225.86,4.88,2010146.72,140710.27,8900.0,0.3712,0.0,22111.61,122,2026-05-04T02:00:00+05:30
ERP-O-001473,2026-05-03,East,Home,206.07,5.93,535779.62,48220.17,2600.0,0.3347,0.0,5893.58,111,2026-05-04T02:00:00+05:30
ERP-O-001474,2026-05-03,West,Apparel,494.03,19.56,716339.25,78797.32,1450.0,0.3434,0.0,7879.73,267,2026-05-04T02:00:00+05:30
ERP-O-001475,2026-05-03,West,Electronics,296.39,6.4,2637848.96,184649.43,8900.0,0.3336,0.0,29016.34,160,2026-05-04T02:00:00+05:30
ERP-O-001476,2026-05-03,West,Home,242.37,6.98,630173.13,56715.58,2600.0,0.3552,0.0,6931.9,131,2026-05-04T02:00:00+05:30
ERP-O-001477,2026-05-04,North,Apparel,489.61,19.39,709933.56,78092.69,1450.0,0.3567,0.0,7809.27,265,2026-05-05T02:00:00+05:30
ERP-O-001478,2026-05-04,North,Electronics,298.71,6.45,2658501.72,186095.12,8900.0,0.3692,0.0,29243.52,161,2026-05-05T02:00:00+05:30
ERP-O-001479,2026-05-04,North,Home,269.67,7.77,701150.9,63103.58,2600.0,0.3509,0.0,7712.66,146,2026-05-05T02:00:00+05:30
ERP-O-001480,2026-05-04,South,Apparel,466.78,18.48,676831.97,74451.52,1450.0,0.3402,0.0,7445.15,252,2026-05-05T02:00:00+05:30
ERP-O-001481,2026-05-04,South,Electronics,254.69,5.5,2266735.3,158671.47,8900.0,0.3293,0.0,24934.09,138,2026-05-05T02:00:00+05:30
ERP-O-001482,2026-05-04,South,Home,256.81,7.4,667712.33,60094.11,2600.0,0.3544,0.0,7344.84,139,2026-05-05T02:00:00+05:30
ERP-O-001483,2026-05-04,East,Apparel,302.73,11.99,438960.4,48285.64,1450.0,0.3414,0.0,4828.56,164,2026-05-05T02:00:00+05:30
ERP-O-001484,2026-05-04,East,Electronics,180.57,3.9,1607069.53,112494.87,8900.0,0.337,0.0,17677.76,98,2026-05-05T02:00:00+05:30
ERP-O-001485,2026-05-04,East,Home,183.14,5.27,476166.5,42854.98,2600.0,0.3431,0.0,5237.83,99,2026-05-05T02:00:00+05:30
ERP-O-001486,2026-05-04,West,Apparel,404.4,16.01,586386.18,64502.48,1450.0,0.3471,0.0,6450.25,219,2026-05-05T02:00:00+05:30
ERP-O-001487,2026-05-04,West,Electronics,255.12,5.51,2270602.96,158942.21,8900.0,0.3213,0.0,24976.63,138,2026-05-05T02:00:00+05:30
ERP-O-001488,2026-05-04,West,Home,215.47,6.21,560213.32,50419.2,2600.0,0.3431,0.0,6162.35,116,2026-05-05T02:00:00+05:30
ERP-O-001489,2026-05-05,North,Apparel,588.52,23.31,853347.78,93868.26,1450.0,0.358,0.0,9386.83,318,2026-05-06T02:00:00+05:30
ERP-O-001490,2026-05-05,North,Electronics,314.63,6.8,2800216.06,196015.12,8900.0,0.3565,0.0,30802.38,170,2026-05-06T02:00:00+05:30
ERP-O-001491,2026-05-05,North,Home,258.9,7.46,673128.8,60581.59,2600.0,0.3206,0.0,7404.42,140,2026-05-06T02:00:00+05:30
ERP-O-001492,2026-05-05,South,Apparel,442.76,17.53,642001.46,70620.16,1450.0,0.3142,0.0,7062.02,239,2026-05-06T02:00:00+05:30
ERP-O-001493,2026-05-05,South,Electronics,252.46,5.45,2246875.61,157281.29,8900.0,0.3516,0.0,24715.63,136,2026-05-06T02:00:00+05:30
ERP-O-001494,2026-05-05,South,Home,230.27,6.63,598695.13,53882.56,2600.0,0.3295,0.0,6585.65,124,2026-05-06T02:00:00+05:30
ERP-O-001495,2026-05-05,East,Apparel,295.94,11.72,429107.43,47201.82,1450.0,0.3106,0.0,4720.18,160,2026-05-06T02:00:00+05:30
ERP-O-001496,2026-05-05,East,Electronics,190.55,4.12,1695856.82,118709.98,8900.0,0.3545,0.0,18654.43,103,2026-05-06T02:00:00+05:30
ERP-O-001497,2026-05-05,East,Home,163.85,4.72,426021.98,38341.98,2600.0,0.3506,0.0,4686.24,89,2026-05-06T02:00:00+05:30
ERP-O-001498,2026-05-05,West,Apparel,386.77,15.32,560812.62,61689.39,1450.0,0.3267,0.0,6168.94,209,2026-05-06T02:00:00+05:30
ERP-O-001499,2026-05-05,West,Electronics,245.98,5.31,2189229.75,153246.08,8900.0,0.3496,0.0,24081.53,133,2026-05-06T02:00:00+05:30
ERP-O-001500,2026-05-05,West,Home,223.44,6.44,580951.12,52285.6,2600.0,0.3548,0.0,6390.46,121,2026-05-06T02:00:00+05:30
ERP-O-001501,2026-05-06,North,Apparel,532.06,21.07,771483.76,84863.21,1450.0,0.3587,0.0,8486.32,288,2026-05-07T02:00:00+05:30
ERP-O-001502,2026-05-06,North,Electronics,307.47,6.64,2736456.74,191551.97,8900.0,0.3628,0.0,30101.02,166,2026-05-07T02:00:00+05:30
ERP-O-001503,2026-05-06,North,Home,291.26,8.39,757269.82,68154.28,2600.0,0.3644,0.0,8329.97,157,2026-05-07T02:00:00+05:30
ERP-O-001504,2026-05-06,South,Apparel,456.18,18.06,661468.17,72761.5,1450.0,0.3204,0.0,7276.15,247,2026-05-07T02:00:00+05:30
ERP-O-001505,2026-05-06,South,Electronics,266.97,5.77,2376037.97,166322.66,8900.0,0.3381,0.0,26136.42,144,2026-05-07T02:00:00+05:30
ERP-O-001506,2026-05-06,South,Home,238.95,6.88,621282.95,55915.47,2600.0,0.3225,0.0,6834.11,129,2026-05-07T02:00:00+05:30
ERP-O-001507,2026-05-06,East,Apparel,297.85,11.79,431886.35,47507.5,1450.0,0.3394,0.0,4750.75,161,2026-05-07T02:00:00+05:30
ERP-O-001508,2026-05-06,East,Electronics,191.05,4.13,1700365.77,119025.6,8900.0,0.3318,0.0,18704.02,103,2026-05-07T02:00:00+05:30
ERP-O-001509,2026-05-06,East,Home,158.65,4.57,412496.65,37124.7,2600.0,0.3397,0.0,4537.46,86,2026-05-07T02:00:00+05:30
ERP-O-001510,2026-05-06,West,Apparel,399.85,15.83,579787.24,63776.6,1450.0,0.3199,0.0,6377.66,216,2026-05-07T02:00:00+05:30
ERP-O-001511,2026-05-06,West,Electronics,241.54,5.22,2149664.13,150476.49,8900.0,0.347,0.0,23646.31,131,2026-05-07T02:00:00+05:30
ERP-O-001512,2026-05-06,West,Home,224.74,6.47,584328.99,52589.61,2600.0,0.3539,0.0,6427.62,121,2026-05-07T02:00:00+05:30
ERP-O-001513,2026-05-07,North,Apparel,535.3,21.2,776183.64,85380.2,1450.0,0.3488,0.0,8538.02,289,2026-05-08T02:00:00+05:30
ERP-O-001514,2026-05-07,North,Electronics,305.85,6.61,2722038.96,190542.73,8900.0,0.3198,0.0,29942.43,165,2026-05-08T02:00:00+05:30
ERP-O-001515,2026-05-07,North,Home,271.71,7.83,706450.2,63580.52,2600.0,0.3482,0.0,7770.95,147,2026-05-08T02:00:00+05:30
ERP-O-001516,2026-05-07,South,Apparel,451.99,17.9,655385.64,72092.42,1450.0,0.3229,0.0,7209.24,244,2026-05-08T02:00:00+05:30
ERP-O-001517,2026-05-07,South,Electronics,268.86,5.81,2392876.82,167501.38,8900.0,0.3121,0.0,26321.64,145,2026-05-08T02:00:00+05:30
ERP-O-001518,2026-05-07,South,Home,255.32,7.35,663825.65,59744.31,2600.0,0.3927,0.0,7302.08,138,2026-05-08T02:00:00+05:30
ERP-O-001519,2026-05-07,East,Apparel,338.92,13.42,491432.75,54057.6,1450.0,0.37,0.0,5405.76,183,2026-05-08T02:00:00+05:30
ERP-O-001520,2026-05-07,East,Electronics,180.35,3.9,1605120.32,112358.42,8900.0,0.3542,0.0,17656.32,97,2026-05-08T02:00:00+05:30
ERP-O-001521,2026-05-07,East,Home,169.65,4.89,441090.07,39698.11,2600.0,0.3059,0.0,4851.99,92,2026-05-08T02:00:00+05:30
ERP-O-001522,2026-05-07,West,Apparel,397.61,15.75,576538.48,63419.23,1450.0,0.3338,0.0,6341.92,215,2026-05-08T02:00:00+05:30
ERP-O-001523,2026-05-07,West,Electronics,235.44,5.09,2095394.27,146677.6,8900.0,0.3612,0.0,23049.34,127,2026-05-08T02:00:00+05:30
ERP-O-001524,2026-05-07,West,Home,222.0,6.39,577200.67,51948.06,2600.0,0.3749,0.0,6349.21,120,2026-05-08T02:00:00+05:30
ERP-O-001525,2026-05-08,North,Apparel,661.22,26.18,958762.93,153402.07,1450.0,0.3537,0.0,10546.39,357,2026-05-09T02:00:00+05:30
ERP-O-001526,2026-05-08,North,Electronics,372.46,8.05,3314927.07,397791.25,8900.0,0.3455,0.0,36464.2,201,2026-05-09T02:00:00+05:30
ERP-O-001527,2026-05-08,North,Home,327.34,9.43,851073.28,119150.26,2600.0,0.3631,0.0,9361.81,177,2026-05-09T02:00:00+05:30
ERP-O-001528,2026-05-08,South,Apparel,513.81,20.35,745029.47,119204.72,1450.0,0.3241,0.0,8195.32,278,2026-05-09T02:00:00+05:30
ERP-O-001529,2026-05-08,South,Electronics,297.83,6.43,2650662.97,318079.56,8900.0,0.3257,0.0,29157.29,161,2026-05-09T02:00:00+05:30
ERP-O-001530,2026-05-08,South,Home,289.48,8.34,752639.6,105369.54,2600.0,0.3562,0.0,8279.04,156,2026-05-09T02:00:00+05:30
ERP-O-001531,2026-05-08,East,Apparel,386.22,15.29,560022.76,89603.64,1450.0,0.3214,0.0,6160.25,209,2026-05-09T02:00:00+05:30
ERP-O-001532,2026-05-08,East,Electronics,214.22,4.63,1906539.18,228784.7,8900.0,0.3426,0.0,20971.93,116,2026-05-09T02:00:00+05:30
ERP-O-001533,2026-05-08,East,Home,197.65,5.69,513888.5,71944.39,2600.0,0.3219,0.0,5652.77,107,2026-05-09T02:00:00+05:30
ERP-O-001534,2026-05-08,West,Apparel,473.17,18.74,686103.28,109776.52,1450.0,0.3314,0.0,7547.14,256,2026-05-09T02:00:00+05:30
ERP-O-001535,2026-05-08,West,Electronics,291.73,6.3,2596430.43,311571.65,8900.0,0.3336,0.0,28560.73,158,2026-05-09T02:00:00+05:30
ERP-O-001536,2026-05-08,West,Home,246.02,7.09,639654.2,89551.59,2600.0,0.3469,0.0,7036.2,133,2026-05-09T02:00:00+05:30
ERP-O-001537,2026-05-09,North,Apparel,772.7,30.6,1120416.58,179266.65,1450.0,0.3441,0.0,12324.58,418,2026-05-10T02:00:00+05:30
ERP-O-001538,2026-05-09,North,Electronics,425.14,9.18,3783732.44,454047.89,8900.0,0.3296,0.0,41621.06,230,2026-05-10T02:00:00+05:30
ERP-O-001539,2026-05-09,North,Home,370.55,10.67,963423.39,134879.27,2600.0,0.3547,0.0,10597.66,200,2026-05-10T02:00:00+05:30
ERP-O-001540,2026-05-09,South,Apparel,633.21,25.08,918159.99,146905.6,1450.0,0.3363,0.0,10099.76,342,2026-05-10T02:00:00+05:30
ERP-O-001541,2026-05-09,South,Electronics,363.56,7.85,3235696.84,388283.62,8900.0,0.3546,0.0,35592.67,197,2026-05-10T02:00:00+05:30
ERP-O-001542,2026-05-09,South,Home,343.52,9.89,893140.59,125039.68,2600.0,0.3464,0.0,9824.55,186,2026-05-10T02:00:00+05:30
ERP-O-001543,2026-05-09,East,Apparel,454.51,18.0,659040.21,105446.43,1450.0,0.3366,0.0,7249.44,246,2026-05-10T02:00:00+05:30
ERP-O-001544,2026-05-09,East,Electronics,253.31,5.47,2254476.62,270537.19,8900.0,0.3494,0.0,24799.24,137,2026-05-10T02:00:00+05:30
ERP-O-001545,2026-05-09,East,Home,235.75,6.79,612944.17,,2600.0,0.341,0.0,6742.39,127,2026-05-10T02:00:00+05:30
ERP-O-001546,2026-05-09,West,Apparel,592.08,23.45,858520.5,137363.28,1450.0,0.3169,0.0,9443.73,320,2026-05-10T02:00:00+05:30
ERP-O-001547,2026-05-09,West,Electronics,364.64,7.88,3245320.69,389438.48,8900.0,0.357,0.0,35698.53,197,2026-05-10T02:00:00+05:30
ERP-O-001548,2026-05-09,West,Home,312.61,9.0,812791.46,113790.8,2600.0,0.3568,0.0,8940.71,169,2026-05-10T02:00:00+05:30
ERP-O-001549,2026-05-10,North,Apparel,725.94,28.75,1052615.89,168418.54,1450.0,0.3468,0.0,11578.77,392,2026-05-11T02:00:00+05:30
ERP-O-001550,2026-05-10,North,Electronics,438.16,9.46,3899640.76,467956.89,8900.0,0.3307,0.0,42896.05,237,2026-05-11T02:00:00+05:30
ERP-O-001551,2026-05-10,North,Home,408.54,11.77,1062205.41,148708.76,2600.0,0.3616,0.0,11684.26,221,2026-05-11T02:00:00+05:30
ERP-O-001552,2026-05-10,South,Apparel,650.6,25.76,943367.53,150938.81,1450.0,0.326,0.0,10377.04,352,2026-05-11T02:00:00+05:30
ERP-O-001553,2026-05-10,South,Electronics,342.88,7.41,3051634.77,366196.17,8900.0,0.3291,0.0,33567.98,185,2026-05-11T02:00:00+05:30
ERP-O-001554,2026-05-10,South,Home,332.8,9.58,865290.1,121140.61,2600.0,0.316,0.0,9518.19,180,2026-05-11T02:00:00+05:30
ERP-O-001555,2026-05-10,East,Apparel,410.99,16.28,595941.44,95350.63,1450.0,0.3219,0.0,6555.36,222,2026-05-11T02:00:00+05:30
ERP-O-001556,2026-05-10,East,Electronics,262.87,5.68,2339520.31,280742.44,8900.0,0.3146,0.0,25734.72,142,2026-05-11T02:00:00+05:30
ERP-O-001557,2026-05-10,East,Home,245.81,7.08,639114.68,89476.06,2600.0,0.2982,0.0,7030.26,133,2026-05-11T02:00:00+05:30
ERP-O-001558,2026-05-10,West,Apparel,591.47,23.42,857635.92,137221.75,1450.0,0.3563,0.0,9434.0,320,2026-05-11T02:00:00+05:30
ERP-O-001559,2026-05-10,West,Electronics,363.72,7.86,3237090.38,388450.85,8900.0,0.3297,0.0,35607.99,197,2026-05-11T02:00:00+05:30
ERP-O-001560,2026-05-10,West,Home,298.57,8.6,776290.48,108680.67,2600.0,0.3328,0.0,8539.2,161,2026-05-11T02:00:00+05:30
ERP-O-001561,2026-05-11,North,Apparel,646.15,25.59,936912.63,149906.02,1450.0,0.3287,0.0,10306.04,349,2026-05-12T02:00:00+05:30
ERP-O-001562,2026-05-11,North,Electronics,368.22,7.95,3277113.8,393253.66,8900.0,0.3158,0.0,36048.25,199,2026-05-12T02:00:00+05:30
ERP-O-001563,2026-05-11,North,Home,311.18,8.96,809060.5,113268.47,2600.0,0.3357,0.0,8899.67,168,2026-05-12T02:00:00+05:30
ERP-O-001564,2026-05-11,South,Apparel,533.58,21.13,773695.08,123791.21,1450.0,0.3075,0.0,8510.65,288,2026-05-12T02:00:00+05:30
ERP-O-001565,2026-05-11,South,Electronics,313.38,6.77,2789072.14,334688.66,8900.0,0.361,0.0,30679.79,169,2026-05-12T02:00:00+05:30
ERP-O-001566,2026-05-11,South,Home,274.48,7.91,713651.47,99911.21,2600.0,0.3456,0.0,7850.17,148,2026-05-12T02:00:00+05:30
ERP-O-001567,2026-05-11,East,Apparel,376.1,14.89,545339.33,87254.29,1450.0,0.328,0.0,5998.73,203,2026-05-12T02:00:00+05:30
ERP-O-001568,2026-05-11,East,Electronics,213.05,4.6,1896187.12,227542.45,8900.0,0.3238,0.0,20858.06,115,2026-05-12T02:00:00+05:30
ERP-O-001569,2026-05-11,East,Home,196.67,5.66,511337.76,71587.29,2600.0,0.3566,0.0,5624.72,106,2026-05-12T02:00:00+05:30
ERP-O-001570,2026-05-11,West,Apparel,497.41,19.7,721240.96,115398.55,1450.0,0.329,0.0,7933.65,269,2026-05-12T02:00:00+05:30
ERP-O-001571,2026-05-11,West,Electronics,285.84,6.17,2543981.93,305277.83,8900.0,0.3211,0.0,27983.8,155,2026-05-12T02:00:00+05:30
ERP-O-001572,2026-05-11,West,Home,266.14,7.66,691966.54,96875.32,2600.0,0.3594,0.0,7611.63,144,2026-05-12T02:00:00+05:30
ERP-O-001573,2026-05-12,North,Apparel,631.93,25.02,916302.51,146608.4,1450.0,0.3147,0.0,10079.33,342,2026-05-13T02:00:00+05:30
ERP-O-001574,2026-05-12,North,Electronics,373.68,8.07,3325714.71,399085.77,8900.0,0.3169,0.0,36582.86,202,2026-05-13T02:00:00+05:30
ERP-O-001575,2026-05-12,North,Home,319.58,9.2,830906.54,116326.92,2600.0,0.3519,0.0,9139.97,173,2026-05-13T02:00:00+05:30
ERP-O-001576,2026-05-12,South,Apparel,528.13,20.91,765794.01,122527.04,1450.0,0.3353,0.0,8423.73,285,2026-05-13T02:00:00+05:30
ERP-O-001577,2026-05-12,South,Electronics,298.12,6.44,2653243.85,318389.26,8900.0,0.3563,0.0,29185.68,161,2026-05-13T02:00:00+05:30
ERP-O-001578,2026-05-12,South,Home,285.53,8.22,742384.44,103933.82,2600.0,0.3287,0.0,8166.23,154,2026-05-13T02:00:00+05:30
ERP-O-001579,2026-05-12,East,Apparel,369.32,14.63,535514.58,85682.33,1450.0,0.3507,0.0,5890.66,200,2026-05-13T02:00:00+05:30
ERP-O-001580,2026-05-12,East,Electronics,197.3,4.26,1755953.67,210714.44,8900.0,0.3104,0.0,19315.49,107,2026-05-13T02:00:00+05:30
ERP-O-001581,2026-05-12,East,Home,195.97,5.64,509511.37,71331.59,2600.0,0.3321,0.0,5604.63,106,2026-05-13T02:00:00+05:30
ERP-O-001582,2026-05-12,West,Apparel,472.85,18.72,685626.32,109700.21,1450.0,0.3777,0.0,7541.89,256,2026-05-13T02:00:00+05:30
ERP-O-001583,2026-05-12,West,Electronics,297.18,6.42,2644944.36,317393.32,8900.0,0.3704,0.0,29094.39,161,2026-05-13T02:00:00+05:30
ERP-O-001584,2026-05-12,West,Home,258.44,7.44,671935.22,94070.93,2600.0,0.3726,0.0,7391.29,140,2026-05-13T02:00:00+05:30
ERP-O-001585,2026-05-13,North,Apparel,622.23,24.64,902232.62,144357.22,1450.0,0.3663,0.0,9924.56,336,2026-05-14T02:00:00+05:30
ERP-O-001586,2026-05-13,North,Electronics,345.64,7.47,3076201.17,369144.14,8900.0,0.3418,0.0,33838.21,187,2026-05-14T02:00:00+05:30
ERP-O-001587,2026-05-13,North,Home,326.45,9.4,848768.27,118827.56,2600.0,0.31,0.0,9336.45,176,2026-05-14T02:00:00+05:30
ERP-O-001588,2026-05-13,South,Apparel,539.74,21.37,782627.04,125220.33,1450.0,0.3498,0.0,8608.9,292,2026-05-14T02:00:00+05:30
ERP-O-001589,2026-05-13,South,Electronics,293.17,6.33,2609250.5,313110.06,8900.0,0.328,0.0,28701.76,158,2026-05-14T02:00:00+05:30
ERP-O-001590,2026-05-13,South,Home,288.59,8.31,750322.65,,2600.0,0.3747,0.0,8253.55,156,2026-05-14T02:00:00+05:30
ERP-O-001591,2026-05-13,East,Apparel,346.28,13.71,502112.76,80338.04,1450.0,0.3176,0.0,5523.24,187,2026-05-14T02:00:00+05:30
ERP-O-001592,2026-05-13,East,Electronics,206.62,4.46,1838926.49,220671.18,8900.0,0.3231,0.0,20228.19,112,2026-05-14T02:00:00+05:30
ERP-O-001593,2026-05-13,East,Home,192.94,5.56,501644.35,70230.21,2600.0,0.3729,0.0,5518.09,104,2026-05-14T02:00:00+05:30
ERP-O-001594,2026-05-13,West,Apparel,501.63,19.86,727361.95,116377.91,1450.0,0.3578,0.0,8000.98,271,2026-05-14T02:00:00+05:30
ERP-O-001595,2026-05-13,West,Electronics,289.19,6.25,2573834.14,308860.1,8900.0,0.3475,0.0,28312.18,156,2026-05-14T02:00:00+05:30
ERP-O-001596,2026-05-13,West,Home,257.47,7.42,669424.89,93719.49,2600.0,0.3467,0.0,7363.67,139,2026-05-14T02:00:00+05:30
ERP-O-001597,2026-05-14,North,Apparel,659.1,26.1,955699.91,152911.99,1450.0,0.3099,0.0,10512.7,356,2026-05-15T02:00:00+05:30
ERP-O-001598,2026-05-14,North,Electronics,371.9,8.03,3309909.16,397189.1,8900.0,0.3358,0.0,36409.0,201,2026-05-15T02:00:00+05:30
ERP-O-001599,2026-05-14,North,Home,312.7,9.01,813023.63,113823.31,2600.0,0.3353,0.0,8943.26,169,2026-05-15T02:00:00+05:30
ERP-O-001600,2026-05-14,South,Apparel,560.21,22.18,812306.01,129968.96,1450.0,0.3388,0.0,8935.37,303,2026-05-15T02:00:00+05:30
ERP-O-001601,2026-05-14,South,Electronics,296.43,6.4,2638185.24,316582.23,8900.0,0.3626,0.0,29020.04,160,2026-05-15T02:00:00+05:30
ERP-O-001602,2026-05-14,South,Home,309.64,8.92,805065.89,112709.22,2600.0,0.3448,0.0,8855.72,167,2026-05-15T02:00:00+05:30
ERP-O-001603,2026-05-14,East,Apparel,360.59,14.28,522861.83,83657.89,1450.0,0.3858,0.0,5751.48,195,2026-05-15T02:00:00+05:30
ERP-O-001604,2026-05-14,East,Electronics,220.34,4.76,1961027.54,235323.3,8900.0,0.3425,0.0,21571.3,119,2026-05-15T02:00:00+05:30
ERP-O-001605,2026-05-14,East,Home,192.99,5.56,501785.64,70249.99,2600.0,0.3182,0.0,5519.64,104,2026-05-15T02:00:00+05:30
ERP-O-001606,2026-05-14,West,Apparel,473.27,18.74,686242.5,109798.8,1450.0,0.3198,0.0,7548.67,256,2026-05-15T02:00:00+05:30
ERP-O-001607,2026-05-14,West,Electronics,294.22,6.36,2618516.61,314221.99,8900.0,0.3769,0.0,28803.68,159,2026-05-15T02:00:00+05:30
ERP-O-001608,2026-05-14,West,Home,245.64,7.07,638657.15,89412.0,2600.0,0.3204,0.0,7025.23,133,2026-05-15T02:00:00+05:30
ERP-O-001609,2026-05-15,North,Apparel,632.15,25.03,916610.37,146657.66,1450.0,0.322,0.0,10082.71,342,2026-05-16T02:00:00+05:30
ERP-O-001610,2026-05-15,North,Electronics,378.22,8.17,3366148.46,403937.82,8900.0,0.373,0.0,37027.63,204,2026-05-16T02:00:00+05:30
ERP-O-001611,2026-05-15,North,Home,302.55,8.71,786636.82,110129.16,2600.0,0.3414,0.0,8653.01,164,2026-05-16T02:00:00+05:30
ERP-O-001612,2026-05-15,South,Apparel,529.81,20.98,768217.5,122914.8,1450.0,0.3895,0.0,8450.39,286,2026-05-16T02:00:00+05:30
ERP-O-001613,2026-05-15,South,Electronics,326.04,7.04,2901715.85,348205.9,8900.0,0.3587,0.0,31918.87,176,2026-05-16T02:00:00+05:30
ERP-O-001614,2026-05-15,South,Home,294.99,8.5,766979.78,107377.17,2600.0,0.3565,0.0,8436.78,159,2026-05-16T02:00:00+05:30
ERP-O-001615,2026-05-15,East,Apparel,386.01,15.29,559710.59,89553.69,1450.0,0.3425,0.0,6156.82,209,2026-05-16T02:00:00+05:30
ERP-O-001616,2026-05-15,East,Electronics,208.94,4.51,1859597.25,223151.67,8900.0,0.3427,0.0,20455.57,113,2026-05-16T02:00:00+05:30
ERP-O-001617,2026-05-15,East,Home,190.96,5.5,496490.36,69508.65,2600.0,0.3468,0.0,5461.39,103,2026-05-16T02:00:00+05:30
ERP-O-001618,2026-05-15,West,Apparel,460.79,18.25,668151.75,106904.28,1450.0,0.333,0.0,7349.67,249,2026-05-16T02:00:00+05:30
ERP-O-001619,2026-05-15,West,Electronics,295.49,6.38,2629876.04,315585.12,8900.0,0.3755,0.0,28928.64,160,2026-05-16T02:00:00+05:30
ERP-O-001620,2026-05-15,West,Home,264.49,7.62,687675.52,96274.57,2600.0,0.3047,0.0,7564.43,143,2026-05-16T02:00:00+05:30
ERP-O-001621,2026-05-16,North,Apparel,771.51,30.55,1118694.38,178991.1,1450.0,0.324,0.0,12305.64,417,2026-05-17T02:00:00+05:30
ERP-O-001622,2026-05-16,North,Electronics,429.14,9.27,3819304.26,458316.51,8900.0,0.3536,0.0,42012.35,232,2026-05-17T02:00:00+05:30
ERP-O-001623,2026-05-16,North,Home,354.7,10.22,922218.71,129110.62,2600.0,0.3275,0.0,10144.41,192,2026-05-17T02:00:00+05:30
ERP-O-001624,2026-05-16,South,Apparel,628.5,24.89,911329.41,145812.71,1450.0,0.3575,0.0,10024.62,340,2026-05-17T02:00:00+05:30
ERP-O-001625,2026-05-16,South,Electronics,373.25,8.06,3321886.16,398626.34,8900.0,0.3203,0.0,36540.75,202,2026-05-17T02:00:00+05:30
ERP-O-001626,2026-05-16,South,Home,344.92,9.93,896803.98,125552.56,2600.0,0.3018,0.0,9864.84,186,2026-05-17T02:00:00+05:30
ERP-O-001627,2026-05-16,East,Apparel,441.02,17.46,639478.04,102316.49,1450.0,0.3317,0.0,7034.26,238,2026-05-17T02:00:00+05:30
ERP-O-001628,2026-05-16,East,Electronics,255.52,5.52,2274137.96,272896.56,8900.0,0.3304,0.0,25015.52,138,2026-05-17T02:00:00+05:30
ERP-O-001629,2026-05-16,East,Home,235.16,6.77,611423.6,85599.3,2600.0,0.3538,0.0,6725.66,127,2026-05-17T02:00:00+05:30
ERP-O-001630,2026-05-16,West,Apparel,604.2,23.93,876096.59,140175.45,1450.0,0.3452,0.0,9637.06,327,2026-05-17T02:00:00+05:30
ERP-O-001631,2026-05-16,West,Electronics,348.02,7.52,3097398.22,371687.79,8900.0,0.2992,0.0,34071.38,188,2026-05-17T02:00:00+05:30
ERP-O-001632,2026-05-16,West,Home,285.95,8.24,743477.91,104086.91,2600.0,0.344,0.0,8178.26,155,2026-05-17T02:00:00+05:30
ERP-O-001633,2026-05-17,North,Apparel,751.39,29.75,1089513.39,174322.14,1450.0,0.3246,0.0,11984.65,406,2026-05-18T02:00:00+05:30
ERP-O-001634,2026-05-17,North,Electronics,439.6,9.5,3912426.32,469491.16,8900.0,0.3232,0.0,43036.69,238,2026-05-18T02:00:00+05:30
ERP-O-001635,2026-05-17,North,Home,382.98,11.03,995745.91,139404.43,2600.0,0.3243,0.0,10953.2,207,2026-05-18T02:00:00+05:30
ERP-O-001636,2026-05-17,South,Apparel,629.83,24.94,913257.6,146121.22,1450.0,0.3421,0.0,10045.83,340,2026-05-18T02:00:00+05:30
ERP-O-001637,2026-05-17,South,Electronics,365.79,7.9,3255575.43,390669.05,8900.0,0.3637,0.0,35811.33,198,2026-05-18T02:00:00+05:30
ERP-O-001638,2026-05-17,South,Home,329.89,9.5,857726.08,120081.65,2600.0,0.3458,0.0,9434.99,178,2026-05-18T02:00:00+05:30
ERP-O-001639,2026-05-17,East,Apparel,432.92,17.14,627739.85,100438.38,1450.0,0.3565,0.0,6905.14,234,2026-05-18T02:00:00+05:30
ERP-O-001640,2026-05-17,East,Electronics,246.19,5.32,2191072.36,262928.68,8900.0,0.3336,0.0,24101.8,133,2026-05-18T02:00:00+05:30
ERP-O-001641,2026-05-17,East,Home,230.45,6.64,599165.22,83883.13,2600.0,0.3192,0.0,6590.82,125,2026-05-18T02:00:00+05:30
ERP-O-001642,2026-05-17,West,Apparel,583.18,23.09,845614.3,135298.29,1450.0,0.3538,0.0,9301.76,315,2026-05-18T02:00:00+05:30
ERP-O-001643,2026-05-17,West,Electronics,322.1,6.96,2866676.9,344001.23,8900.0,0.3525,0.0,31533.45,174,2026-05-18T02:00:00+05:30
ERP-O-001644,2026-05-17,West,Home,296.87,8.55,771868.39,108061.57,2600.0,0.314,0.0,8490.55,160,2026-05-18T02:00:00+05:30
ERP-O-001645,2026-05-18,North,Apparel,620.02,24.55,899034.43,143845.51,1450.0,0.3492,0.0,9889.38,335,2026-05-19T02:00:00+05:30
ERP-O-001646,2026-05-18,North,Electronics,363.7,7.86,3236891.94,388427.03,8900.0,0.3622,0.0,35605.81,197,2026-05-19T02:00:00+05:30
ERP-O-001647,2026-05-18,North,Home,333.94,9.62,868238.78,121553.43,2600.0,0.3238,0.0,9550.63,181,2026-05-19T02:00:00+05:30
ERP-O-001648,2026-05-18,South,Apparel,536.85,21.26,778431.16,124548.99,1450.0,0.2896,0.0,8562.74,290,2026-05-19T02:00:00+05:30
ERP-O-001649,2026-05-18,South,Electronics,336.33,7.26,2993347.58,359201.71,8900.0,0.3186,0.0,32926.82,182,2026-05-19T02:00:00+05:30
ERP-O-001650,2026-05-18,South,Home,278.88,8.03,725096.86,101513.56,2600.0,0.3068,0.0,7976.07,151,2026-05-19T02:00:00+05:30
ERP-O-001651,2026-05-18,East,Apparel,357.95,14.17,519026.32,83044.21,1450.0,0.3102,0.0,5709.29,193,2026-05-19T02:00:00+05:30
ERP-O-001652,2026-05-18,East,Electronics,215.91,4.66,1921618.26,230594.19,8900.0,0.3376,0.0,21137.8,117,2026-05-19T02:00:00+05:30
ERP-O-001653,2026-05-18,East,Home,196.8,5.67,511673.95,71634.35,2600.0,0.331,0.0,5628.41,106,2026-05-19T02:00:00+05:30
ERP-O-001654,2026-05-18,West,Apparel,471.36,18.67,683479.06,109356.65,1450.0,0.3489,0.0,7518.27,255,2026-05-19T02:00:00+05:30
ERP-O-001655,2026-05-18,West,Electronics,303.08,6.55,2697373.44,323684.81,8900.0,0.3484,0.0,29671.11,164,2026-05-19T02:00:00+05:30
ERP-O-001656,2026-05-18,West,Home,251.86,7.25,654845.4,91678.36,2600.0,0.3479,0.0,7203.3,136,2026-05-19T02:00:00+05:30
ERP-O-001657,2026-05-19,North,Apparel,637.09,25.23,923776.76,147804.28,1450.0,0.3583,0.0,10161.54,344,2026-05-20T02:00:00+05:30
ERP-O-001658,2026-05-19,North,Electronics,382.09,8.25,3400642.54,408077.1,8900.0,0.3637,0.0,37407.07,207,2026-05-20T02:00:00+05:30
ERP-O-001659,2026-05-19,North,Home,320.87,9.24,834257.06,116795.99,2600.0,0.3489,0.0,9176.83,173,2026-05-20T02:00:00+05:30
ERP-O-001660,2026-05-19,South,Apparel,561.84,22.25,814664.47,130346.31,1450.0,0.3521,0.0,8961.31,304,2026-05-20T02:00:00+05:30
ERP-O-001661,2026-05-19,South,Electronics,322.8,6.97,2872940.26,344752.83,8900.0,0.3378,0.0,31602.34,174,2026-05-20T02:00:00+05:30
ERP-O-001662,2026-05-19,South,Home,292.47,8.42,760417.97,106458.52,2600.0,0.3548,0.0,8364.6,158,2026-05-20T02:00:00+05:30
ERP-O-001663,2026-05-19,East,Apparel,365.11,14.46,529402.74,84704.44,1450.0,0.3698,0.0,5823.43,197,2026-05-20T02:00:00+05:30
ERP-O-001664,2026-05-19,East,Electronics,217.47,4.7,1935464.91,232255.79,8900.0,0.3408,0.0,21290.11,118,2026-05-20T02:00:00+05:30
ERP-O-001665,2026-05-19,East,Home,198.44,5.72,515944.83,72232.28,2600.0,0.3715,0.0,5675.39,107,2026-05-20T02:00:00+05:30
ERP-O-001666,2026-05-19,West,Apparel,490.85,19.44,711731.15,113876.98,1450.0,0.2884,0.0,7829.04,265,2026-05-20T02:00:00+05:30
ERP-O-001667,2026-05-19,West,Electronics,302.38,6.53,2691218.79,322946.26,8900.0,0.3461,0.0,29603.41,163,2026-05-20T02:00:00+05:30
ERP-O-001668,2026-05-19,West,Home,250.88,7.23,652293.95,91321.15,2600.0,0.3355,0.0,7175.23,136,2026-05-20T02:00:00+05:30
ERP-O-001669,2026-05-20,North,Apparel,636.84,25.22,923415.11,147746.42,1450.0,0.3561,0.0,10157.57,344,2026-05-21T02:00:00+05:30
ERP-O-001670,2026-05-20,North,Electronics,360.41,7.78,3207647.33,384917.68,8900.0,0.3333,0.0,35284.12,195,2026-05-21T02:00:00+05:30
ERP-O-001671,2026-05-20,North,Home,291.73,8.4,758487.36,106188.23,2600.0,0.3618,0.0,8343.36,158,2026-05-21T02:00:00+05:30
ERP-O-001672,2026-05-20,South,Apparel,538.3,21.32,780539.9,124886.38,1450.0,0.3356,0.0,8585.94,291,2026-05-21T02:00:00+05:30
ERP-O-001673,2026-05-20,South,Electronics,315.04,6.8,2803875.12,336465.01,8900.0,0.3345,0.0,30842.63,170,2026-05-21T02:00:00+05:30
ERP-O-001674,2026-05-20,South,Home,294.15,8.47,764783.36,107069.67,2600.0,0.3419,0.0,8412.62,159,2026-05-21T02:00:00+05:30
ERP-O-001675,2026-05-20,East,Apparel,376.12,14.89,545380.07,87260.81,1450.0,0.3514,0.0,5999.18,203,2026-05-21T02:00:00+05:30
ERP-O-001676,2026-05-20,East,Electronics,223.28,4.82,1987188.89,238462.67,8900.0,0.3242,0.0,21859.08,121,2026-05-21T02:00:00+05:30
ERP-O-001677,2026-05-20,East,Home,199.58,5.75,518905.39,72646.75,2600.0,0.3413,0.0,5707.96,108,2026-05-21T02:00:00+05:30
ERP-O-001678,2026-05-20,West,Apparel,453.24,17.95,657205.07,105152.81,1450.0,0.3258,0.0,7229.26,245,2026-05-21T02:00:00+05:30
ERP-O-001679,2026-05-20,West,Electronics,278.87,6.02,2481984.61,297838.15,8900.0,0.3333,0.0,27301.83,151,2026-05-21T02:00:00+05:30
ERP-O-001680,2026-05-20,West,Home,247.7,7.13,644024.82,90163.48,2600.0,0.3252,0.0,7084.27,134,2026-05-21T02:00:00+05:30
ERP-O-001681,2026-05-21,North,Apparel,546.61,21.65,792579.49,87183.74,1450.0,0.3447,0.0,8718.37,295,2026-05-22T02:00:00+05:30
ERP-O-001682,2026-05-21,North,Electronics,328.37,7.09,2922524.12,204576.69,8900.0,0.3388,0.0,32147.77,177,2026-05-22T02:00:00+05:30
ERP-O-001683,2026-05-21,North,Home,276.77,7.97,719605.76,64764.52,2600.0,0.3342,0.0,7915.66,150,2026-05-22T02:00:00+05:30
ERP-O-001684,2026-05-21,South,Apparel,444.97,17.62,645203.07,70972.34,1450.0,0.3167,0.0,7097.23,241,2026-05-22T02:00:00+05:30
ERP-O-001685,2026-05-21,South,Electronics,275.39,5.95,2450969.01,171567.83,8900.0,0.3691,0.0,26960.66,149,2026-05-22T02:00:00+05:30
ERP-O-001686,2026-05-21,South,Home,235.25,6.78,611653.66,55048.83,2600.0,0.3715,0.0,6728.19,127,2026-05-22T02:00:00+05:30
ERP-O-001687,2026-05-21,East,Apparel,310.82,12.31,450692.26,49576.15,1450.0,0.3214,0.0,4957.61,168,2026-05-22T02:00:00+05:30
ERP-O-001688,2026-05-21,East,Electronics,181.0,3.91,1610876.38,,8900.0,0.2967,0.0,17719.64,98,2026-05-22T02:00:00+05:30
ERP-O-001689,2026-05-21,East,Home,170.67,4.92,443737.37,39936.36,2600.0,0.3429,0.0,4881.11,92,2026-05-22T02:00:00+05:30
ERP-O-001690,2026-05-21,West,Apparel,426.9,16.91,619010.43,68091.15,1450.0,0.345,0.0,6809.11,231,2026-05-22T02:00:00+05:30
ERP-O-001691,2026-05-21,West,Electronics,249.74,5.39,2222699.65,155588.98,8900.0,0.3498,0.0,24449.7,135,2026-05-22T02:00:00+05:30
ERP-O-001692,2026-05-21,West,Home,215.32,6.2,559831.82,50384.86,2600.0,0.3476,0.0,6158.15,116,2026-05-22T02:00:00+05:30
ERP-O-001693,2026-05-22,North,Apparel,534.46,21.16,774967.36,85246.41,1450.0,0.3649,0.0,8524.64,289,2026-05-23T02:00:00+05:30
ERP-O-001694,2026-05-22,North,Electronics,311.99,6.74,2776699.88,194368.99,8900.0,0.3609,0.0,30543.7,169,2026-05-23T02:00:00+05:30
ERP-O-001695,2026-05-22,North,Home,265.62,7.65,690608.55,62154.77,2600.0,0.3304,0.0,7596.69,144,2026-05-23T02:00:00+05:30
ERP-O-001696,2026-05-22,South,Apparel,439.54,17.41,637331.36,70106.45,1450.0,0.3633,0.0,7010.64,238,2026-05-23T02:00:00+05:30
ERP-O-001697,2026-05-22,South,Electronics,263.42,5.69,2344395.35,164107.67,8900.0,0.3539,0.0,25788.35,142,2026-05-23T02:00:00+05:30
ERP-O-001698,2026-05-22,South,Home,238.88,6.88,621083.11,55897.48,2600.0,0.3307,0.0,6831.91,129,2026-05-23T02:00:00+05:30
ERP-O-001699,2026-05-22,East,Apparel,301.23,11.93,436778.97,48045.69,1450.0,0.3741,0.0,4804.57,163,2026-05-23T02:00:00+05:30
ERP-O-001700,2026-05-22,East,Electronics,175.47,3.79,1561673.81,109317.17,8900.0,0.3496,0.0,17178.41,95,2026-05-23T02:00:00+05:30
ERP-O-001701,2026-05-22,East,Home,170.46,4.91,443190.34,39887.13,2600.0,0.3524,0.0,4875.09,92,2026-05-23T02:00:00+05:30
ERP-O-001702,2026-05-22,West,Apparel,430.93,17.07,624855.22,68734.07,1450.0,0.368,0.0,6873.41,233,2026-05-23T02:00:00+05:30
ERP-O-001703,2026-05-22,West,Electronics,242.67,5.24,2159764.85,151183.54,8900.0,0.3524,0.0,23757.41,131,2026-05-23T02:00:00+05:30
ERP-O-001704,2026-05-22,West,Home,201.79,5.81,524661.17,47219.5,2600.0,0.3184,0.0,5771.27,109,2026-05-23T02:00:00+05:30
ERP-O-001705,2026-05-23,North,Apparel,676.71,26.8,981235.8,107935.94,1450.0,0.3205,0.0,10793.59,366,2026-05-24T02:00:00+05:30
ERP-O-001706,2026-05-23,North,Electronics,355.71,7.68,3165833.71,221608.36,8900.0,0.3143,0.0,34824.17,192,2026-05-24T02:00:00+05:30
ERP-O-001707,2026-05-23,North,Home,336.55,9.69,875027.69,78752.49,2600.0,0.3256,0.0,9625.3,182,2026-05-24T02:00:00+05:30
ERP-O-001708,2026-05-23,South,Apparel,529.96,20.99,768445.61,84529.02,1450.0,0.3798,0.0,8452.9,286,2026-05-24T02:00:00+05:30
ERP-O-001709,2026-05-23,South,Electronics,306.78,6.63,2730313.87,191121.97,8900.0,0.354,0.0,30033.45,166,2026-05-24T02:00:00+05:30
ERP-O-001710,2026-05-23,South,Home,293.78,8.46,763823.57,68744.12,2600.0,0.343,0.0,8402.06,159,2026-05-24T02:00:00+05:30
ERP-O-001711,2026-05-23,East,Apparel,381.02,15.09,552473.17,60772.05,1450.0,0.3448,0.0,6077.2,206,2026-05-24T02:00:00+05:30
ERP-O-001712,2026-05-23,East,Electronics,202.48,4.37,1802037.93,126142.66,8900.0,0.3679,0.0,19822.42,109,2026-05-24T02:00:00+05:30
ERP-O-001713,2026-05-23,East,Home,193.76,5.58,503775.41,45339.79,2600.0,0.3165,0.0,5541.53,105,2026-05-24T02:00:00+05:30
ERP-O-001714,2026-05-23,West,Apparel,491.6,19.47,712820.67,78410.27,1450.0,0.346,0.0,7841.03,266,2026-05-24T02:00:00+05:30
ERP-O-001715,2026-05-23,West,Electronics,296.54,6.41,2639170.27,,8900.0,0.3484,0.0,29030.87,160,2026-05-24T02:00:00+05:30
ERP-O-001716,2026-05-23,West,Home,256.45,7.39,666761.05,60008.49,2600.0,0.2963,0.0,7334.37,139,2026-05-24T02:00:00+05:30
ERP-O-001717,2026-05-24,North,Apparel,591.37,23.42,857485.51,94323.41,1450.0,0.352,0.0,9432.34,320,2026-05-25T02:00:00+05:30
ERP-O-001718,2026-05-24,North,Electronics,409.75,8.85,3646799.87,255275.99,8900.0,0.3592,0.0,40114.8,221,2026-05-25T02:00:00+05:30
ERP-O-001719,2026-05-24,North,Home,319.45,9.2,830571.2,74751.41,2600.0,0.3379,0.0,9136.28,173,2026-05-25T02:00:00+05:30
ERP-O-001720,2026-05-24,South,Apparel,531.07,21.03,770048.92,84705.38,1450.0,0.3342,0.0,8470.54,287,2026-05-25T02:00:00+05:30
ERP-O-001721,2026-05-24,South,Electronics,310.88,6.72,2766844.52,193679.12,8900.0,0.3264,0.0,30435.29,168,2026-05-25T02:00:00+05:30
ERP-O-001722,2026-05-24,South,Home,290.01,8.35,754029.8,67862.68,2600.0,0.3803,0.0,8294.33,157,2026-05-25T02:00:00+05:30
ERP-O-001723,2026-05-24,East,Apparel,389.71,15.43,565080.88,62158.9,1450.0,0.3386,0.0,6215.89,211,2026-05-25T02:00:00+05:30
ERP-O-001724,2026-05-24,East,Electronics,211.03,4.56,1878205.5,131474.38,8900.0,0.3047,0.0,20660.26,114,2026-05-25T02:00:00+05:30
ERP-O-001725,2026-05-24,East,Home,202.06,5.82,525352.98,47281.77,2600.0,0.317,0.0,5778.88,109,2026-05-25T02:00:00+05:30
ERP-O-001726,2026-05-24,West,Apparel,496.02,19.64,719224.5,79114.7,1450.0,0.3606,0.0,7911.47,268,2026-05-25T02:00:00+05:30
ERP-O-001727,2026-05-24,West,Electronics,313.62,6.77,2791252.71,195387.69,8900.0,0.3524,0.0,30703.78,170,2026-05-25T02:00:00+05:30
ERP-O-001728,2026-05-24,West,Home,252.68,7.28,656973.11,59127.58,2600.0,0.3235,0.0,7226.7,137,2026-05-25T02:00:00+05:30
ERP-O-001729,2026-05-25,North,Apparel,550.28,21.79,797904.11,87769.45,1450.0,0.3319,0.0,8776.95,297,2026-05-26T02:00:00+05:30
ERP-O-001730,2026-05-25,North,Electronics,306.34,6.62,2726390.86,190847.36,8900.0,0.3684,0.0,29990.3,166,2026-05-26T02:00:00+05:30
ERP-O-001731,2026-05-25,North,Home,283.76,8.17,737773.69,66399.63,2600.0,0.2909,0.0,8115.51,153,2026-05-26T02:00:00+05:30
ERP-O-001732,2026-05-25,South,Apparel,438.8,17.38,636259.23,69988.52,1450.0,0.3545,0.0,6998.85,237,2026-05-26T02:00:00+05:30
ERP-O-001733,2026-05-25,South,Electronics,248.4,5.37,2210753.9,154752.77,8900.0,0.316,0.0,24318.29,134,2026-05-26T02:00:00+05:30
ERP-O-001734,2026-05-25,South,Home,248.23,7.15,645410.24,58086.92,2600.0,0.3256,0.0,7099.51,134,2026-05-26T02:00:00+05:30
ERP-O-001735,2026-05-25,East,Apparel,319.1,12.64,462694.22,50896.36,1450.0,0.3539,0.0,5089.64,172,2026-05-26T02:00:00+05:30
ERP-O-001736,2026-05-25,East,Electronics,181.38,3.92,1614256.46,112997.95,8900.0,0.3552,0.0,17756.82,98,2026-05-26T02:00:00+05:30
ERP-O-001737,2026-05-25,East,Home,174.68,5.03,454169.7,40875.27,2600.0,0.3501,0.0,4995.87,94,2026-05-26T02:00:00+05:30
ERP-O-001738,2026-05-25,West,Apparel,408.44,16.17,592235.83,65145.94,1450.0,0.3188,0.0,6514.59,221,2026-05-26T02:00:00+05:30
ERP-O-001739,2026-05-25,West,Electronics,259.82,5.61,2312419.24,161869.35,8900.0,0.3616,0.0,25436.61,140,2026-05-26T02:00:00+05:30
ERP-O-001740,2026-05-25,West,Home,232.08,6.68,603418.19,54307.64,2600.0,0.3068,0.0,6637.6,125,2026-05-26T02:00:00+05:30
ERP-O-001741,2026-05-26,North,Apparel,565.33,22.39,819724.55,90169.7,1450.0,0.3245,0.0,9016.97,306,2026-05-27T02:00:00+05:30
ERP-O-001742,2026-05-26,North,Electronics,313.43,6.77,2789557.65,195269.04,8900.0,0.339,0.0,30685.13,169,2026-05-27T02:00:00+05:30
ERP-O-001743,2026-05-26,North,Home,268.94,7.75,699248.13,62932.33,2600.0,0.3374,0.0,7691.73,145,2026-05-27T02:00:00+05:30
ERP-O-001744,2026-05-26,South,Apparel,458.69,18.16,665105.07,73161.56,1450.0,0.3291,0.0,7316.16,248,2026-05-27T02:00:00+05:30
ERP-O-001745,2026-05-26,South,Electronics,259.26,5.6,2307390.9,161517.36,8900.0,0.3247,0.0,25381.3,140,2026-05-27T02:00:00+05:30
ERP-O-001746,2026-05-26,South,Home,263.97,7.6,686333.04,61769.97,2600.0,0.3248,0.0,7549.66,143,2026-05-27T02:00:00+05:30
ERP-O-001747,2026-05-26,East,Apparel,311.94,12.35,452320.19,49755.22,1450.0,0.3213,0.0,4975.52,169,2026-05-27T02:00:00+05:30
ERP-O-001748,2026-05-26,East,Electronics,175.96,3.8,1566080.75,109625.65,8900.0,0.3305,0.0,17226.89,95,2026-05-27T02:00:00+05:30
ERP-O-001749,2026-05-26,East,Home,172.58,4.97,448709.39,40383.84,2600.0,0.332,0.0,4935.8,93,2026-05-27T02:00:00+05:30
ERP-O-001750,2026-05-26,West,Apparel,399.55,15.82,579342.73,63727.7,1450.0,0.3438,0.0,6372.77,216,2026-05-27T02:00:00+05:30
ERP-O-001751,2026-05-26,West,Electronics,244.12,5.27,2172689.68,152088.28,8900.0,0.3488,0.0,23899.59,132,2026-05-27T02:00:00+05:30
ERP-O-001752,2026-05-26,West,Home,223.97,6.45,582314.08,52408.27,2600.0,0.3378,0.0,6405.45,121,2026-05-27T02:00:00+05:30
ERP-O-001753,2026-05-27,North,Apparel,551.13,21.82,799133.1,87904.64,1450.0,0.3443,0.0,8790.46,298,2026-05-28T02:00:00+05:30
ERP-O-001754,2026-05-27,North,Electronics,313.86,6.78,2793391.68,195537.42,8900.0,0.3441,0.0,30727.31,170,2026-05-28T02:00:00+05:30
ERP-O-001755,2026-05-27,North,Home,268.67,7.74,698545.31,62869.08,2600.0,0.3407,0.0,7684.0,145,2026-05-28T02:00:00+05:30
ERP-O-001756,2026-05-27,South,Apparel,438.07,17.35,635200.76,69872.08,1450.0,0.2926,0.0,6987.21,237,2026-05-28T02:00:00+05:30
ERP-O-001757,2026-05-27,South,Electronics,262.91,5.68,2339913.87,163793.97,8900.0,0.3484,0.0,25739.05,142,2026-05-28T02:00:00+05:30
ERP-O-001758,2026-05-27,South,Home,238.89,6.88,621116.63,55900.5,2600.0,0.3881,0.0,6832.28,129,2026-05-28T02:00:00+05:30
ERP-O-001759,2026-05-27,East,Apparel,311.29,12.33,451365.86,49650.24,1450.0,0.3429,0.0,4965.02,168,2026-05-28T02:00:00+05:30
ERP-O-001760,2026-05-27,East,Electronics,190.07,4.11,1691612.08,,8900.0,0.3455,0.0,18607.73,103,2026-05-28T02:00:00+05:30
ERP-O-001761,2026-05-27,East,Home,168.36,4.85,437733.79,39396.04,2600.0,0.3429,0.0,4815.07,91,2026-05-28T02:00:00+05:30
ERP-O-001762,2026-05-27,West,Apparel,391.15,15.49,567165.74,62388.23,1450.0,0.3319,0.0,6238.82,211,2026-05-28T02:00:00+05:30
ERP-O-001763,2026-05-27,West,Electronics,258.53,5.58,2300874.0,161061.18,8900.0,0.3421,0.0,25309.61,140,2026-05-28T02:00:00+05:30
ERP-O-001764,2026-05-27,West,Home,215.4,6.2,560040.26,50403.62,2600.0,0.3359,0.0,6160.44,116,2026-05-28T02:00:00+05:30
ERP-O-001765,2026-05-28,North,Apparel,542.5,21.48,786631.11,86529.42,1450.0,0.3869,0.0,8652.94,293,2026-05-29T02:00:00+05:30
ERP-O-001766,2026-05-28,North,Electronics,300.41,6.49,2673650.86,187155.56,8900.0,0.3419,0.0,29410.16,162,2026-05-29T02:00:00+05:30
ERP-O-001767,2026-05-28,North,Home,274.89,7.92,714705.05,64323.45,2600.0,0.326,0.0,7861.76,149,2026-05-29T02:00:00+05:30
ERP-O-001768,2026-05-28,South,Apparel,483.0,19.13,700347.13,77038.18,1450.0,0.3343,0.0,7703.82,261,2026-05-29T02:00:00+05:30
ERP-O-001769,2026-05-28,South,Electronics,262.71,5.67,2338147.94,163670.36,8900.0,0.3139,0.0,25719.63,142,2026-05-29T02:00:00+05:30
ERP-O-001770,2026-05-28,South,Home,245.71,7.08,638842.92,57495.86,2600.0,0.3312,0.0,7027.27,133,2026-05-29T02:00:00+05:30
ERP-O-001771,2026-05-28,East,Apparel,337.47,13.36,489326.83,53825.95,1450.0,0.3369,0.0,5382.6,182,2026-05-29T02:00:00+05:30
ERP-O-001772,2026-05-28,East,Electronics,189.73,4.1,1688632.37,118204.27,8900.0,0.332,0.0,18574.96,103,2026-05-29T02:00:00+05:30
ERP-O-001773,2026-05-28,East,Home,161.2,4.64,419117.36,37720.56,2600.0,0.3475,0.0,4610.29,87,2026-05-29T02:00:00+05:30
ERP-O-001774,2026-05-28,West,Apparel,420.23,16.64,609336.29,67026.99,1450.0,0.3561,0.0,6702.7,227,2026-05-29T02:00:00+05:30
ERP-O-001775,2026-05-28,West,Electronics,245.83,5.31,2187903.78,153153.26,8900.0,0.3592,0.0,24066.94,133,2026-05-29T02:00:00+05:30
ERP-O-001776,2026-05-28,West,Home,221.11,6.37,574896.41,51740.68,2600.0,0.3426,0.0,6323.86,120,2026-05-29T02:00:00+05:30
ERP-O-001777,2026-05-29,North,Apparel,580.41,22.98,841588.97,92574.79,1450.0,0.3349,0.0,9257.48,314,2026-05-30T02:00:00+05:30
ERP-O-001778,2026-05-29,North,Electronics,318.78,6.89,2837166.31,198601.64,8900.0,0.3756,0.0,31208.83,172,2026-05-30T02:00:00+05:30
ERP-O-001779,2026-05-29,North,Home,270.83,7.8,704145.83,63373.12,2600.0,0.352,0.0,7745.6,146,2026-05-30T02:00:00+05:30
ERP-O-001780,2026-05-29,South,Apparel,438.2,17.35,635383.87,69892.23,1450.0,0.3433,0.0,6989.22,237,2026-05-30T02:00:00+05:30
ERP-O-001781,2026-05-29,South,Electronics,256.43,5.54,2282242.21,159756.95,8900.0,0.3501,0.0,25104.66,139,2026-05-30T02:00:00+05:30
ERP-O-001782,2026-05-29,South,Home,232.54,6.7,604593.01,54413.37,2600.0,0.3262,0.0,6650.52,126,2026-05-30T02:00:00+05:30
ERP-O-001783,2026-05-29,East,Apparel,305.52,12.1,443000.96,48730.11,1450.0,0.3344,0.0,4873.01,165,2026-05-30T02:00:00+05:30
ERP-O-001784,2026-05-29,East,Electronics,172.77,3.73,1537678.97,107637.53,8900.0,0.3492,0.0,16914.47,93,2026-05-30T02:00:00+05:30
ERP-O-001785,2026-05-29,East,Home,173.3,4.99,450573.71,40551.63,2600.0,0.3319,0.0,4956.31,94,2026-05-30T02:00:00+05:30
ERP-O-001786,2026-05-29,West,Apparel,410.58,16.26,595336.63,65487.03,1450.0,0.3577,0.0,6548.7,222,2026-05-30T02:00:00+05:30
ERP-O-001787,2026-05-29,West,Electronics,258.89,5.59,2304141.18,161289.88,8900.0,0.3388,0.0,25345.55,140,2026-05-30T02:00:00+05:30
ERP-O-001788,2026-05-29,West,Home,215.15,6.2,559385.47,50344.69,2600.0,0.3482,0.0,6153.24,116,2026-05-30T02:00:00+05:30
ERP-O-001789,2026-05-30,North,Apparel,666.37,26.39,966239.32,106286.33,1450.0,0.3422,0.0,10628.63,360,2026-05-31T02:00:00+05:30
ERP-O-001790,2026-05-30,North,Electronics,384.79,8.31,3424587.93,239721.15,8900.0,0.3302,0.0,37670.47,208,2026-05-31T02:00:00+05:30
ERP-O-001791,2026-05-30,North,Home,327.93,9.44,852608.34,76734.75,2600.0,0.3492,0.0,9378.69,177,2026-05-31T02:00:00+05:30
ERP-O-001792,2026-05-30,South,Apparel,557.33,22.07,808133.65,88894.7,1450.0,0.296,0.0,8889.47,301,2026-05-31T02:00:00+05:30
ERP-O-001793,2026-05-30,South,Electronics,312.75,6.76,2783486.04,194844.02,8900.0,0.3228,0.0,30618.35,169,2026-05-31T02:00:00+05:30
ERP-O-001794,2026-05-30,South,Home,293.56,8.45,763263.99,68693.76,2600.0,0.345,0.0,8395.9,159,2026-05-31T02:00:00+05:30
ERP-O-001795,2026-05-30,East,Apparel,364.48,14.43,528489.43,58133.84,1450.0,0.3333,0.0,5813.38,197,2026-05-31T02:00:00+05:30
ERP-O-001796,2026-05-30,East,Electronics,214.07,4.62,1905179.68,133362.58,8900.0,0.3113,0.0,20956.98,116,2026-05-31T02:00:00+05:30
ERP-O-001797,2026-05-30,East,Home,209.43,6.03,544518.63,49006.68,2600.0,0.3798,0.0,5989.7,113,2026-05-31T02:00:00+05:30
ERP-O-001798,2026-05-30,West,Apparel,519.92,20.59,753882.64,82927.09,1450.0,0.328,0.0,8292.71,281,2026-05-31T02:00:00+05:30
ERP-O-001799,2026-05-30,West,Electronics,297.78,6.43,2650200.32,185514.02,8900.0,0.3244,0.0,29152.2,161,2026-05-31T02:00:00+05:30
ERP-O-001800,2026-05-30,West,Home,261.33,7.53,679449.8,61150.48,2600.0,0.3337,0.0,7473.95,141,2026-05-31T02:00:00+05:30
ERP-O-001801,2026-05-31,North,Apparel,587.42,23.26,851755.41,93693.09,1450.0,0.3285,0.0,9369.31,318,2026-06-01T02:00:00+05:30
ERP-O-001802,2026-05-31,North,Electronics,380.48,8.22,3386241.77,237036.92,8900.0,0.3223,0.0,37248.66,206,2026-06-01T02:00:00+05:30
ERP-O-001803,2026-05-31,North,Home,296.2,8.53,770120.71,69310.86,2600.0,0.3565,0.0,8471.33,160,2026-06-01T02:00:00+05:30
ERP-O-001804,2026-05-31,South,Apparel,553.45,21.92,802500.14,88275.02,1450.0,0.3637,0.0,8827.5,299,2026-06-01T02:00:00+05:30
ERP-O-001805,2026-05-31,South,Electronics,293.88,6.35,2615554.8,183088.84,8900.0,0.3778,0.0,28771.1,159,2026-06-01T02:00:00+05:30
ERP-O-001806,2026-05-31,South,Home,286.54,8.25,744997.56,67049.78,2600.0,0.3675,0.0,8194.97,155,2026-06-01T02:00:00+05:30
ERP-O-001807,2026-05-31,East,Apparel,379.8,15.04,550708.03,60577.88,1450.0,0.371,0.0,6057.79,205,2026-06-01T02:00:00+05:30
ERP-O-001808,2026-05-31,East,Electronics,224.56,4.85,1998556.29,139898.94,8900.0,0.3763,0.0,21984.12,121,2026-06-01T02:00:00+05:30
ERP-O-001809,2026-05-31,East,Home,181.55,5.23,472022.37,42482.01,2600.0,0.333,0.0,5192.25,98,2026-06-01T02:00:00+05:30
ERP-O-001810,2026-05-31,West,Apparel,494.91,19.6,717626.47,78938.91,1450.0,0.3904,0.0,7893.89,268,2026-06-01T02:00:00+05:30
ERP-O-001811,2026-05-31,West,Electronics,306.02,6.61,2723592.89,190651.5,8900.0,0.3526,0.0,29959.52,165,2026-06-01T02:00:00+05:30
ERP-O-001812,2026-05-31,West,Home,261.12,7.52,678908.32,61101.75,2600.0,0.3034,0.0,7467.99,141,2026-06-01T02:00:00+05:30
ERP-O-001813,2026-06-01,North,Apparel,555.73,22.01,805813.13,88639.44,1450.0,0.3713,0.0,8863.94,300,2026-06-02T02:00:00+05:30
ERP-O-001814,2026-06-01,North,Electronics,294.03,6.35,2616857.34,183180.01,8900.0,0.3667,0.0,28785.43,159,2026-06-02T02:00:00+05:30
ERP-O-001815,2026-06-01,North,Home,286.33,8.25,744452.72,67000.74,2600.0,0.3263,0.0,8188.98,155,2026-06-02T02:00:00+05:30
ERP-O-001816,2026-06-01,South,Apparel,474.42,18.79,687906.13,75669.67,1450.0,0.3468,0.0,7566.97,256,2026-06-02T02:00:00+05:30
ERP-O-001817,2026-06-01,South,Electronics,268.54,5.8,2390042.39,167302.97,8900.0,0.3496,0.0,26290.47,145,2026-06-02T02:00:00+05:30
ERP-O-001818,2026-06-01,South,Home,266.88,7.69,693890.89,62450.18,2600.0,0.3295,0.0,7632.8,144,2026-06-02T02:00:00+05:30
ERP-O-001819,2026-06-01,East,Apparel,300.48,11.9,435698.27,47926.81,1450.0,0.3052,0.0,4792.68,162,2026-06-02T02:00:00+05:30
ERP-O-001820,2026-06-01,East,Electronics,183.71,3.97,1635024.22,114451.7,8900.0,0.3208,0.0,17985.27,99,2026-06-02T02:00:00+05:30
ERP-O-001821,2026-06-01,East,Home,163.78,4.72,425833.72,38325.03,2600.0,0.3488,0.0,4684.17,89,2026-06-02T02:00:00+05:30
ERP-O-001822,2026-06-01,West,Apparel,400.07,15.84,580103.59,63811.39,1450.0,0.3515,0.0,6381.14,216,2026-06-02T02:00:00+05:30
ERP-O-001823,2026-06-01,West,Electronics,236.55,5.11,2105299.12,,8900.0,0.3367,0.0,23158.29,128,2026-06-02T02:00:00+05:30
ERP-O-001824,2026-06-01,West,Home,209.88,6.04,545679.6,49111.16,2600.0,0.3274,0.0,6002.48,113,2026-06-02T02:00:00+05:30
ERP-O-001825,2026-06-02,North,Apparel,496.56,19.66,720013.45,79201.48,1450.0,0.3397,0.0,7920.15,268,2026-06-03T02:00:00+05:30
ERP-O-001826,2026-06-02,North,Electronics,300.32,6.49,2672806.54,187096.46,8900.0,0.3391,0.0,29400.87,162,2026-06-03T02:00:00+05:30
ERP-O-001827,2026-06-02,North,Home,262.88,7.57,683500.28,61515.03,2600.0,0.3409,0.0,7518.5,142,2026-06-03T02:00:00+05:30
ERP-O-001828,2026-06-02,South,Apparel,453.4,17.95,657423.31,72316.56,1450.0,0.3517,0.0,7231.66,245,2026-06-03T02:00:00+05:30
ERP-O-001829,2026-06-02,South,Electronics,262.63,5.67,2337421.43,163619.5,8900.0,0.308,0.0,25711.64,142,2026-06-03T02:00:00+05:30
ERP-O-001830,2026-06-02,South,Home,255.53,7.36,664372.07,59793.49,2600.0,0.3366,0.0,7308.09,138,2026-06-03T02:00:00+05:30
ERP-O-001831,2026-06-02,East,Apparel,295.58,11.71,428596.28,47145.59,1450.0,0.3204,0.0,4714.56,160,2026-06-03T02:00:00+05:30
ERP-O-001832,2026-06-02,East,Electronics,175.28,3.79,1560007.73,109200.54,8900.0,0.3346,0.0,17160.08,95,2026-06-03T02:00:00+05:30
ERP-O-001833,2026-06-02,East,Home,169.24,4.87,440011.87,39601.07,2600.0,0.3322,0.0,4840.13,91,2026-06-03T02:00:00+05:30
ERP-O-001834,2026-06-02,West,Apparel,415.59,16.46,602603.16,66286.35,1450.0,0.3246,0.0,6628.63,225,2026-06-03T02:00:00+05:30
ERP-O-001835,2026-06-02,West,Electronics,246.33,5.32,2192339.69,153463.78,8900.0,0.3434,0.0,24115.74,133,2026-06-03T02:00:00+05:30
ERP-O-001836,2026-06-02,West,Home,192.11,5.53,499490.31,44954.13,2600.0,0.3417,0.0,5494.39,104,2026-06-03T02:00:00+05:30
ERP-O-001837,2026-06-03,North,Apparel,545.56,21.6,791063.42,87016.98,1450.0,0.3386,0.0,8701.7,295,2026-06-04T02:00:00+05:30
ERP-O-001838,2026-06-03,North,Electronics,306.26,6.62,2725747.04,190802.29,8900.0,0.3497,0.0,29983.22,166,2026-06-04T02:00:00+05:30
ERP-O-001839,2026-06-03,North,Home,294.41,8.48,765473.05,68892.57,2600.0,0.3115,0.0,8420.2,159,2026-06-04T02:00:00+05:30
ERP-O-001840,2026-06-03,South,Apparel,418.83,16.59,607302.58,66803.28,1450.0,0.3544,0.0,6680.33,226,2026-06-04T02:00:00+05:30
ERP-O-001841,2026-06-03,South,Electronics,239.0,5.16,2127128.75,148899.01,8900.0,0.3474,0.0,23398.42,129,2026-06-04T02:00:00+05:30
ERP-O-001842,2026-06-03,South,Home,266.06,7.66,691759.7,62258.37,2600.0,0.3644,0.0,7609.36,144,2026-06-04T02:00:00+05:30
ERP-O-001843,2026-06-03,East,Apparel,316.81,12.55,459377.4,50531.51,1450.0,0.3281,0.0,5053.15,171,2026-06-04T02:00:00+05:30
ERP-O-001844,2026-06-03,East,Electronics,181.99,3.93,1619732.37,113381.27,8900.0,0.3296,0.0,17817.06,98,2026-06-04T02:00:00+05:30
ERP-O-001845,2026-06-03,East,Home,156.81,4.52,407706.18,36693.56,2600.0,0.3595,0.0,4484.77,85,2026-06-04T02:00:00+05:30
ERP-O-001846,2026-06-03,West,Apparel,433.09,17.15,627985.05,69078.36,1450.0,0.3385,0.0,6907.84,234,2026-06-04T02:00:00+05:30
ERP-O-001847,2026-06-03,West,Electronics,252.33,5.45,2245713.6,,8900.0,0.3484,0.0,24702.85,136,2026-06-04T02:00:00+05:30
ERP-O-001848,2026-06-03,West,Home,204.68,5.89,532175.24,47895.77,2600.0,0.3219,0.0,5853.93,111,2026-06-04T02:00:00+05:30
ERP-O-001849,2026-06-04,North,Apparel,538.64,21.33,781031.73,85913.49,1450.0,0.3411,0.0,8591.35,291,2026-06-05T02:00:00+05:30
ERP-O-001850,2026-06-04,North,Electronics,301.95,6.52,2687377.2,188116.4,8900.0,0.3363,0.0,29561.15,163,2026-06-05T02:00:00+05:30
ERP-O-001851,2026-06-04,North,Home,302.17,8.7,785647.74,70708.3,2600.0,0.3696,0.0,8642.13,163,2026-06-05T02:00:00+05:30
ERP-O-001852,2026-06-04,South,Apparel,485.06,19.21,703332.2,77366.54,1450.0,0.3654,0.0,7736.65,262,2026-06-05T02:00:00+05:30
ERP-O-001853,2026-06-04,South,Electronics,255.09,5.51,2270325.48,,8900.0,0.3188,0.0,24973.58,138,2026-06-05T02:00:00+05:30
ERP-O-001854,2026-06-04,South,Home,260.84,7.51,678195.58,61037.6,2600.0,0.3536,0.0,7460.15,141,2026-06-05T02:00:00+05:30
ERP-O-001855,2026-06-04,East,Apparel,320.66,12.7,464958.46,51145.43,1450.0,0.3421,0.0,5114.54,173,2026-06-05T02:00:00+05:30
ERP-O-001856,2026-06-04,East,Electronics,168.34,3.64,1498198.96,104873.93,8900.0,0.3709,0.0,16480.19,91,2026-06-05T02:00:00+05:30
ERP-O-001857,2026-06-04,East,Home,176.06,5.07,457743.38,41196.9,2600.0,0.3447,0.0,5035.18,95,2026-06-05T02:00:00+05:30
ERP-O-001858,2026-06-04,West,Apparel,385.12,15.25,558425.55,61426.81,1450.0,0.3656,0.0,6142.68,208,2026-06-05T02:00:00+05:30
ERP-O-001859,2026-06-04,West,Electronics,246.04,5.31,2189796.73,153285.77,8900.0,0.3396,0.0,24087.76,133,2026-06-05T02:00:00+05:30
ERP-O-001860,2026-06-04,West,Home,217.28,6.26,564940.99,50844.69,2600.0,0.3497,0.0,6214.35,117,2026-06-05T02:00:00+05:30
ERP-O-001861,2026-06-05,North,Apparel,520.12,20.6,754173.29,82959.06,1450.0,0.3571,0.0,8295.91,281,2026-06-06T02:00:00+05:30
ERP-O-001862,2026-06-05,North,Electronics,285.1,6.16,2537431.0,177620.17,8900.0,0.3506,0.0,27911.74,154,2026-06-06T02:00:00+05:30
ERP-O-001863,2026-06-05,North,Home,263.31,7.58,684607.53,61614.68,2600.0,0.334,0.0,7530.68,142,2026-06-06T02:00:00+05:30
ERP-O-001864,2026-06-05,South,Apparel,473.23,18.74,686186.72,75480.54,1450.0,0.3724,0.0,7548.05,256,2026-06-06T02:00:00+05:30
ERP-O-001865,2026-06-05,South,Electronics,277.72,6.0,2471733.0,173021.31,8900.0,0.3283,0.0,27189.06,150,2026-06-06T02:00:00+05:30
ERP-O-001866,2026-06-05,South,Home,254.33,7.32,661268.08,59514.13,2600.0,0.3473,0.0,7273.95,137,2026-06-06T02:00:00+05:30
ERP-O-001867,2026-06-05,East,Apparel,323.39,12.81,468917.63,51580.94,1450.0,0.3181,0.0,5158.09,175,2026-06-06T02:00:00+05:30
ERP-O-001868,2026-06-05,East,Electronics,184.73,3.99,1644059.26,115084.15,8900.0,0.3797,0.0,18084.65,100,2026-06-06T02:00:00+05:30
ERP-O-001869,2026-06-05,East,Home,167.79,4.83,436253.12,39262.78,2600.0,0.3485,0.0,4798.78,91,2026-06-06T02:00:00+05:30
ERP-O-001870,2026-06-05,West,Apparel,418.08,16.56,606218.62,66684.05,1450.0,0.3561,0.0,6668.4,226,2026-06-06T02:00:00+05:30
ERP-O-001871,2026-06-05,West,Electronics,254.12,5.49,2261635.07,158314.45,8900.0,0.3588,0.0,24877.99,137,2026-06-06T02:00:00+05:30
ERP-O-001872,2026-06-05,West,Home,212.0,6.11,551201.18,49608.11,2600.0,0.3575,0.0,6063.21,115,2026-06-06T02:00:00+05:30
ERP-O-001873,2026-06-06,North,Apparel,623.49,24.69,904062.52,,1450.0,0.3567,0.0,9944.69,337,2026-06-07T02:00:00+05:30
ERP-O-001874,2026-06-06,North,Electronics,398.19,8.6,3543875.12,248071.26,8900.0,0.3308,0.0,38982.63,215,2026-06-07T02:00:00+05:30
ERP-O-001875,2026-06-06,North,Home,336.72,9.7,875469.53,78792.26,2600.0,0.3187,0.0,9630.16,182,2026-06-07T02:00:00+05:30
ERP-O-001876,2026-06-06,South,Apparel,503.55,19.94,730142.15,80315.64,1450.0,0.3209,0.0,8031.56,272,2026-06-07T02:00:00+05:30
ERP-O-001877,2026-06-06,South,Electronics,321.91,6.95,2864975.43,200548.28,8900.0,0.3326,0.0,31514.73,174,2026-06-07T02:00:00+05:30
ERP-O-001878,2026-06-06,South,Home,268.69,7.74,698595.55,62873.6,2600.0,0.3327,0.0,7684.55,145,2026-06-07T02:00:00+05:30
ERP-O-001879,2026-06-06,East,Apparel,392.67,15.55,569374.57,62631.2,1450.0,0.3396,0.0,6263.12,212,2026-06-07T02:00:00+05:30
ERP-O-001880,2026-06-06,East,Electronics,212.28,4.59,1889283.55,132249.85,8900.0,0.3272,0.0,20782.12,115,2026-06-07T02:00:00+05:30
ERP-O-001881,2026-06-06,East,Home,205.81,5.93,535116.87,48160.52,2600.0,0.3811,0.0,5886.29,111,2026-06-07T02:00:00+05:30
ERP-O-001882,2026-06-06,West,Apparel,445.47,17.64,645926.82,71051.95,1450.0,0.335,0.0,7105.19,241,2026-06-07T02:00:00+05:30
ERP-O-001883,2026-06-06,West,Electronics,293.16,6.33,2609079.94,182635.6,8900.0,0.3421,0.0,28699.88,158,2026-06-07T02:00:00+05:30
ERP-O-001884,2026-06-06,West,Home,255.03,7.34,663065.81,59675.92,2600.0,0.3107,0.0,7293.72,138,2026-06-07T02:00:00+05:30
ERP-O-001885,2026-06-07,North,Apparel,650.07,25.74,942602.75,103686.3,1450.0,0.3583,0.0,10368.63,351,2026-06-08T02:00:00+05:30
ERP-O-001886,2026-06-07,North,Electronics,378.33,8.17,3367097.6,,8900.0,0.3404,0.0,37038.07,205,2026-06-08T02:00:00+05:30
ERP-O-001887,2026-06-07,North,Home,299.29,8.62,778148.43,70033.36,2600.0,0.3182,0.0,8559.63,162,2026-06-08T02:00:00+05:30
ERP-O-001888,2026-06-07,South,Apparel,526.95,20.87,764072.42,84047.97,1450.0,0.3539,0.0,8404.8,285,2026-06-08T02:00:00+05:30
ERP-O-001889,2026-06-07,South,Electronics,308.03,6.65,2741451.72,191901.62,8900.0,0.34,0.0,30155.97,167,2026-06-08T02:00:00+05:30
ERP-O-001890,2026-06-07,South,Home,291.94,8.41,759052.56,68314.73,2600.0,0.3433,0.0,8349.58,158,2026-06-08T02:00:00+05:30
ERP-O-001891,2026-06-07,East,Apparel,369.2,14.62,535341.56,58887.57,1450.0,0.3349,0.0,5888.76,200,2026-06-08T02:00:00+05:30
ERP-O-001892,2026-06-07,East,Electronics,205.34,4.44,1827508.05,127925.56,8900.0,0.3419,0.0,20102.59,111,2026-06-08T02:00:00+05:30
ERP-O-001893,2026-06-07,East,Home,196.94,5.67,512045.89,46084.13,2600.0,0.3519,0.0,5632.5,106,2026-06-08T02:00:00+05:30
ERP-O-001894,2026-06-07,West,Apparel,499.64,19.79,724477.21,79692.49,1450.0,0.3382,0.0,7969.25,270,2026-06-08T02:00:00+05:30
ERP-O-001895,2026-06-07,West,Electronics,273.01,5.9,2429821.31,170087.49,8900.0,0.3611,0.0,26728.03,148,2026-06-08T02:00:00+05:30
ERP-O-001896,2026-06-07,West,Home,240.37,6.92,624962.69,56246.64,2600.0,0.3476,0.0,6874.59,130,2026-06-08T02:00:00+05:30
ERP-O-001897,2026-06-08,North,Apparel,535.56,21.21,776567.95,85422.47,1450.0,0.3155,0.0,8542.25,289,2026-06-09T02:00:00+05:30
ERP-O-001898,2026-06-08,North,Electronics,320.67,6.93,2853977.31,199778.41,8900.0,0.329,0.0,31393.75,173,2026-06-09T02:00:00+05:30
ERP-O-001899,2026-06-08,North,Home,268.48,7.73,698059.2,62825.33,2600.0,0.3536,0.0,7678.65,145,2026-06-09T02:00:00+05:30
ERP-O-001900,2026-06-08,South,Apparel,444.47,17.6,644483.03,70893.13,1450.0,0.3803,0.0,7089.31,240,2026-06-09T02:00:00+05:30
ERP-O-001901,2026-06-08,South,Electronics,279.45,6.04,2487087.99,174096.16,8900.0,0.3181,0.0,27357.97,151,2026-06-09T02:00:00+05:30
ERP-O-001902,2026-06-08,South,Home,247.38,7.12,643194.88,57887.54,2600.0,0.3458,0.0,7075.14,134,2026-06-09T02:00:00+05:30
ERP-O-001903,2026-06-08,East,Apparel,307.21,12.17,445456.12,49000.17,1450.0,0.344,0.0,4900.02,166,2026-06-09T02:00:00+05:30
ERP-O-001904,2026-06-08,East,Electronics,173.06,3.74,1540252.87,107817.7,8900.0,0.3582,0.0,16942.78,94,2026-06-09T02:00:00+05:30
ERP-O-001905,2026-06-08,East,Home,171.54,4.94,446011.78,40141.06,2600.0,0.3205,0.0,4906.13,93,2026-06-09T02:00:00+05:30
ERP-O-001906,2026-06-08,West,Apparel,437.47,17.32,634329.99,69776.3,1450.0,0.3637,0.0,6977.63,236,2026-06-09T02:00:00+05:30
ERP-O-001907,2026-06-08,West,Electronics,245.37,5.3,2183751.18,152862.58,8900.0,0.3313,0.0,24021.26,133,2026-06-09T02:00:00+05:30
ERP-O-001908,2026-06-08,West,Home,221.32,6.37,575423.95,51788.16,2600.0,0.3491,0.0,6329.66,120,2026-06-09T02:00:00+05:30
ERP-O-001909,2026-06-09,North,Apparel,524.04,20.75,759864.53,83585.1,1450.0,0.3232,0.0,8358.51,283,2026-06-10T02:00:00+05:30
ERP-O-001910,2026-06-09,North,Electronics,310.77,6.71,2765860.57,193610.24,8900.0,0.3112,0.0,30424.47,168,2026-06-10T02:00:00+05:30
ERP-O-001911,2026-06-09,North,Home,267.33,7.7,695069.36,62556.24,2600.0,0.3314,0.0,7645.76,145,2026-06-10T02:00:00+05:30
ERP-O-001912,2026-06-09,South,Apparel,441.68,17.49,640432.08,70447.53,1450.0,0.3185,0.0,7044.75,239,2026-06-10T02:00:00+05:30
ERP-O-001913,2026-06-09,South,Electronics,262.02,5.66,2331939.07,163235.73,8900.0,0.3207,0.0,25651.33,142,2026-06-10T02:00:00+05:30
ERP-O-001914,2026-06-09,South,Home,248.03,7.14,644885.26,58039.67,2600.0,0.3445,0.0,7093.74,134,2026-06-10T02:00:00+05:30
ERP-O-001915,2026-06-09,East,Apparel,295.11,11.69,427902.55,47069.28,1450.0,0.3328,0.0,4706.93,160,2026-06-10T02:00:00+05:30
ERP-O-001916,2026-06-09,East,Electronics,187.68,4.05,1670361.99,116925.34,8900.0,0.313,0.0,18373.98,101,2026-06-10T02:00:00+05:30
ERP-O-001917,2026-06-09,East,Home,155.19,4.47,403505.42,36315.49,2600.0,0.3328,0.0,4438.56,84,2026-06-10T02:00:00+05:30
ERP-O-001918,2026-06-09,West,Apparel,423.23,16.76,613686.58,67505.52,1450.0,0.3668,0.0,6750.55,229,2026-06-10T02:00:00+05:30
ERP-O-001919,2026-06-09,West,Electronics,242.59,5.24,2159058.06,151134.06,8900.0,0.3254,0.0,23749.64,131,2026-06-10T02:00:00+05:30
ERP-O-001920,2026-06-09,West,Home,210.26,6.06,546686.85,49201.82,2600.0,0.3825,0.0,6013.56,114,2026-06-10T02:00:00+05:30
ERP-O-001921,2026-06-10,North,Apparel,542.05,21.47,785978.19,86457.6,1450.0,0.3328,0.0,8645.76,293,2026-06-11T02:00:00+05:30
ERP-O-001922,2026-06-10,North,Electronics,307.8,6.65,2739429.58,191760.07,8900.0,0.3255,0.0,30133.73,166,2026-06-11T02:00:00+05:30
ERP-O-001923,2026-06-10,North,Home,263.85,7.6,685998.32,61739.85,2600.0,0.307,0.0,7545.98,143,2026-06-11T02:00:00+05:30
ERP-O-001924,2026-06-10,South,Apparel,447.57,17.72,648980.18,71387.82,1450.0,0.3704,0.0,7138.78,242,2026-06-11T02:00:00+05:30
ERP-O-001925,2026-06-10,South,Electronics,278.62,6.02,2479705.84,173579.41,8900.0,0.3318,0.0,27276.76,151,2026-06-11T02:00:00+05:30
ERP-O-001926,2026-06-10,South,Home,236.35,6.81,614520.81,55306.87,2600.0,0.2702,0.0,6759.73,128,2026-06-11T02:00:00+05:30
ERP-O-001927,2026-06-10,East,Apparel,311.04,12.32,451014.82,49611.63,1450.0,0.3159,0.0,4961.16,168,2026-06-11T02:00:00+05:30
ERP-O-001928,2026-06-10,East,Electronics,-175.28,3.79,1559970.56,109197.94,8900.0,0.328,0.0,17159.68,95,2026-06-11T02:00:00+05:30
ERP-O-001929,2026-06-10,East,Home,171.64,4.94,446255.23,40162.97,2600.0,0.3276,0.0,4908.81,93,2026-06-11T02:00:00+05:30
ERP-O-001930,2026-06-10,West,Apparel,439.49,17.4,637262.95,70098.92,1450.0,0.3602,0.0,7009.89,238,2026-06-11T02:00:00+05:30
ERP-O-001931,2026-06-10,West,Electronics,249.5,5.39,2220549.7,155438.48,8900.0,0.3175,0.0,24426.05,135,2026-06-11T02:00:00+05:30
ERP-O-001932,2026-06-10,West,Home,220.95,6.36,574480.27,51703.22,2600.0,0.3336,0.0,6319.28,119,2026-06-11T02:00:00+05:30
ERP-O-001933,2026-06-11,North,Apparel,555.25,21.99,805119.27,88563.12,1450.0,0.3486,0.0,8856.31,300,2026-06-12T02:00:00+05:30
ERP-O-001934,2026-06-11,North,Electronics,323.8,6.99,2881783.63,201724.85,8900.0,0.3148,0.0,31699.62,175,2026-06-12T02:00:00+05:30
ERP-O-001935,2026-06-11,North,Home,273.27,7.87,710497.47,63944.77,2600.0,0.3401,0.0,7815.47,148,2026-06-12T02:00:00+05:30
ERP-O-001936,2026-06-11,South,Apparel,447.58,17.72,648985.73,71388.43,1450.0,0.3245,0.0,7138.84,242,2026-06-12T02:00:00+05:30
ERP-O-001937,2026-06-11,South,Electronics,262.86,5.68,2339492.9,163764.5,8900.0,0.3563,0.0,25734.42,142,2026-06-12T02:00:00+05:30
ERP-O-001938,2026-06-11,South,Home,237.85,6.85,618410.41,55656.94,2600.0,0.3775,0.0,6802.51,129,2026-06-12T02:00:00+05:30
ERP-O-001939,2026-06-11,East,Apparel,317.43,12.57,460278.94,50630.68,1450.0,0.361,0.0,5063.07,172,2026-06-12T02:00:00+05:30
ERP-O-001940,2026-06-11,East,Electronics,183.99,3.97,1637546.19,114628.23,8900.0,0.3422,0.0,18013.01,99,2026-06-12T02:00:00+05:30
ERP-O-001941,2026-06-11,East,Home,174.31,5.02,453208.74,40788.79,2600.0,0.3314,0.0,4985.3,94,2026-06-12T02:00:00+05:30
ERP-O-001942,2026-06-11,West,Apparel,425.96,16.87,617647.75,67941.25,1450.0,0.3568,0.0,6794.13,230,2026-06-12T02:00:00+05:30
ERP-O-001943,2026-06-11,West,Electronics,253.87,5.48,2259466.3,158162.64,8900.0,0.3604,0.0,24854.13,137,2026-06-12T02:00:00+05:30
ERP-O-001944,2026-06-11,West,Home,213.15,6.14,554183.55,49876.52,2600.0,0.3314,0.0,6096.02,115,2026-06-12T02:00:00+05:30
ERP-O-001945,2026-06-12,North,Apparel,543.71,21.53,788374.1,,1450.0,0.3349,0.0,8672.12,294,2026-06-13T02:00:00+05:30
ERP-O-001946,2026-06-12,North,Electronics,316.16,6.83,2813853.15,196969.72,8900.0,0.3171,0.0,30952.38,171,2026-06-13T02:00:00+05:30
ERP-O-001947,2026-06-12,North,Home,282.22,8.13,733760.52,66038.45,2600.0,0.3403,0.0,8071.37,153,2026-06-13T02:00:00+05:30
ERP-O-001948,2026-06-12,South,Apparel,432.79,17.14,627544.27,69029.87,1450.0,0.3444,0.0,6902.99,234,2026-06-13T02:00:00+05:30
ERP-O-001949,2026-06-12,South,Electronics,250.16,5.4,2226445.04,155851.15,8900.0,0.3479,0.0,24490.9,135,2026-06-13T02:00:00+05:30
ERP-O-001950,2026-06-12,South,Home,270.19,7.78,702491.73,63224.26,2600.0,0.3516,0.0,7727.41,146,2026-06-13T02:00:00+05:30
ERP-O-001951,2026-06-12,East,Apparel,300.36,11.89,435518.87,47907.08,1450.0,0.3508,0.0,4790.71,162,2026-06-13T02:00:00+05:30
ERP-O-001952,2026-06-12,East,Electronics,169.87,3.67,1511881.39,105831.7,8900.0,0.3209,0.0,16630.7,92,2026-06-13T02:00:00+05:30
ERP-O-001953,2026-06-12,East,Home,165.56,4.77,430455.24,38740.97,2600.0,0.3282,0.0,4735.01,89,2026-06-13T02:00:00+05:30
ERP-O-001954,2026-06-12,West,Apparel,398.11,15.77,577265.11,63499.16,1450.0,0.3277,0.0,6349.92,215,2026-06-13T02:00:00+05:30
ERP-O-001955,2026-06-12,West,Electronics,234.48,5.06,2086850.46,146079.53,8900.0,0.3679,0.0,22955.36,127,2026-06-13T02:00:00+05:30
ERP-O-001956,2026-06-12,West,Home,196.74,5.67,511515.6,46036.4,2600.0,0.3513,0.0,5626.67,106,2026-06-13T02:00:00+05:30
ERP-O-001957,2026-06-13,North,Apparel,620.66,24.58,899959.26,98995.52,1450.0,0.3339,0.0,9899.55,335,2026-06-14T02:00:00+05:30
ERP-O-001958,2026-06-13,North,Electronics,389.28,8.41,3464548.35,242518.38,8900.0,0.3149,0.0,38110.03,210,2026-06-14T02:00:00+05:30
ERP-O-001959,2026-06-13,North,Home,310.46,8.94,807184.06,72646.57,2600.0,0.3497,0.0,8879.02,168,2026-06-14T02:00:00+05:30
ERP-O-001960,2026-06-13,South,Apparel,481.05,19.05,697515.77,76726.74,1450.0,0.3462,0.0,7672.67,260,2026-06-14T02:00:00+05:30
ERP-O-001961,2026-06-13,South,Electronics,323.13,6.98,2875846.73,201309.27,8900.0,0.3315,0.0,31634.31,175,2026-06-14T02:00:00+05:30
ERP-O-001962,2026-06-13,South,Home,295.0,8.5,766988.32,69028.95,2600.0,0.3339,0.0,8436.87,159,2026-06-14T02:00:00+05:30
ERP-O-001963,2026-06-13,East,Apparel,361.19,14.3,523720.57,57609.26,1450.0,0.3788,0.0,5760.93,195,2026-06-14T02:00:00+05:30
ERP-O-001964,2026-06-13,East,Electronics,215.07,4.65,1914166.32,133991.64,8900.0,0.3661,0.0,21055.83,116,2026-06-14T02:00:00+05:30
ERP-O-001965,2026-06-13,East,Home,204.69,5.9,532192.32,47897.31,2600.0,0.3469,0.0,5854.12,111,2026-06-14T02:00:00+05:30
ERP-O-001966,2026-06-13,West,Apparel,481.59,19.07,698301.3,76813.14,1450.0,0.3547,0.0,7681.31,260,2026-06-14T02:00:00+05:30
ERP-O-001967,2026-06-13,West,Electronics,268.0,5.79,2385243.24,166967.03,8900.0,0.3592,0.0,26237.68,145,2026-06-14T02:00:00+05:30
ERP-O-001968,2026-06-13,West,Home,268.78,7.74,698839.88,62895.59,2600.0,0.3083,0.0,7687.24,145,2026-06-14T02:00:00+05:30
ERP-O-001969,2026-06-14,North,Apparel,623.5,24.69,904069.54,99447.65,1450.0,0.3604,0.0,9944.76,337,2026-06-15T02:00:00+05:30
ERP-O-001970,2026-06-14,North,Electronics,383.07,8.27,3409309.93,238651.7,8900.0,0.3609,0.0,37502.41,207,2026-06-15T02:00:00+05:30
ERP-O-001971,2026-06-14,North,Home,295.52,8.51,768363.06,69152.68,2600.0,0.3161,0.0,8451.99,160,2026-06-15T02:00:00+05:30
ERP-O-001972,2026-06-14,South,Apparel,512.26,20.29,742780.64,81705.87,1450.0,0.3719,0.0,8170.59,277,2026-06-15T02:00:00+05:30
ERP-O-001973,2026-06-14,South,Electronics,299.15,6.46,2662406.82,186368.48,8900.0,0.3701,0.0,29286.48,162,2026-06-15T02:00:00+05:30
ERP-O-001974,2026-06-14,South,Home,310.56,8.94,807445.47,72670.09,2600.0,0.3193,0.0,8881.9,168,2026-06-15T02:00:00+05:30
ERP-O-001975,2026-06-14,East,Apparel,375.19,14.86,544025.91,59842.85,1450.0,0.316,0.0,5984.29,203,2026-06-15T02:00:00+05:30
ERP-O-001976,2026-06-14,East,Electronics,208.89,4.51,1859141.47,130139.9,8900.0,0.3493,0.0,20450.56,113,2026-06-15T02:00:00+05:30
ERP-O-001977,2026-06-14,East,Home,198.69,5.72,516592.86,46493.36,2600.0,0.3522,0.0,5682.52,107,2026-06-15T02:00:00+05:30
ERP-O-001978,2026-06-14,West,Apparel,472.36,18.71,684918.56,75341.04,1450.0,0.3312,0.0,7534.1,255,2026-06-15T02:00:00+05:30
ERP-O-001979,2026-06-14,West,Electronics,287.71,6.21,2560586.84,179241.08,8900.0,0.3305,0.0,28166.46,156,2026-06-15T02:00:00+05:30
ERP-O-001980,2026-06-14,West,Home,244.14,7.03,634776.48,57129.88,2600.0,0.3405,0.0,6982.54,132,2026-06-15T02:00:00+05:30
ERP-O-001981,2026-06-15,North,Apparel,525.07,20.79,761352.97,83748.83,1450.0,0.327,0.0,8374.88,284,2026-06-16T02:00:00+05:30
ERP-O-001982,2026-06-15,North,Electronics,320.38,6.92,2851424.31,199599.7,8900.0,0.3462,0.0,31365.67,173,2026-06-16T02:00:00+05:30
ERP-O-001983,2026-06-15,North,Home,266.62,7.68,693209.68,62388.87,2600.0,0.3813,0.0,7625.31,144,2026-06-16T02:00:00+05:30
ERP-O-001984,2026-06-15,South,Apparel,444.77,17.61,644918.9,70941.08,1450.0,0.3204,0.0,7094.11,240,2026-06-16T02:00:00+05:30
ERP-O-001985,2026-06-15,South,Electronics,262.83,5.68,2339195.42,163743.68,8900.0,0.3493,0.0,25731.15,142,2026-06-16T02:00:00+05:30
ERP-O-001986,2026-06-15,South,Home,250.19,7.21,650486.73,58543.81,2600.0,0.3444,0.0,7155.35,135,2026-06-16T02:00:00+05:30
ERP-O-001987,2026-06-15,East,Apparel,298.2,11.81,432387.88,47562.67,1450.0,0.32,0.0,4756.27,161,2026-06-16T02:00:00+05:30
ERP-O-001988,2026-06-15,East,Electronics,176.92,3.82,1574579.84,110220.59,8900.0,0.3099,0.0,17320.38,96,2026-06-16T02:00:00+05:30
ERP-O-001989,2026-06-15,East,Home,164.54,4.74,427807.52,38502.68,2600.0,0.3669,0.0,4705.88,89,2026-06-16T02:00:00+05:30
ERP-O-001990,2026-06-15,West,Apparel,406.22,16.09,589013.77,64791.51,1450.0,0.3573,0.0,6479.15,220,2026-06-16T02:00:00+05:30
ERP-O-001991,2026-06-15,West,Electronics,236.12,5.1,2101435.46,147100.48,8900.0,0.3601,0.0,23115.79,128,2026-06-16T02:00:00+05:30
ERP-O-001992,2026-06-15,West,Home,220.94,6.36,574435.04,51699.15,2600.0,0.3548,0.0,6318.79,119,2026-06-16T02:00:00+05:30
ERP-O-001993,2026-06-16,North,Apparel,536.69,21.25,778202.2,85602.24,1450.0,0.2929,0.0,8560.22,290,2026-06-17T02:00:00+05:30
ERP-O-001994,2026-06-16,North,Electronics,303.74,6.56,2703322.06,189232.54,8900.0,0.33,0.0,29736.54,164,2026-06-17T02:00:00+05:30
ERP-O-001995,2026-06-16,North,Home,263.91,7.6,686164.32,61754.79,2600.0,0.3634,0.0,7547.81,143,2026-06-17T02:00:00+05:30
ERP-O-001996,2026-06-16,South,Apparel,452.07,17.9,655500.93,72105.1,1450.0,0.3495,0.0,7210.51,244,2026-06-17T02:00:00+05:30
ERP-O-001997,2026-06-16,South,Electronics,268.1,5.79,2386076.67,167025.37,8900.0,0.3104,0.0,26246.84,145,2026-06-17T02:00:00+05:30
ERP-O-001998,2026-06-16,South,Home,242.26,6.98,629875.43,56688.79,2600.0,0.3597,0.0,6928.63,131,2026-06-17T02:00:00+05:30
ERP-O-001999,2026-06-16,East,Apparel,313.07,12.4,453947.65,49934.24,1450.0,0.3048,0.0,4993.42,169,2026-06-17T02:00:00+05:30
ERP-O-002000,2026-06-16,East,Electronics,180.31,3.89,1604736.86,112331.58,8900.0,0.3332,0.0,17652.11,97,2026-06-17T02:00:00+05:30
ERP-O-002001,2026-06-16,East,Home,171.98,4.95,447159.94,40244.39,2600.0,0.3352,0.0,4918.76,93,2026-06-17T02:00:00+05:30
ERP-O-002002,2026-06-16,West,Apparel,406.46,16.1,589363.65,64830.0,1450.0,0.3367,0.0,6483.0,220,2026-06-17T02:00:00+05:30
ERP-O-002003,2026-06-16,West,Electronics,247.92,5.36,2206467.9,154452.75,8900.0,0.3133,0.0,24271.15,134,2026-06-17T02:00:00+05:30
ERP-O-002004,2026-06-16,West,Home,225.64,6.5,586676.36,52800.87,2600.0,0.3147,0.0,6453.44,122,2026-06-17T02:00:00+05:30
ERP-O-002005,2026-06-17,North,Apparel,533.91,21.14,774165.32,,1450.0,0.3192,0.0,8515.82,289,2026-06-18T02:00:00+05:30
ERP-O-002006,2026-06-17,North,Electronics,323.49,6.99,2879036.0,201532.52,8900.0,0.3456,0.0,31669.4,175,2026-06-18T02:00:00+05:30
ERP-O-002007,2026-06-17,North,Home,268.12,7.72,697115.23,62740.37,2600.0,0.3634,0.0,7668.27,145,2026-06-18T02:00:00+05:30
ERP-O-002008,2026-06-17,South,Apparel,456.38,18.07,661752.98,72792.83,1450.0,0.3537,0.0,7279.28,247,2026-06-18T02:00:00+05:30
ERP-O-002009,2026-06-17,South,Electronics,262.03,5.66,2332107.03,163247.49,8900.0,0.3653,0.0,25653.18,142,2026-06-18T02:00:00+05:30
ERP-O-002010,2026-06-17,South,Home,236.9,6.82,615952.69,55435.74,2600.0,0.3158,0.0,6775.48,128,2026-06-18T02:00:00+05:30
ERP-O-002011,2026-06-17,East,Apparel,311.18,12.32,451213.11,49633.44,1450.0,0.3288,0.0,4963.34,168,2026-06-18T02:00:00+05:30
ERP-O-002012,2026-06-17,East,Electronics,179.31,3.87,1595890.55,111712.34,8900.0,0.3671,0.0,17554.8,97,2026-06-18T02:00:00+05:30
ERP-O-002013,2026-06-17,East,Home,157.03,4.52,408286.81,36745.81,2600.0,0.3679,0.0,4491.15,85,2026-06-18T02:00:00+05:30
ERP-O-002014,2026-06-17,West,Apparel,396.5,15.7,574921.81,63241.4,1450.0,0.3348,0.0,6324.14,214,2026-06-18T02:00:00+05:30
ERP-O-002015,2026-06-17,West,Electronics,254.54,5.5,2265427.67,158579.94,8900.0,0.3692,0.0,24919.7,138,2026-06-18T02:00:00+05:30
ERP-O-002016,2026-06-17,West,Home,210.72,6.07,547879.73,49309.18,2600.0,0.342,0.0,6026.68,114,2026-06-18T02:00:00+05:30
ERP-O-002017,2026-06-18,North,Apparel,549.57,21.76,796882.41,87657.06,1450.0,0.325,0.0,8765.71,297,2026-06-19T02:00:00+05:30
ERP-O-002018,2026-06-18,North,Electronics,303.26,6.55,2699044.87,188933.14,8900.0,0.3238,0.0,29689.49,164,2026-06-19T02:00:00+05:30
ERP-O-002019,2026-06-18,North,Home,276.84,7.97,719782.31,64780.41,2600.0,0.3563,0.0,7917.61,150,2026-06-19T02:00:00+05:30
ERP-O-002020,2026-06-18,South,Apparel,463.31,18.35,671806.58,73898.72,1450.0,0.2835,0.0,7389.87,250,2026-06-19T02:00:00+05:30
ERP-O-002021,2026-06-18,South,Electronics,253.81,5.48,2258884.79,158121.94,8900.0,0.3467,0.0,24847.73,137,2026-06-19T02:00:00+05:30
ERP-O-002022,2026-06-18,South,Home,248.1,7.15,645067.1,58056.04,2600.0,0.2992,0.0,7095.74,134,2026-06-19T02:00:00+05:30
ERP-O-002023,2026-06-18,East,Apparel,304.42,12.05,441403.13,48554.34,1450.0,0.3284,0.0,4855.43,165,2026-06-19T02:00:00+05:30
ERP-O-002024,2026-06-18,East,Electronics,185.53,4.01,1651223.01,115585.61,8900.0,0.3549,0.0,18163.45,100,2026-06-19T02:00:00+05:30
ERP-O-002025,2026-06-18,East,Home,176.46,5.08,458793.63,41291.43,2600.0,0.3523,0.0,5046.73,95,2026-06-19T02:00:00+05:30
ERP-O-002026,2026-06-18,West,Apparel,396.11,15.69,574358.65,63179.45,1450.0,0.3465,0.0,6317.95,214,2026-06-19T02:00:00+05:30
ERP-O-002027,2026-06-18,West,Electronics,242.16,5.23,2155258.98,150868.13,8900.0,0.3431,0.0,23707.85,131,2026-06-19T02:00:00+05:30
ERP-O-002028,2026-06-18,West,Home,204.88,5.9,532699.93,47942.99,2600.0,0.3724,0.0,5859.7,111,2026-06-19T02:00:00+05:30
ERP-O-002029,2026-06-19,North,Apparel,541.48,21.44,785143.07,86365.74,1450.0,0.378,0.0,8636.57,293,2026-06-20T02:00:00+05:30
ERP-O-002030,2026-06-19,North,Electronics,332.56,7.18,2959824.55,207187.72,8900.0,0.351,0.0,32558.07,180,2026-06-20T02:00:00+05:30
ERP-O-002031,2026-06-19,North,Home,263.6,7.59,685370.21,61683.32,2600.0,0.3149,0.0,7539.07,142,2026-06-20T02:00:00+05:30
ERP-O-002032,2026-06-19,South,Apparel,478.02,18.93,693132.29,76244.55,1450.0,0.3402,0.0,7624.46,258,2026-06-20T02:00:00+05:30
ERP-O-002033,2026-06-19,South,Electronics,259.29,5.6,2307683.84,161537.87,8900.0,0.3595,0.0,25384.52,140,2026-06-20T02:00:00+05:30
ERP-O-002034,2026-06-19,South,Home,233.81,6.73,607902.48,54711.22,2600.0,0.3028,0.0,6686.93,126,2026-06-20T02:00:00+05:30
ERP-O-002035,2026-06-19,East,Apparel,337.76,13.38,489748.84,53872.37,1450.0,0.3524,0.0,5387.24,183,2026-06-20T02:00:00+05:30
ERP-O-002036,2026-06-19,East,Electronics,174.71,3.77,1554917.19,108844.2,8900.0,0.3275,0.0,17104.09,94,2026-06-20T02:00:00+05:30
ERP-O-002037,2026-06-19,East,Home,151.27,4.36,393290.98,35396.19,2600.0,0.3638,0.0,4326.2,82,2026-06-20T02:00:00+05:30
ERP-O-002038,2026-06-19,West,Apparel,420.28,16.64,609408.08,67034.89,1450.0,0.3555,0.0,6703.49,227,2026-06-20T02:00:00+05:30
ERP-O-002039,2026-06-19,West,Electronics,258.26,5.58,2298499.91,160894.99,8900.0,0.3457,0.0,25283.5,140,2026-06-20T02:00:00+05:30
ERP-O-002040,2026-06-19,West,Home,229.22,6.6,595962.52,53636.63,2600.0,0.3356,0.0,6555.59,124,2026-06-20T02:00:00+05:30
ERP-O-002041,2026-06-20,North,Apparel,629.92,24.94,913381.2,100471.93,1450.0,0.3466,0.0,10047.19,340,2026-06-21T02:00:00+05:30
ERP-O-002042,2026-06-20,North,Electronics,354.25,7.65,3152837.62,220698.63,8900.0,0.3559,0.0,34681.21,191,2026-06-21T02:00:00+05:30
ERP-O-002043,2026-06-20,North,Home,313.08,9.02,814016.69,73261.5,2600.0,0.378,0.0,8954.18,169,2026-06-21T02:00:00+05:30
ERP-O-002044,2026-06-20,South,Apparel,526.57,20.85,763519.34,83987.13,1450.0,0.3422,0.0,8398.71,285,2026-06-21T02:00:00+05:30
ERP-O-002045,2026-06-20,South,Electronics,290.7,6.28,2587227.91,,8900.0,0.337,0.0,28459.51,157,2026-06-21T02:00:00+05:30
ERP-O-002046,2026-06-20,South,Home,281.51,8.11,731933.05,65873.97,2600.0,0.311,0.0,8051.26,152,2026-06-21T02:00:00+05:30
ERP-O-002047,2026-06-20,East,Apparel,365.71,14.48,530272.97,58330.03,1450.0,0.3359,0.0,5833.0,198,2026-06-21T02:00:00+05:30
ERP-O-002048,2026-06-20,East,Electronics,211.52,4.57,1882563.0,131779.41,8900.0,0.3715,0.0,20708.19,114,2026-06-21T02:00:00+05:30
ERP-O-002049,2026-06-20,East,Home,213.18,6.14,554258.71,49883.28,2600.0,0.3504,0.0,6096.85,115,2026-06-21T02:00:00+05:30
ERP-O-002050,2026-06-20,West,Apparel,482.84,19.12,700112.84,77012.41,1450.0,0.3466,0.0,7701.24,261,2026-06-21T02:00:00+05:30
ERP-O-002051,2026-06-20,West,Electronics,291.25,6.29,2592109.51,181447.67,8900.0,0.3419,0.0,28513.2,157,2026-06-21T02:00:00+05:30
ERP-O-002052,2026-06-20,West,Home,250.98,7.23,652558.72,58730.28,2600.0,0.3112,0.0,7178.15,136,2026-06-21T02:00:00+05:30
ERP-O-002053,2026-06-21,North,Apparel,663.12,26.26,961517.41,105766.92,1450.0,0.3577,0.0,10576.69,358,2026-06-22T02:00:00+05:30
ERP-O-002054,2026-06-21,North,Electronics,379.13,8.19,3374273.38,236199.14,8900.0,0.3385,0.0,37117.01,205,2026-06-22T02:00:00+05:30
ERP-O-002055,2026-06-21,North,Home,309.55,8.92,804838.47,72435.46,2600.0,0.3617,0.0,8853.22,167,2026-06-22T02:00:00+05:30
ERP-O-002056,2026-06-21,South,Apparel,576.41,22.83,835796.52,91937.62,1450.0,0.3756,0.0,9193.76,312,2026-06-22T02:00:00+05:30
ERP-O-002057,2026-06-21,South,Electronics,332.44,7.18,2958677.68,207107.44,8900.0,0.3151,0.0,32545.45,180,2026-06-22T02:00:00+05:30
ERP-O-002058,2026-06-21,South,Home,304.65,8.77,792084.91,71287.64,2600.0,0.3316,0.0,8712.93,165,2026-06-22T02:00:00+05:30
ERP-O-002059,2026-06-21,East,Apparel,377.86,14.96,547893.33,60268.27,1450.0,0.3324,0.0,6026.83,204,2026-06-22T02:00:00+05:30
ERP-O-002060,2026-06-21,East,Electronics,193.82,4.19,1725014.77,120751.03,8900.0,0.3254,0.0,18975.16,105,2026-06-22T02:00:00+05:30
ERP-O-002061,2026-06-21,East,Home,191.74,5.52,498533.93,44868.05,2600.0,0.3511,0.0,5483.87,104,2026-06-22T02:00:00+05:30
ERP-O-002062,2026-06-21,West,Apparel,493.5,19.54,715581.73,78713.99,1450.0,0.3409,0.0,7871.4,267,2026-06-22T02:00:00+05:30
ERP-O-002063,2026-06-21,West,Electronics,280.33,6.06,2494910.59,174643.74,8900.0,0.347,0.0,27444.02,152,2026-06-22T02:00:00+05:30
ERP-O-002064,2026-06-21,West,Home,257.81,7.43,670318.67,60328.68,2600.0,0.3407,0.0,7373.51,139,2026-06-22T02:00:00+05:30
ERP-O-002065,2026-06-22,North,Apparel,571.49,22.63,828654.31,91151.97,1450.0,0.3242,0.0,9115.2,309,2026-06-23T02:00:00+05:30
ERP-O-002066,2026-06-22,North,Electronics,324.75,7.01,2890270.58,202318.94,8900.0,0.3383,0.0,31792.98,176,2026-06-23T02:00:00+05:30
ERP-O-002067,2026-06-22,North,Home,262.25,7.55,681862.43,61367.62,2600.0,0.3543,0.0,7500.49,142,2026-06-23T02:00:00+05:30
ERP-O-002068,2026-06-22,South,Apparel,435.4,17.24,631328.99,69446.19,1450.0,0.3772,0.0,6944.62,235,2026-06-23T02:00:00+05:30
ERP-O-002069,2026-06-22,South,Electronics,266.04,5.75,2367763.23,165743.43,8900.0,0.3444,0.0,26045.4,144,2026-06-23T02:00:00+05:30
ERP-O-002070,2026-06-22,South,Home,274.03,7.89,712477.84,64123.01,2600.0,0.3866,0.0,7837.26,148,2026-06-23T02:00:00+05:30
ERP-O-002071,2026-06-22,East,Apparel,305.21,12.09,442557.53,48681.33,1450.0,0.3348,0.0,4868.13,165,2026-06-23T02:00:00+05:30
ERP-O-002072,2026-06-22,East,Electronics,167.22,3.61,1488298.74,104180.91,8900.0,0.3523,0.0,16371.29,90,2026-06-23T02:00:00+05:30
ERP-O-002073,2026-06-22,East,Home,162.03,4.67,421280.9,37915.28,2600.0,0.3273,0.0,4634.09,88,2026-06-23T02:00:00+05:30
ERP-O-002074,2026-06-22,West,Apparel,420.18,16.64,609263.68,67019.01,1450.0,0.3189,0.0,6701.9,227,2026-06-23T02:00:00+05:30
ERP-O-002075,2026-06-22,West,Electronics,241.77,5.22,2151778.4,150624.49,8900.0,0.3624,0.0,23669.56,131,2026-06-23T02:00:00+05:30
ERP-O-002076,2026-06-22,West,Home,206.55,5.95,537039.34,,2600.0,0.3395,0.0,5907.43,112,2026-06-23T02:00:00+05:30
ERP-O-002077,2026-06-23,North,Apparel,520.83,20.62,755205.84,83072.64,1450.0,0.3242,0.0,8307.26,282,2026-06-24T02:00:00+05:30
ERP-O-002078,2026-06-23,North,Electronics,294.86,6.37,2624243.46,183697.04,8900.0,0.3098,0.0,28866.68,159,2026-06-24T02:00:00+05:30
ERP-O-002079,2026-06-23,North,Home,270.16,7.78,702413.47,63217.21,2600.0,0.3336,0.0,7726.55,146,2026-06-24T02:00:00+05:30
ERP-O-002080,2026-06-23,South,Apparel,452.4,17.92,655982.75,72158.1,1450.0,0.3361,0.0,7215.81,245,2026-06-24T02:00:00+05:30
ERP-O-002081,2026-06-23,South,Electronics,273.16,5.9,2431111.28,170177.79,8900.0,0.3546,0.0,26742.22,148,2026-06-24T02:00:00+05:30
ERP-O-002082,2026-06-23,South,Home,242.88,6.99,631475.99,56832.84,2600.0,0.3677,0.0,6946.24,131,2026-06-24T02:00:00+05:30
ERP-O-002083,2026-06-23,East,Apparel,318.4,12.61,461676.96,50784.47,1450.0,0.345,0.0,5078.45,172,2026-06-24T02:00:00+05:30
ERP-O-002084,2026-06-23,East,Electronics,179.16,3.87,1594532.86,111617.3,8900.0,0.3261,0.0,17539.86,97,2026-06-24T02:00:00+05:30
ERP-O-002085,2026-06-23,East,Home,164.91,4.75,428757.25,38588.15,2600.0,0.3499,0.0,4716.33,89,2026-06-24T02:00:00+05:30
ERP-O-002086,2026-06-23,West,Apparel,390.0,15.44,565492.76,62204.2,1450.0,0.3385,0.0,6220.42,211,2026-06-24T02:00:00+05:30
ERP-O-002087,2026-06-23,West,Electronics,237.65,5.13,2115059.26,148054.15,8900.0,0.329,0.0,23265.65,128,2026-06-24T02:00:00+05:30
ERP-O-002088,2026-06-23,West,Home,197.85,5.7,514403.92,46296.35,2600.0,0.3251,0.0,5658.44,107,2026-06-24T02:00:00+05:30
ERP-O-002089,2026-06-24,North,Apparel,522.53,20.69,757663.41,83342.97,1450.0,0.3617,0.0,8334.3,282,2026-06-25T02:00:00+05:30
ERP-O-002090,2026-06-24,North,Electronics,330.05,7.13,2937428.94,205620.03,8900.0,0.3491,0.0,32311.72,178,2026-06-25T02:00:00+05:30
ERP-O-002091,2026-06-24,North,Home,284.5,8.19,739705.26,66573.47,2600.0,0.3508,0.0,8136.76,154,2026-06-25T02:00:00+05:30
ERP-O-002092,2026-06-24,South,Apparel,443.0,17.54,642350.66,70658.57,1450.0,0.324,0.0,7065.86,239,2026-06-25T02:00:00+05:30
ERP-O-002093,2026-06-24,South,Electronics,261.3,5.64,2325572.4,162790.07,8900.0,0.3761,0.0,25581.3,141,2026-06-25T02:00:00+05:30
ERP-O-002094,2026-06-24,South,Home,238.42,6.87,619883.97,55789.56,2600.0,0.3321,0.0,6818.72,129,2026-06-25T02:00:00+05:30
ERP-O-002095,2026-06-24,East,Apparel,323.72,12.82,469392.1,51633.13,1450.0,0.3265,0.0,5163.31,175,2026-06-25T02:00:00+05:30
ERP-O-002096,2026-06-24,East,Electronics,184.72,3.99,1643976.16,115078.33,8900.0,0.3182,0.0,18083.74,100,2026-06-25T02:00:00+05:30
ERP-O-002097,2026-06-24,East,Home,162.1,4.67,421461.3,37931.52,2600.0,0.3295,0.0,4636.07,88,2026-06-25T02:00:00+05:30
ERP-O-002098,2026-06-24,West,Apparel,442.43,17.52,641529.23,70568.22,1450.0,0.3395,0.0,7056.82,239,2026-06-25T02:00:00+05:30
ERP-O-002099,2026-06-24,West,Electronics,252.2,5.45,2244618.62,157123.3,8900.0,0.3407,0.0,24690.8,136,2026-06-25T02:00:00+05:30
ERP-O-002100,2026-06-24,West,Home,195.91,5.64,509360.23,45842.42,2600.0,0.3323,0.0,5602.96,106,2026-06-25T02:00:00+05:30
ERP-O-002101,2026-06-25,North,Apparel,545.08,21.59,790371.27,86940.84,1450.0,0.3742,0.0,8694.08,295,2026-06-26T02:00:00+05:30
ERP-O-002102,2026-06-25,North,Electronics,312.37,6.75,2780094.32,194606.6,8900.0,0.3703,0.0,30581.04,169,2026-06-26T02:00:00+05:30
ERP-O-002103,2026-06-25,North,Home,275.07,7.92,715176.51,64365.89,2600.0,0.3262,0.0,7866.94,149,2026-06-26T02:00:00+05:30
ERP-O-002104,2026-06-25,South,Apparel,410.1,16.24,594642.03,65410.62,1450.0,0.3525,0.0,6541.06,222,2026-06-26T02:00:00+05:30
ERP-O-002105,2026-06-25,South,Electronics,265.13,5.73,2359696.34,165178.74,8900.0,0.3855,0.0,25956.66,143,2026-06-26T02:00:00+05:30
ERP-O-002106,2026-06-25,South,Home,235.38,6.78,611978.39,55078.06,2600.0,0.3659,0.0,6731.76,127,2026-06-26T02:00:00+05:30
ERP-O-002107,2026-06-25,East,Apparel,298.32,11.81,432557.05,47581.28,1450.0,0.3648,0.0,4758.13,161,2026-06-26T02:00:00+05:30
ERP-O-002108,2026-06-25,East,Electronics,168.07,3.63,1495820.29,104707.42,8900.0,0.3163,0.0,16454.02,91,2026-06-26T02:00:00+05:30
ERP-O-002109,2026-06-25,East,Home,165.72,4.77,430878.93,38779.1,2600.0,0.3358,0.0,4739.67,90,2026-06-26T02:00:00+05:30
ERP-O-002110,2026-06-25,West,Apparel,465.57,18.44,675074.49,74258.19,1450.0,0.3568,0.0,7425.82,252,2026-06-26T02:00:00+05:30
ERP-O-002111,2026-06-25,West,Electronics,255.17,5.51,2270971.4,158968.0,8900.0,0.3236,0.0,24980.69,138,2026-06-26T02:00:00+05:30
ERP-O-002112,2026-06-25,West,Home,227.52,6.55,591549.94,53239.49,2600.0,0.3295,0.0,6507.05,123,2026-06-26T02:00:00+05:30
ERP-O-002113,2026-06-26,North,Apparel,551.61,21.84,799840.59,87982.47,1450.0,0.33,0.0,8798.25,298,2026-06-27T02:00:00+05:30
ERP-O-002114,2026-06-26,North,Electronics,326.31,7.05,2904149.09,203290.44,8900.0,0.3334,0.0,31945.64,176,2026-06-27T02:00:00+05:30
ERP-O-002115,2026-06-26,North,Home,263.37,7.58,684752.59,61627.73,2600.0,0.3517,0.0,7532.28,142,2026-06-27T02:00:00+05:30
ERP-O-002116,2026-06-26,South,Apparel,417.35,16.53,605156.54,66567.22,1450.0,0.3534,0.0,6656.72,226,2026-06-27T02:00:00+05:30
ERP-O-002117,2026-06-26,South,Electronics,260.67,5.63,2319939.8,162395.79,8900.0,0.3375,0.0,25519.34,141,2026-06-27T02:00:00+05:30
ERP-O-002118,2026-06-26,South,Home,231.04,6.65,600711.31,54064.02,2600.0,0.3353,0.0,6607.82,125,2026-06-27T02:00:00+05:30
ERP-O-002119,2026-06-26,East,Apparel,308.5,12.22,447327.54,49206.03,1450.0,0.3319,0.0,4920.6,167,2026-06-27T02:00:00+05:30
ERP-O-002120,2026-06-26,East,Electronics,177.51,3.83,1579853.2,110589.72,8900.0,0.3638,0.0,17378.39,96,2026-06-27T02:00:00+05:30
ERP-O-002121,2026-06-26,East,Home,161.9,4.66,420941.19,37884.71,2600.0,0.348,0.0,4630.35,88,2026-06-27T02:00:00+05:30
ERP-O-002122,2026-06-26,West,Apparel,409.04,16.2,593112.58,65242.38,1450.0,0.35,0.0,6524.24,221,2026-06-27T02:00:00+05:30
ERP-O-002123,2026-06-26,West,Electronics,238.35,5.15,2121358.72,148495.11,8900.0,0.3504,0.0,23334.95,129,2026-06-27T02:00:00+05:30
ERP-O-002124,2026-06-26,West,Home,199.95,5.76,519872.82,46788.55,2600.0,0.341,0.0,5718.6,108,2026-06-27T02:00:00+05:30
ERP-O-002125,2026-06-27,North,Apparel,616.77,24.42,894315.97,98374.76,1450.0,0.3391,0.0,9837.48,333,2026-06-28T02:00:00+05:30
ERP-O-002126,2026-06-27,North,Electronics,379.73,8.2,3379594.04,236571.58,8900.0,0.3482,0.0,37175.53,205,2026-06-28T02:00:00+05:30
ERP-O-002127,2026-06-27,North,Home,274.97,7.92,714923.22,64343.09,2600.0,0.3229,0.0,7864.16,149,2026-06-28T02:00:00+05:30
ERP-O-002128,2026-06-27,South,Apparel,515.94,20.43,748113.68,82292.5,1450.0,0.3477,0.0,8229.25,279,2026-06-28T02:00:00+05:30
ERP-O-002129,2026-06-27,South,Electronics,302.52,6.53,2692386.34,188467.04,8900.0,0.3242,0.0,29616.25,164,2026-06-28T02:00:00+05:30
ERP-O-002130,2026-06-27,South,Home,284.44,8.19,739555.65,66560.01,2600.0,0.3289,0.0,8135.11,154,2026-06-28T02:00:00+05:30
ERP-O-002131,2026-06-27,East,Apparel,367.84,14.57,533372.09,58670.93,1450.0,0.3314,0.0,5867.09,199,2026-06-28T02:00:00+05:30
ERP-O-002132,2026-06-27,East,Electronics,239.52,5.17,2131691.71,149218.42,8900.0,0.3415,0.0,23448.61,129,2026-06-28T02:00:00+05:30
ERP-O-002133,2026-06-27,East,Home,207.31,5.97,539005.61,48510.5,2600.0,0.3658,0.0,5929.06,112,2026-06-28T02:00:00+05:30
ERP-O-002134,2026-06-27,West,Apparel,474.87,18.81,688566.99,75742.37,1450.0,0.3323,0.0,7574.24,257,2026-06-28T02:00:00+05:30
ERP-O-002135,2026-06-27,West,Electronics,300.41,6.49,2673641.88,187154.93,8900.0,0.3179,0.0,29410.06,162,2026-06-28T02:00:00+05:30
ERP-O-002136,2026-06-27,West,Home,265.95,7.66,691474.87,62232.74,2600.0,0.3173,0.0,7606.22,144,2026-06-28T02:00:00+05:30
ERP-O-002137,2026-06-28,North,Apparel,650.21,25.75,942803.09,103708.34,1450.0,0.3501,0.0,10370.83,351,2026-06-29T02:00:00+05:30
ERP-O-002138,2026-06-28,North,Electronics,376.23,8.13,3348409.45,234388.66,8900.0,0.3095,0.0,36832.5,203,2026-06-29T02:00:00+05:30
ERP-O-002139,2026-06-28,North,Home,328.4,9.46,853848.33,76846.35,2600.0,0.3505,0.0,9392.33,178,2026-06-29T02:00:00+05:30
ERP-O-002140,2026-06-28,South,Apparel,506.4,20.05,734278.6,80770.65,1450.0,0.344,0.0,8077.06,274,2026-06-29T02:00:00+05:30
ERP-O-002141,2026-06-28,South,Electronics,313.52,6.77,2790288.42,195320.19,8900.0,0.3207,0.0,30693.17,169,2026-06-29T02:00:00+05:30
ERP-O-002142,2026-06-28,South,Home,276.45,7.96,718765.2,64688.87,2600.0,0.3277,0.0,7906.42,149,2026-06-29T02:00:00+05:30
ERP-O-002143,2026-06-28,East,Apparel,362.68,14.36,525892.72,57848.2,1450.0,0.3514,0.0,5784.82,196,2026-06-29T02:00:00+05:30
ERP-O-002144,2026-06-28,East,Electronics,216.0,4.67,1922359.97,134565.2,8900.0,0.3507,0.0,21145.96,117,2026-06-29T02:00:00+05:30
ERP-O-002145,2026-06-28,East,Home,184.38,5.31,479390.67,43145.16,2600.0,0.3249,0.0,5273.3,100,2026-06-29T02:00:00+05:30
ERP-O-002146,2026-06-28,West,Apparel,487.53,19.31,706913.43,77760.48,1450.0,0.3665,0.0,7776.05,264,2026-06-29T02:00:00+05:30
ERP-O-002147,2026-06-28,West,Electronics,295.9,6.39,2633542.45,184347.97,8900.0,0.3563,0.0,28968.97,160,2026-06-29T02:00:00+05:30
ERP-O-002148,2026-06-28,West,Home,248.41,7.15,645866.08,58127.95,2600.0,0.3493,0.0,7104.53,134,2026-06-29T02:00:00+05:30
ERP-O-002149,2026-06-29,North,Apparel,533.27,21.12,773236.6,85056.03,1450.0,0.3107,0.0,8505.6,288,2026-06-30T02:00:00+05:30
ERP-O-002150,2026-06-29,North,Electronics,307.36,6.64,2735494.75,191484.63,8900.0,0.3407,0.0,30090.44,166,2026-06-30T02:00:00+05:30
ERP-O-002151,2026-06-29,North,Home,267.5,7.7,695511.06,62596.0,2600.0,0.3392,0.0,7650.62,145,2026-06-30T02:00:00+05:30
ERP-O-002152,2026-06-29,South,Apparel,452.01,17.9,655412.82,72095.41,1450.0,0.345,0.0,7209.54,244,2026-06-30T02:00:00+05:30
ERP-O-002153,2026-06-29,South,Electronics,262.86,5.68,2339494.38,163764.61,8900.0,0.3507,0.0,25734.44,142,2026-06-30T02:00:00+05:30
ERP-O-002154,2026-06-29,South,Home,256.35,7.38,666518.53,59986.67,2600.0,0.3502,0.0,7331.7,139,2026-06-30T02:00:00+05:30
ERP-O-002155,2026-06-29,East,Apparel,299.88,11.88,434822.35,47830.46,1450.0,0.3161,0.0,4783.05,162,2026-06-30T02:00:00+05:30
ERP-O-002156,2026-06-29,East,Electronics,179.27,3.87,1595469.14,111682.84,8900.0,0.3742,0.0,17550.16,97,2026-06-30T02:00:00+05:30
ERP-O-002157,2026-06-29,East,Home,162.62,4.68,422820.86,38053.88,2600.0,0.3263,0.0,4651.03,88,2026-06-30T02:00:00+05:30
ERP-O-002158,2026-06-29,West,Apparel,394.39,15.62,571869.0,62905.59,1450.0,0.3512,0.0,6290.56,213,2026-06-30T02:00:00+05:30
ERP-O-002159,2026-06-29,West,Electronics,245.48,5.3,2184745.61,152932.19,8900.0,0.3564,0.0,24032.2,133,2026-06-30T02:00:00+05:30
ERP-O-002160,2026-06-29,West,Home,222.75,6.42,579143.81,52122.94,2600.0,0.352,0.0,6370.58,120,2026-06-30T02:00:00+05:30
ERP-O-002161,2026-06-30,North,Apparel,544.1,21.55,788948.41,86784.33,1450.0,0.3128,0.0,8678.43,294,2026-07-01T02:00:00+05:30
ERP-O-002162,2026-06-30,North,Electronics,333.43,7.2,2967491.54,207724.41,8900.0,0.3546,0.0,32642.41,180,2026-07-01T02:00:00+05:30
ERP-O-002163,2026-06-30,North,Home,265.21,7.64,689544.16,62058.97,2600.0,0.3772,0.0,7584.99,143,2026-07-01T02:00:00+05:30
ERP-O-002164,2026-06-30,South,Apparel,476.0,18.85,690201.72,75922.19,1450.0,0.3454,0.0,7592.22,257,2026-07-01T02:00:00+05:30
ERP-O-002165,2026-06-30,South,Electronics,257.26,5.56,2289614.03,160272.98,8900.0,0.3248,0.0,25185.75,139,2026-07-01T02:00:00+05:30
ERP-O-002166,2026-06-30,South,Home,242.84,6.99,631396.42,,2600.0,0.3483,0.0,6945.36,131,2026-07-01T02:00:00+05:30
ERP-O-002167,2026-06-30,East,Apparel,314.86,12.47,456551.62,50220.68,1450.0,0.3498,0.0,5022.07,170,2026-07-01T02:00:00+05:30
ERP-O-002168,2026-06-30,East,Electronics,167.5,3.62,1490786.45,104355.05,8900.0,0.3357,0.0,16398.65,91,2026-07-01T02:00:00+05:30
ERP-O-002169,2026-06-30,East,Home,167.83,4.83,436365.76,39272.92,2600.0,0.3726,0.0,4800.02,91,2026-07-01T02:00:00+05:30
ERP-O-002170,2026-06-30,West,Apparel,382.19,15.13,554182.7,60960.1,1450.0,0.3548,0.0,6096.01,207,2026-07-01T02:00:00+05:30
ERP-O-002171,2026-06-30,West,Electronics,256.47,5.54,2282626.04,159783.82,8900.0,0.3229,0.0,25108.89,139,2026-07-01T02:00:00+05:30
ERP-O-002172,2026-06-30,West,Home,220.75,6.36,573962.16,51656.59,2600.0,0.3118,0.0,6313.58,119,2026-07-01T02:00:00+05:30
ERP-O-002173,2026-07-01,North,Apparel,554.13,21.94,803487.09,88383.58,1450.0,0.3599,0.0,8838.36,300,2026-07-02T02:00:00+05:30
ERP-O-002174,2026-07-01,North,Electronics,311.51,6.73,2772396.27,194067.74,8900.0,0.3264,0.0,30496.36,168,2026-07-02T02:00:00+05:30
ERP-O-002175,2026-07-01,North,Home,257.66,7.42,669906.12,60291.55,2600.0,0.3512,0.0,7368.97,139,2026-07-02T02:00:00+05:30
ERP-O-002176,2026-07-01,South,Apparel,448.61,17.76,650484.81,71553.33,1450.0,0.2973,0.0,7155.33,242,2026-07-02T02:00:00+05:30
ERP-O-002177,2026-07-01,South,Electronics,251.12,5.42,2234964.07,156447.48,8900.0,0.3479,0.0,24584.6,136,2026-07-02T02:00:00+05:30
ERP-O-002178,2026-07-01,South,Home,257.48,7.42,669447.43,60250.27,2600.0,0.3196,0.0,7363.92,139,2026-07-02T02:00:00+05:30
ERP-O-002179,2026-07-01,East,Apparel,315.6,12.5,457621.29,50338.34,1450.0,0.3111,0.0,5033.83,171,2026-07-02T02:00:00+05:30
ERP-O-002180,2026-07-01,East,Electronics,177.97,3.84,1583928.64,110875.0,8900.0,0.3246,0.0,17423.22,96,2026-07-02T02:00:00+05:30
ERP-O-002181,2026-07-01,East,Home,160.82,4.63,418143.64,37632.93,2600.0,0.3284,0.0,4599.58,87,2026-07-02T02:00:00+05:30
ERP-O-002182,2026-07-01,West,Apparel,418.19,16.56,606369.06,66700.6,1450.0,0.3178,0.0,6670.06,226,2026-07-02T02:00:00+05:30
ERP-O-002183,2026-07-01,West,Electronics,237.42,5.13,2113057.26,147914.01,8900.0,0.3751,0.0,23243.63,128,2026-07-02T02:00:00+05:30
ERP-O-002184,2026-07-01,West,Home,216.95,6.25,564066.44,50765.98,2600.0,0.3374,0.0,6204.73,117,2026-07-02T02:00:00+05:30
ERP-O-002185,2026-07-02,North,Apparel,571.09,22.62,828080.5,91088.86,1450.0,0.3583,0.0,9108.89,309,2026-07-03T02:00:00+05:30
ERP-O-002186,2026-07-02,North,Electronics,307.4,6.64,2735845.51,191509.19,8900.0,0.373,0.0,30094.3,166,2026-07-03T02:00:00+05:30
ERP-O-002187,2026-07-02,North,Home,288.55,8.31,750226.51,67520.39,2600.0,0.3305,0.0,8252.49,156,2026-07-03T02:00:00+05:30
ERP-O-002188,2026-07-02,South,Apparel,451.83,17.89,655147.61,72066.24,1450.0,0.3226,0.0,7206.62,244,2026-07-03T02:00:00+05:30
ERP-O-002189,2026-07-02,South,Electronics,264.5,5.71,2354032.81,164782.3,8900.0,0.3336,0.0,25894.36,143,2026-07-03T02:00:00+05:30
ERP-O-002190,2026-07-02,South,Home,237.91,6.85,618572.1,55671.49,2600.0,0.3493,0.0,6804.29,129,2026-07-03T02:00:00+05:30
ERP-O-002191,2026-07-02,East,Apparel,326.6,12.93,473573.16,52093.05,1450.0,0.3655,0.0,5209.3,177,2026-07-03T02:00:00+05:30
ERP-O-002192,2026-07-02,East,Electronics,177.52,3.83,1579888.54,110592.2,8900.0,0.367,0.0,17378.77,96,2026-07-03T02:00:00+05:30
ERP-O-002193,2026-07-02,East,Home,173.99,5.01,452364.45,40712.8,2600.0,0.3219,0.0,4976.01,94,2026-07-03T02:00:00+05:30
ERP-O-002194,2026-07-02,West,Apparel,389.96,15.44,565448.33,62199.32,1450.0,0.364,0.0,6219.93,211,2026-07-03T02:00:00+05:30
ERP-O-002195,2026-07-02,West,Electronics,257.47,5.56,2291481.6,160403.71,8900.0,0.3471,0.0,25206.3,139,2026-07-03T02:00:00+05:30
ERP-O-002196,2026-07-02,West,Home,218.42,6.29,567880.34,51109.23,2600.0,0.3581,0.0,6246.68,118,2026-07-03T02:00:00+05:30
ERP-O-002197,2026-07-03,North,Apparel,492.52,19.5,714152.63,78556.79,1450.0,0.3304,0.0,7855.68,266,2026-07-04T02:00:00+05:30
ERP-O-002198,2026-07-03,North,Electronics,324.34,7.01,2886607.26,202062.51,8900.0,0.3595,0.0,31752.68,175,2026-07-04T02:00:00+05:30
ERP-O-002199,2026-07-03,North,Home,271.35,7.81,705498.52,63494.87,2600.0,0.3372,0.0,7760.48,147,2026-07-04T02:00:00+05:30
ERP-O-002200,2026-07-03,South,Apparel,456.49,18.08,661908.67,72809.95,1450.0,0.3519,0.0,7281.0,247,2026-07-04T02:00:00+05:30
ERP-O-002201,2026-07-03,South,Electronics,252.21,5.45,2244625.42,157123.78,8900.0,0.314,0.0,24690.88,136,2026-07-04T02:00:00+05:30
ERP-O-002202,2026-07-03,South,Home,246.12,7.09,639923.05,57593.07,2600.0,0.342,0.0,7039.15,133,2026-07-04T02:00:00+05:30
ERP-O-002203,2026-07-03,East,Apparel,323.92,12.83,469681.72,51664.99,1450.0,0.3702,0.0,5166.5,175,2026-07-04T02:00:00+05:30
ERP-O-002204,2026-07-03,East,Electronics,184.72,3.99,1643997.85,115079.85,8900.0,0.3402,0.0,18083.98,100,2026-07-04T02:00:00+05:30
ERP-O-002205,2026-07-03,East,Home,173.22,4.99,450370.16,40533.31,2600.0,0.3304,0.0,4954.07,94,2026-07-04T02:00:00+05:30
ERP-O-002206,2026-07-03,West,Apparel,410.74,16.27,595568.75,,1450.0,0.3421,0.0,6551.26,222,2026-07-04T02:00:00+05:30
ERP-O-002207,2026-07-03,West,Electronics,226.93,4.9,2019660.11,141376.21,8900.0,0.3295,0.0,22216.26,123,2026-07-04T02:00:00+05:30
ERP-O-002208,2026-07-03,West,Home,199.32,5.74,518235.13,46641.16,2600.0,0.3271,0.0,5700.59,108,2026-07-04T02:00:00+05:30
ERP-O-002209,2026-07-04,North,Apparel,639.87,25.34,927808.3,102058.91,1450.0,0.3236,0.0,10205.89,346,2026-07-05T02:00:00+05:30
ERP-O-002210,2026-07-04,North,Electronics,367.57,7.94,3271394.56,228997.62,8900.0,0.3693,0.0,35985.34,199,2026-07-05T02:00:00+05:30
ERP-O-002211,2026-07-04,North,Home,327.28,9.43,850927.12,76583.44,2600.0,0.3572,0.0,9360.2,177,2026-07-05T02:00:00+05:30
ERP-O-002212,2026-07-04,South,Apparel,536.47,21.24,777887.75,85567.65,1450.0,0.3564,0.0,8556.77,290,2026-07-05T02:00:00+05:30
ERP-O-002213,2026-07-04,South,Electronics,299.91,6.48,2669183.13,186842.82,8900.0,0.3485,0.0,29361.01,162,2026-07-05T02:00:00+05:30
ERP-O-002214,2026-07-04,South,Home,292.48,8.42,760437.8,68439.4,2600.0,0.34,0.0,8364.82,158,2026-07-05T02:00:00+05:30
ERP-O-002215,2026-07-04,East,Apparel,365.43,14.47,529867.19,58285.39,1450.0,0.3239,0.0,5828.54,198,2026-07-05T02:00:00+05:30
ERP-O-002216,2026-07-04,East,Electronics,224.23,4.84,1995651.81,139695.63,8900.0,0.3632,0.0,21952.17,121,2026-07-05T02:00:00+05:30
ERP-O-002217,2026-07-04,East,Home,197.02,5.67,512241.85,46101.77,2600.0,0.3413,0.0,5634.66,106,2026-07-05T02:00:00+05:30
ERP-O-002218,2026-07-04,West,Apparel,473.18,18.74,686104.77,75471.52,1450.0,0.3399,0.0,7547.15,256,2026-07-05T02:00:00+05:30
ERP-O-002219,2026-07-04,West,Electronics,270.61,5.85,2408399.43,168587.96,8900.0,0.3595,0.0,26492.39,146,2026-07-05T02:00:00+05:30
ERP-O-002220,2026-07-04,West,Home,245.58,7.07,638516.79,57466.51,2600.0,0.3642,0.0,7023.68,133,2026-07-05T02:00:00+05:30
ERP-O-002221,2026-07-05,North,Apparel,644.24,25.51,934145.49,102756.0,1450.0,0.3298,0.0,10275.6,348,2026-07-06T02:00:00+05:30
ERP-O-002222,2026-07-05,North,Electronics,377.89,8.16,3363262.34,235428.36,8900.0,0.3393,0.0,36995.89,204,2026-07-06T02:00:00+05:30
ERP-O-002223,2026-07-05,North,Home,335.04,9.65,871098.98,78398.91,2600.0,0.3536,0.0,9582.09,181,2026-07-06T02:00:00+05:30
ERP-O-002224,2026-07-05,South,Apparel,565.47,22.39,819933.25,90192.66,1450.0,0.3291,0.0,9019.27,306,2026-07-06T02:00:00+05:30
ERP-O-002225,2026-07-05,South,Electronics,307.64,6.65,2738034.34,191662.4,8900.0,0.3759,0.0,30118.38,166,2026-07-06T02:00:00+05:30
ERP-O-002226,2026-07-05,South,Home,289.49,8.34,752670.94,67740.38,2600.0,0.3536,0.0,8279.38,156,2026-07-06T02:00:00+05:30
ERP-O-002227,2026-07-05,East,Apparel,376.63,14.91,546116.71,60072.84,1450.0,0.3648,0.0,6007.28,204,2026-07-06T02:00:00+05:30
ERP-O-002228,2026-07-05,East,Electronics,222.71,4.81,1982134.42,138749.41,8900.0,0.3136,0.0,21803.48,120,2026-07-06T02:00:00+05:30
ERP-O-002229,2026-07-05,East,Home,199.51,5.75,518737.87,46686.41,2600.0,0.3797,0.0,5706.12,108,2026-07-06T02:00:00+05:30
ERP-O-002230,2026-07-05,West,Apparel,491.55,19.47,712740.67,78401.47,1450.0,0.3466,0.0,7840.15,266,2026-07-06T02:00:00+05:30
ERP-O-002231,2026-07-05,West,Electronics,297.28,6.42,2645766.73,185203.67,8900.0,0.3681,0.0,29103.43,161,2026-07-06T02:00:00+05:30
ERP-O-002232,2026-07-05,West,Home,264.81,7.63,688515.06,61966.36,2600.0,0.3599,0.0,7573.67,143,2026-07-06T02:00:00+05:30
ERP-O-002233,2026-07-06,North,Apparel,533.27,21.12,773243.37,85056.77,1450.0,0.3168,0.0,8505.68,288,2026-07-07T02:00:00+05:30
ERP-O-002234,2026-07-06,North,Electronics,285.4,6.16,2540058.35,177804.08,8900.0,0.3506,0.0,27940.64,154,2026-07-07T02:00:00+05:30
ERP-O-002235,2026-07-06,North,Home,264.1,7.61,686659.17,61799.33,2600.0,0.3608,0.0,7553.25,143,2026-07-07T02:00:00+05:30
ERP-O-002236,2026-07-06,South,Apparel,429.61,17.01,622927.7,68522.05,1450.0,0.3312,0.0,6852.2,232,2026-07-07T02:00:00+05:30
ERP-O-002237,2026-07-06,South,Electronics,257.88,5.57,2295121.42,160658.5,8900.0,0.3146,0.0,25246.34,139,2026-07-07T02:00:00+05:30
ERP-O-002238,2026-07-06,South,Home,250.32,7.21,650820.91,58573.88,2600.0,0.3208,0.0,7159.03,135,2026-07-07T02:00:00+05:30
ERP-O-002239,2026-07-06,East,Apparel,318.99,12.63,462535.29,50878.88,1450.0,0.3924,0.0,5087.89,172,2026-07-07T02:00:00+05:30
ERP-O-002240,2026-07-06,East,Electronics,181.75,3.93,1617531.98,113227.24,8900.0,0.357,0.0,17792.85,98,2026-07-07T02:00:00+05:30
ERP-O-002241,2026-07-06,East,Home,161.26,4.64,419285.33,37735.68,2600.0,0.3016,0.0,4612.14,87,2026-07-07T02:00:00+05:30
ERP-O-002242,2026-07-06,West,Apparel,428.17,16.96,620842.28,68292.65,1450.0,0.3532,0.0,6829.27,231,2026-07-07T02:00:00+05:30
ERP-O-002243,2026-07-06,West,Electronics,238.5,5.15,2122664.72,148586.53,8900.0,0.3179,0.0,23349.31,129,2026-07-07T02:00:00+05:30
ERP-O-002244,2026-07-06,West,Home,215.84,6.22,561180.67,50506.26,2600.0,0.3189,0.0,6172.99,117,2026-07-07T02:00:00+05:30
ERP-O-002245,2026-07-07,North,Apparel,530.89,21.02,769787.46,84676.62,1450.0,0.3299,0.0,8467.66,287,2026-07-08T02:00:00+05:30
ERP-O-002246,2026-07-07,North,Electronics,311.58,6.73,2773072.32,194115.06,8900.0,0.3166,0.0,30503.8,168,2026-07-08T02:00:00+05:30
ERP-O-002247,2026-07-07,North,Home,273.75,7.88,711758.06,64058.23,2600.0,0.3399,0.0,7829.34,148,2026-07-08T02:00:00+05:30
ERP-O-002248,2026-07-07,South,Apparel,463.34,18.35,671839.4,73902.33,1450.0,0.3316,0.0,7390.23,250,2026-07-08T02:00:00+05:30
ERP-O-002249,2026-07-07,South,Electronics,268.06,5.79,2385725.34,167000.77,8900.0,0.3671,0.0,26242.98,145,2026-07-08T02:00:00+05:30
ERP-O-002250,2026-07-07,South,Home,230.65,6.64,599689.57,53972.06,2600.0,0.3313,0.0,6596.59,125,2026-07-08T02:00:00+05:30
ERP-O-002251,2026-07-07,East,Apparel,326.08,12.91,472811.11,52009.22,1450.0,0.3546,0.0,5200.92,176,2026-07-08T02:00:00+05:30
ERP-O-002252,2026-07-07,East,Electronics,190.39,4.11,1694467.78,118612.74,8900.0,0.3108,0.0,18639.15,103,2026-07-08T02:00:00+05:30
ERP-O-002253,2026-07-07,East,Home,161.41,4.65,419674.2,37770.68,2600.0,0.3492,0.0,4616.42,87,2026-07-08T02:00:00+05:30
ERP-O-002254,2026-07-07,West,Apparel,413.9,16.39,600158.44,66017.43,1450.0,0.346,0.0,6601.74,224,2026-07-08T02:00:00+05:30
ERP-O-002255,2026-07-07,West,Electronics,242.53,5.24,2158506.96,151095.49,8900.0,0.3105,0.0,23743.58,131,2026-07-08T02:00:00+05:30
ERP-O-002256,2026-07-07,West,Home,202.28,5.83,525932.16,47333.89,2600.0,0.3222,0.0,5785.25,109,2026-07-08T02:00:00+05:30
ERP-O-002257,2026-07-08,North,Apparel,528.65,20.93,766537.86,84319.16,1450.0,0.3503,0.0,8431.92,286,2026-07-09T02:00:00+05:30
ERP-O-002258,2026-07-08,North,Electronics,291.17,6.29,2591382.42,181396.77,8900.0,0.3139,0.0,28505.21,157,2026-07-09T02:00:00+05:30
ERP-O-002259,2026-07-08,North,Home,287.46,8.28,747386.57,67264.79,2600.0,0.3568,0.0,8221.25,155,2026-07-09T02:00:00+05:30
ERP-O-002260,2026-07-08,South,Apparel,435.47,17.24,631437.32,69458.1,1450.0,0.3176,0.0,6945.81,235,2026-07-09T02:00:00+05:30
ERP-O-002261,2026-07-08,South,Electronics,254.6,5.5,2265917.06,158614.19,8900.0,0.316,0.0,24925.09,138,2026-07-09T02:00:00+05:30
ERP-O-002262,2026-07-08,South,Home,250.59,7.22,651543.82,58638.94,2600.0,0.3901,0.0,7166.98,135,2026-07-09T02:00:00+05:30
ERP-O-002263,2026-07-08,East,Apparel,316.37,12.53,458732.56,50460.58,1450.0,0.3536,0.0,5046.06,171,2026-07-09T02:00:00+05:30
ERP-O-002264,2026-07-08,East,Electronics,193.49,4.18,1722098.01,120546.86,8900.0,0.3085,0.0,18943.08,105,2026-07-09T02:00:00+05:30
ERP-O-002265,2026-07-08,East,Home,166.44,4.79,432733.81,38946.04,2600.0,0.3385,0.0,4760.07,90,2026-07-09T02:00:00+05:30
ERP-O-002266,2026-07-08,West,Apparel,419.85,16.63,608780.98,66965.91,1450.0,0.3357,0.0,6696.59,227,2026-07-09T02:00:00+05:30
ERP-O-002267,2026-07-08,West,Electronics,247.57,5.35,2203387.28,154237.11,8900.0,0.3622,0.0,24237.26,134,2026-07-09T02:00:00+05:30
ERP-O-002268,2026-07-08,West,Home,207.42,5.97,539289.26,48536.03,2600.0,0.3351,0.0,5932.18,112,2026-07-09T02:00:00+05:30
ERP-O-002269,2026-07-09,North,Apparel,561.3,22.23,813879.93,89526.79,1450.0,0.3233,0.0,8952.68,303,2026-07-10T02:00:00+05:30
ERP-O-002270,2026-07-09,North,Electronics,316.09,6.83,2813165.76,196921.6,8900.0,0.3011,0.0,30944.82,171,2026-07-10T02:00:00+05:30
ERP-O-002271,2026-07-09,North,Home,286.89,8.26,745922.03,67132.98,2600.0,0.3398,0.0,8205.14,155,2026-07-10T02:00:00+05:30
ERP-O-002272,2026-07-09,South,Apparel,446.3,17.67,647128.1,71184.09,1450.0,0.3399,0.0,7118.41,241,2026-07-10T02:00:00+05:30
ERP-O-002273,2026-07-09,South,Electronics,247.75,5.35,2204965.85,154347.61,8900.0,0.3642,0.0,24254.62,134,2026-07-10T02:00:00+05:30
ERP-O-002274,2026-07-09,South,Home,240.85,6.94,626203.77,56358.34,2600.0,0.3656,0.0,6888.24,130,2026-07-10T02:00:00+05:30
ERP-O-002275,2026-07-09,East,Apparel,329.42,13.04,477652.83,52541.81,1450.0,0.3677,0.0,5254.18,178,2026-07-10T02:00:00+05:30
ERP-O-002276,2026-07-09,East,Electronics,183.04,3.95,1629093.39,114036.54,8900.0,0.3359,0.0,17920.03,99,2026-07-10T02:00:00+05:30
ERP-O-002277,2026-07-09,East,Home,162.27,4.67,421911.18,37972.01,2600.0,0.3378,0.0,4641.02,88,2026-07-10T02:00:00+05:30
ERP-O-002278,2026-07-09,West,Apparel,395.48,15.66,573446.57,63079.12,1450.0,0.3461,0.0,6307.91,214,2026-07-10T02:00:00+05:30
ERP-O-002279,2026-07-09,West,Electronics,237.93,5.14,2117596.74,148231.77,8900.0,0.3416,0.0,23293.56,129,2026-07-10T02:00:00+05:30
ERP-O-002280,2026-07-09,West,Home,211.84,6.1,550789.26,49571.03,2600.0,0.3396,0.0,6058.68,115,2026-07-10T02:00:00+05:30
ERP-O-002281,2026-07-10,North,Apparel,545.88,21.62,791530.21,87068.32,1450.0,0.3202,0.0,8706.83,295,2026-07-11T02:00:00+05:30
ERP-O-002282,2026-07-10,North,Electronics,294.21,6.35,2618467.98,183292.76,8900.0,0.3316,0.0,28803.15,159,2026-07-11T02:00:00+05:30
ERP-O-002283,2026-07-10,North,Home,283.04,8.15,735905.2,66231.47,2600.0,0.3075,0.0,8094.96,153,2026-07-11T02:00:00+05:30
ERP-O-002284,2026-07-10,South,Apparel,428.93,16.99,621947.92,68414.27,1450.0,0.3785,0.0,6841.43,232,2026-07-11T02:00:00+05:30
ERP-O-002285,2026-07-10,South,Electronics,253.11,5.47,2252660.98,157686.27,8900.0,0.3391,0.0,24779.27,137,2026-07-11T02:00:00+05:30
ERP-O-002286,2026-07-10,South,Home,247.63,7.13,643837.72,57945.39,2600.0,0.3822,0.0,7082.21,134,2026-07-11T02:00:00+05:30
ERP-O-002287,2026-07-10,East,Apparel,339.03,13.43,491590.81,54074.99,1450.0,0.3688,0.0,5407.5,183,2026-07-11T02:00:00+05:30
ERP-O-002288,2026-07-10,East,Electronics,177.18,3.83,1576880.09,110381.61,8900.0,0.3314,0.0,17345.68,96,2026-07-11T02:00:00+05:30
ERP-O-002289,2026-07-10,East,Home,162.76,4.69,423165.06,38084.86,2600.0,0.3407,0.0,4654.82,88,2026-07-11T02:00:00+05:30
ERP-O-002290,2026-07-10,West,Apparel,425.74,16.86,617316.54,67904.82,1450.0,0.3468,0.0,6790.48,230,2026-07-11T02:00:00+05:30
ERP-O-002291,2026-07-10,West,Electronics,255.43,5.52,2273292.89,159130.5,8900.0,0.3414,0.0,25006.22,138,2026-07-11T02:00:00+05:30
ERP-O-002292,2026-07-10,West,Home,215.62,6.21,560600.52,50454.05,2600.0,0.3255,0.0,6166.61,117,2026-07-11T02:00:00+05:30
ERP-O-002293,2026-07-11,North,Apparel,660.57,26.16,957823.77,105360.61,1450.0,0.3358,0.0,10536.06,357,2026-07-12T02:00:00+05:30
ERP-O-002294,2026-07-11,North,Electronics,380.42,8.22,3385744.76,237002.13,8900.0,0.3156,0.0,37243.19,206,2026-07-12T02:00:00+05:30
ERP-O-002295,2026-07-11,North,Home,302.92,8.72,787586.6,70882.79,2600.0,0.3591,0.0,8663.45,164,2026-07-12T02:00:00+05:30
ERP-O-002296,2026-07-11,South,Apparel,516.72,20.46,749249.0,82417.39,1450.0,0.3439,0.0,8241.74,279,2026-07-12T02:00:00+05:30
ERP-O-002297,2026-07-11,South,Electronics,328.89,7.1,2927109.78,204897.68,8900.0,0.3232,0.0,32198.21,178,2026-07-12T02:00:00+05:30
ERP-O-002298,2026-07-11,South,Home,268.42,7.73,697887.89,62809.91,2600.0,0.3542,0.0,7676.77,145,2026-07-12T02:00:00+05:30
ERP-O-002299,2026-07-11,East,Apparel,359.78,14.25,521682.11,57385.03,1450.0,0.3463,0.0,5738.5,194,2026-07-12T02:00:00+05:30
ERP-O-002300,2026-07-11,East,Electronics,210.07,4.54,1869624.88,130873.74,8900.0,0.3205,0.0,20565.87,114,2026-07-12T02:00:00+05:30
ERP-O-002301,2026-07-11,East,Home,195.76,5.64,508966.32,45806.97,2600.0,0.3635,0.0,5598.63,106,2026-07-12T02:00:00+05:30
ERP-O-002302,2026-07-11,West,Apparel,489.39,19.38,709616.68,78057.83,1450.0,0.3245,0.0,7805.78,265,2026-07-12T02:00:00+05:30
ERP-O-002303,2026-07-11,West,Electronics,280.47,6.06,2496186.58,174733.06,8900.0,0.3536,0.0,27458.05,152,2026-07-12T02:00:00+05:30
ERP-O-002304,2026-07-11,West,Home,240.81,6.94,626115.56,56350.4,2600.0,0.325,0.0,6887.27,130,2026-07-12T02:00:00+05:30
ERP-O-002305,2026-07-12,North,Apparel,597.57,23.66,866479.54,95312.75,1450.0,0.3083,0.0,9531.27,323,2026-07-13T02:00:00+05:30
ERP-O-002306,2026-07-12,North,Electronics,365.08,7.89,3249172.54,227442.08,8900.0,0.3368,0.0,35740.9,197,2026-07-13T02:00:00+05:30
ERP-O-002307,2026-07-12,North,Home,327.74,9.44,852120.21,76690.82,2600.0,0.3502,0.0,9373.32,177,2026-07-13T02:00:00+05:30
ERP-O-002308,2026-07-12,South,Apparel,505.33,20.01,732735.53,80600.91,1450.0,0.3421,0.0,8060.09,273,2026-07-13T02:00:00+05:30
ERP-O-002309,2026-07-12,South,Electronics,318.42,6.88,2833938.7,198375.71,8900.0,0.3567,0.0,31173.33,172,2026-07-13T02:00:00+05:30
ERP-O-002310,2026-07-12,South,Home,279.29,8.04,726155.5,65353.99,2600.0,0.3826,0.0,7987.71,151,2026-07-13T02:00:00+05:30
ERP-O-002311,2026-07-12,East,Apparel,368.7,14.6,534614.05,58807.55,1450.0,0.3419,0.0,5880.75,199,2026-07-13T02:00:00+05:30
ERP-O-002312,2026-07-12,East,Electronics,201.88,4.36,1796764.69,125773.53,8900.0,0.3484,0.0,19764.41,109,2026-07-13T02:00:00+05:30
ERP-O-002313,2026-07-12,East,Home,200.52,5.78,521356.67,46922.1,2600.0,0.3037,0.0,5734.92,108,2026-07-13T02:00:00+05:30
ERP-O-002314,2026-07-12,West,Apparel,470.35,18.63,682002.58,75020.28,1450.0,0.3552,0.0,7502.03,254,2026-07-13T02:00:00+05:30
ERP-O-002315,2026-07-12,West,Electronics,296.02,6.39,2634581.34,184420.69,8900.0,0.3458,0.0,28980.39,160,2026-07-13T02:00:00+05:30
ERP-O-002316,2026-07-12,West,Home,253.79,7.31,659841.73,59385.76,2600.0,0.3393,0.0,7258.26,137,2026-07-13T02:00:00+05:30
ERP-O-002317,2026-07-13,North,Apparel,572.0,22.65,829403.36,91234.37,1450.0,0.3422,0.0,9123.44,309,2026-07-14T02:00:00+05:30
ERP-O-002318,2026-07-13,North,Electronics,325.44,7.03,2896439.49,202750.76,8900.0,0.3334,0.0,31860.83,176,2026-07-14T02:00:00+05:30
ERP-O-002319,2026-07-13,North,Home,268.41,7.73,697859.16,62807.32,2600.0,0.3585,0.0,7676.45,145,2026-07-14T02:00:00+05:30
ERP-O-002320,2026-07-13,South,Apparel,430.8,17.06,624654.04,68711.94,1450.0,0.3345,0.0,6871.19,233,2026-07-14T02:00:00+05:30
ERP-O-002321,2026-07-13,South,Electronics,253.44,5.47,2255616.14,157893.13,8900.0,0.338,0.0,24811.78,137,2026-07-14T02:00:00+05:30
ERP-O-002322,2026-07-13,South,Home,229.22,6.6,595965.98,53636.94,2600.0,0.3531,0.0,6555.63,124,2026-07-14T02:00:00+05:30
ERP-O-002323,2026-07-13,East,Apparel,330.42,13.08,479103.22,52701.35,1450.0,0.3201,0.0,5270.14,179,2026-07-14T02:00:00+05:30
ERP-O-002324,2026-07-13,East,Electronics,173.72,3.75,1546131.58,108229.21,8900.0,0.3365,0.0,17007.45,94,2026-07-14T02:00:00+05:30
ERP-O-002325,2026-07-13,East,Home,166.38,4.79,432596.21,38933.66,2600.0,0.3182,0.0,4758.56,90,2026-07-14T02:00:00+05:30
ERP-O-002326,2026-07-13,West,Apparel,398.38,15.78,577656.39,63542.2,1450.0,0.3503,0.0,6354.22,215,2026-07-14T02:00:00+05:30
ERP-O-002327,2026-07-13,West,Electronics,255.01,5.51,2269611.56,158872.81,8900.0,0.3272,0.0,24965.73,138,2026-07-14T02:00:00+05:30
ERP-O-002328,2026-07-13,West,Home,214.86,6.19,558630.82,50276.77,2600.0,0.2862,0.0,6144.94,116,2026-07-14T02:00:00+05:30
ERP-O-002329,2026-07-14,North,Apparel,557.43,22.07,808275.72,88910.33,1450.0,0.3643,0.0,8891.03,301,2026-07-15T02:00:00+05:30
ERP-O-002330,2026-07-14,North,Electronics,303.76,6.56,2703470.2,189242.91,8900.0,0.3025,0.0,29738.17,164,2026-07-15T02:00:00+05:30
ERP-O-002331,2026-07-14,North,Home,264.58,7.62,687906.26,61911.56,2600.0,0.3536,0.0,7566.97,143,2026-07-15T02:00:00+05:30
ERP-O-002332,2026-07-14,South,Apparel,432.9,17.14,627701.3,69047.14,1450.0,0.3021,0.0,6904.71,234,2026-07-15T02:00:00+05:30
ERP-O-002333,2026-07-14,South,Electronics,246.01,5.31,2189525.6,153266.79,8900.0,0.3246,0.0,24084.78,133,2026-07-15T02:00:00+05:30
ERP-O-002334,2026-07-14,South,Home,257.54,7.42,669601.92,60264.17,2600.0,0.3241,0.0,7365.62,139,2026-07-15T02:00:00+05:30
ERP-O-002335,2026-07-14,East,Apparel,317.87,12.59,460912.45,50700.37,1450.0,0.336,0.0,5070.04,172,2026-07-15T02:00:00+05:30
ERP-O-002336,2026-07-14,East,Electronics,168.61,3.64,1500669.04,105046.83,8900.0,0.3636,0.0,16507.36,91,2026-07-15T02:00:00+05:30
ERP-O-002337,2026-07-14,East,Home,167.95,4.84,436677.18,39300.95,2600.0,0.3346,0.0,4803.45,91,2026-07-15T02:00:00+05:30
ERP-O-002338,2026-07-14,West,Apparel,407.63,16.14,591059.9,65016.59,1450.0,0.3385,0.0,6501.66,220,2026-07-15T02:00:00+05:30
ERP-O-002339,2026-07-14,West,Electronics,230.22,4.97,2048979.29,143428.55,8900.0,0.3332,0.0,22538.77,124,2026-07-15T02:00:00+05:30
ERP-O-002340,2026-07-14,West,Home,209.95,6.05,545863.26,49127.69,2600.0,0.3157,0.0,6004.5,113,2026-07-15T02:00:00+05:30
ERP-O-002341,2026-07-15,North,Apparel,550.71,21.81,798526.37,87837.9,1450.0,0.3815,0.0,8783.79,298,2026-07-16T02:00:00+05:30
ERP-O-002342,2026-07-15,North,Electronics,331.75,7.17,2952555.82,206678.91,8900.0,0.316,0.0,32478.11,179,2026-07-16T02:00:00+05:30
ERP-O-002343,2026-07-15,North,Home,259.11,7.46,673677.25,60630.95,2600.0,0.3311,0.0,7410.45,140,2026-07-16T02:00:00+05:30
ERP-O-002344,2026-07-15,South,Apparel,440.73,17.45,639056.79,70296.25,1450.0,0.3161,0.0,7029.62,238,2026-07-16T02:00:00+05:30
ERP-O-002345,2026-07-15,South,Electronics,275.94,5.96,2455895.97,171912.72,8900.0,0.3489,0.0,27014.86,149,2026-07-16T02:00:00+05:30
ERP-O-002346,2026-07-15,South,Home,241.33,6.95,627456.62,56471.1,2600.0,0.3538,0.0,6902.02,130,2026-07-16T02:00:00+05:30
ERP-O-002347,2026-07-15,East,Apparel,299.01,11.84,433563.57,47691.99,1450.0,0.3281,0.0,4769.2,162,2026-07-16T02:00:00+05:30
ERP-O-002348,2026-07-15,East,Electronics,159.26,3.44,1417406.25,99218.44,8900.0,0.35,0.0,15591.47,86,2026-07-16T02:00:00+05:30
ERP-O-002349,2026-07-15,East,Home,170.96,4.92,444486.9,40003.82,2600.0,0.3302,0.0,4889.36,92,2026-07-16T02:00:00+05:30
ERP-O-002350,2026-07-15,West,Apparel,383.44,15.18,555990.04,61158.9,1450.0,0.3156,0.0,6115.89,207,2026-07-16T02:00:00+05:30
ERP-O-002351,2026-07-15,West,Electronics,233.44,5.04,2077599.68,145431.98,8900.0,0.3831,0.0,22853.6,126,2026-07-16T02:00:00+05:30
ERP-O-002352,2026-07-15,West,Home,218.52,6.29,568145.23,51133.07,2600.0,0.3059,0.0,6249.6,118,2026-07-16T02:00:00+05:30
ERP-O-002353,2026-07-16,North,Apparel,527.7,20.9,765169.44,84168.64,1450.0,0.3221,0.0,8416.86,285,2026-07-17T02:00:00+05:30
ERP-O-002354,2026-07-16,North,Electronics,304.32,6.57,2708453.93,189591.77,8900.0,0.3636,0.0,29792.99,164,2026-07-17T02:00:00+05:30
ERP-O-002355,2026-07-16,North,Home,271.49,7.82,705881.77,63529.36,2600.0,0.3475,0.0,7764.7,147,2026-07-17T02:00:00+05:30
ERP-O-002356,2026-07-16,South,Apparel,474.0,18.77,687302.77,75603.3,1450.0,0.3529,0.0,7560.33,256,2026-07-17T02:00:00+05:30
ERP-O-002357,2026-07-16,South,Electronics,266.5,5.76,2371808.28,166026.58,8900.0,0.3864,0.0,26089.89,144,2026-07-17T02:00:00+05:30
ERP-O-002358,2026-07-16,South,Home,243.59,7.02,633338.08,57000.43,2600.0,0.3146,0.0,6966.72,132,2026-07-17T02:00:00+05:30
ERP-O-002359,2026-07-16,East,Apparel,317.02,12.55,459684.57,50565.3,1450.0,0.3553,0.0,5056.53,171,2026-07-17T02:00:00+05:30
ERP-O-002360,2026-07-16,East,Electronics,175.81,3.8,1564741.61,109531.91,8900.0,0.3444,0.0,17212.16,95,2026-07-17T02:00:00+05:30
ERP-O-002361,2026-07-16,East,Home,166.59,4.8,433122.48,38981.02,2600.0,0.3599,0.0,4764.35,90,2026-07-17T02:00:00+05:30
ERP-O-002362,2026-07-16,West,Apparel,383.39,15.18,555912.07,61150.33,1450.0,0.3147,0.0,6115.03,207,2026-07-17T02:00:00+05:30
ERP-O-002363,2026-07-16,West,Electronics,230.15,4.97,2048300.94,143381.07,8900.0,0.3668,0.0,22531.31,124,2026-07-17T02:00:00+05:30
ERP-O-002364,2026-07-16,West,Home,204.17,5.88,530850.29,,2600.0,0.3376,0.0,5839.35,110,2026-07-17T02:00:00+05:30
ERP-O-002365,2026-07-17,North,Apparel,557.26,22.07,808029.73,88883.27,1450.0,0.3469,0.0,8888.33,301,2026-07-18T02:00:00+05:30
ERP-O-002366,2026-07-17,North,Electronics,298.22,6.44,2654185.77,185793.0,8900.0,0.3446,0.0,29196.04,161,2026-07-18T02:00:00+05:30
ERP-O-002367,2026-07-17,North,Home,267.26,7.7,694870.86,62538.38,2600.0,0.3299,0.0,7643.58,144,2026-07-18T02:00:00+05:30
ERP-O-002368,2026-07-17,South,Apparel,464.28,18.39,673212.96,74053.43,1450.0,0.371,0.0,7405.34,251,2026-07-18T02:00:00+05:30
ERP-O-002369,2026-07-17,South,Electronics,255.29,5.51,2272123.3,159048.63,8900.0,0.3547,0.0,24993.36,138,2026-07-18T02:00:00+05:30
ERP-O-002370,2026-07-17,South,Home,234.55,6.76,609833.35,54885.0,2600.0,0.368,0.0,6708.17,127,2026-07-18T02:00:00+05:30
ERP-O-002371,2026-07-17,East,Apparel,313.52,12.42,454604.51,50006.5,1450.0,0.3653,0.0,5000.65,169,2026-07-18T02:00:00+05:30
ERP-O-002372,2026-07-17,East,Electronics,179.4,3.88,1596657.72,111766.04,8900.0,0.3379,0.0,17563.23,97,2026-07-18T02:00:00+05:30
ERP-O-002373,2026-07-17,East,Home,181.79,5.24,472648.58,42538.37,2600.0,0.34,0.0,5199.13,98,2026-07-18T02:00:00+05:30
ERP-O-002374,2026-07-17,West,Apparel,399.93,15.84,579892.17,63788.14,1450.0,0.3341,0.0,6378.81,216,2026-07-18T02:00:00+05:30
ERP-O-002375,2026-07-17,West,Electronics,255.56,5.52,2274512.67,159215.89,8900.0,0.3188,0.0,25019.64,138,2026-07-18T02:00:00+05:30
ERP-O-002376,2026-07-17,West,Home,206.92,5.96,537991.68,48419.25,2600.0,0.3545,0.0,5917.91,112,2026-07-18T02:00:00+05:30
ERP-O-002377,2026-07-18,North,Apparel,621.56,24.61,901262.13,99138.83,1450.0,0.3397,0.0,9913.88,336,2026-07-19T02:00:00+05:30
ERP-O-002378,2026-07-18,North,Electronics,366.1,7.91,3258283.31,228079.83,8900.0,0.3535,0.0,35841.12,198,2026-07-19T02:00:00+05:30
ERP-O-002379,2026-07-18,North,Home,306.01,8.81,795619.34,71605.74,2600.0,0.3554,0.0,8751.81,165,2026-07-19T02:00:00+05:30
ERP-O-002380,2026-07-18,South,Apparel,489.02,19.37,709077.25,77998.5,1450.0,0.3551,0.0,7799.85,264,2026-07-19T02:00:00+05:30
ERP-O-002381,2026-07-18,South,Electronics,313.63,6.77,2791299.15,195390.94,8900.0,0.3485,0.0,30704.29,170,2026-07-19T02:00:00+05:30
ERP-O-002382,2026-07-18,South,Home,284.33,8.19,739259.86,66533.39,2600.0,0.2997,0.0,8131.86,154,2026-07-19T02:00:00+05:30
ERP-O-002383,2026-07-18,East,Apparel,375.41,14.87,544346.11,59878.07,1450.0,0.3553,0.0,5987.81,203,2026-07-19T02:00:00+05:30
ERP-O-002384,2026-07-18,East,Electronics,208.1,4.49,1852069.3,129644.85,8900.0,0.3227,0.0,20372.76,112,2026-07-19T02:00:00+05:30
ERP-O-002385,2026-07-18,East,Home,200.78,5.78,522037.94,46983.41,2600.0,0.2778,0.0,5742.42,109,2026-07-19T02:00:00+05:30
ERP-O-002386,2026-07-18,West,Apparel,485.97,19.24,704661.1,77512.72,1450.0,0.3655,0.0,7751.27,263,2026-07-19T02:00:00+05:30
ERP-O-002387,2026-07-18,West,Electronics,287.77,6.22,2561161.79,179281.33,8900.0,0.3422,0.0,28172.78,156,2026-07-19T02:00:00+05:30
ERP-O-002388,2026-07-18,West,Home,250.67,7.22,651744.73,58657.03,2600.0,0.3084,0.0,7169.19,135,2026-07-19T02:00:00+05:30
ERP-O-002389,2026-07-19,North,Apparel,604.86,23.95,877047.67,96475.24,1450.0,0.3265,0.0,9647.52,327,2026-07-20T02:00:00+05:30
ERP-O-002390,2026-07-19,North,Electronics,376.02,8.12,3346565.41,234259.58,8900.0,0.3335,0.0,36812.22,203,2026-07-20T02:00:00+05:30
ERP-O-002391,2026-07-19,North,Home,351.03,10.11,912670.77,82140.37,2600.0,0.3492,0.0,10039.38,190,2026-07-20T02:00:00+05:30
ERP-O-002392,2026-07-19,South,Apparel,538.93,21.34,781448.95,85959.38,1450.0,0.3512,0.0,8595.94,291,2026-07-20T02:00:00+05:30
ERP-O-002393,2026-07-19,South,Electronics,307.73,6.65,2738819.57,191717.37,8900.0,0.3523,0.0,30127.02,166,2026-07-20T02:00:00+05:30
ERP-O-002394,2026-07-19,South,Home,275.55,7.94,716439.02,64479.51,2600.0,0.3257,0.0,7880.83,149,2026-07-20T02:00:00+05:30
ERP-O-002395,2026-07-19,East,Apparel,342.26,13.55,496275.81,54590.34,1450.0,0.3645,0.0,5459.03,185,2026-07-20T02:00:00+05:30
ERP-O-002396,2026-07-19,East,Electronics,211.86,4.58,1885550.1,131988.51,8900.0,0.3569,0.0,20741.05,115,2026-07-20T02:00:00+05:30
ERP-O-002397,2026-07-19,East,Home,198.64,5.72,516464.58,46481.81,2600.0,0.3355,0.0,5681.11,107,2026-07-20T02:00:00+05:30
ERP-O-002398,2026-07-19,West,Apparel,455.33,18.03,660232.16,72625.54,1450.0,0.3323,0.0,7262.55,246,2026-07-20T02:00:00+05:30
ERP-O-002399,2026-07-19,West,Electronics,287.96,6.22,2562816.13,179397.13,8900.0,0.3005,0.0,28190.98,156,2026-07-20T02:00:00+05:30
ERP-O-002400,2026-07-19,West,Home,244.57,7.04,635882.19,57229.4,2600.0,0.3024,0.0,6994.7,132,2026-07-20T02:00:00+05:30
ERP-O-002401,2026-07-20,North,Apparel,548.05,21.7,794672.83,87414.01,1450.0,0.3465,0.0,8741.4,296,2026-07-21T02:00:00+05:30
ERP-O-002402,2026-07-20,North,Electronics,317.29,6.85,2823858.17,197670.07,8900.0,0.3602,0.0,31062.44,172,2026-07-21T02:00:00+05:30
ERP-O-002403,2026-07-20,North,Home,276.91,7.97,719962.56,,2600.0,0.3815,0.0,7919.59,150,2026-07-21T02:00:00+05:30
ERP-O-002404,2026-07-20,South,Apparel,443.22,17.55,642663.84,70693.02,1450.0,0.3141,0.0,7069.3,240,2026-07-21T02:00:00+05:30
ERP-O-002405,2026-07-20,South,Electronics,254.98,5.51,2269345.62,158854.19,8900.0,0.3394,0.0,24962.8,138,2026-07-21T02:00:00+05:30
ERP-O-002406,2026-07-20,South,Home,240.81,6.94,626116.77,,2600.0,0.3171,0.0,6887.28,130,2026-07-21T02:00:00+05:30
ERP-O-002407,2026-07-20,East,Apparel,298.71,11.83,433130.1,47644.31,1450.0,0.3337,0.0,4764.43,161,2026-07-21T02:00:00+05:30
ERP-O-002408,2026-07-20,East,Electronics,185.3,4.0,1649210.53,115444.74,8900.0,0.3494,0.0,18141.32,100,2026-07-21T02:00:00+05:30
ERP-O-002409,2026-07-20,East,Home,159.02,4.58,413448.43,37210.36,2600.0,0.3453,0.0,4547.93,86,2026-07-21T02:00:00+05:30
ERP-O-002410,2026-07-20,West,Apparel,378.69,15.0,549095.62,60400.52,1450.0,0.3319,0.0,6040.05,205,2026-07-21T02:00:00+05:30
ERP-O-002411,2026-07-20,West,Electronics,229.5,4.96,2042533.46,142977.34,8900.0,0.3156,0.0,22467.87,124,2026-07-21T02:00:00+05:30
ERP-O-002412,2026-07-20,West,Home,217.93,6.28,566615.43,50995.39,2600.0,0.32,0.0,6232.77,118,2026-07-21T02:00:00+05:30
ERP-O-002413,2026-07-21,North,Apparel,515.08,20.4,746863.31,82154.96,1450.0,0.3544,0.0,8215.5,278,2026-07-22T02:00:00+05:30
ERP-O-002414,2026-07-21,North,Electronics,312.3,6.75,2779502.82,194565.2,8900.0,0.3445,0.0,30574.53,169,2026-07-22T02:00:00+05:30
ERP-O-002415,2026-07-21,North,Home,276.4,7.96,718640.38,64677.63,2600.0,0.3338,0.0,7905.04,149,2026-07-22T02:00:00+05:30
ERP-O-002416,2026-07-21,South,Apparel,441.53,17.48,640212.64,70423.39,1450.0,0.361,0.0,7042.34,239,2026-07-22T02:00:00+05:30
ERP-O-002417,2026-07-21,South,Electronics,250.21,5.4,2226889.81,155882.29,8900.0,0.3382,0.0,24495.79,135,2026-07-22T02:00:00+05:30
ERP-O-002418,2026-07-21,South,Home,247.53,7.13,643588.25,57922.94,2600.0,0.318,0.0,7079.47,134,2026-07-22T02:00:00+05:30
ERP-O-002419,2026-07-21,East,Apparel,336.0,13.31,487199.17,53591.91,1450.0,0.341,0.0,5359.19,182,2026-07-22T02:00:00+05:30
ERP-O-002420,2026-07-21,East,Electronics,173.19,3.74,1541424.65,107899.73,8900.0,0.351,0.0,16955.67,94,2026-07-22T02:00:00+05:30
ERP-O-002421,2026-07-21,East,Home,163.37,4.71,424762.42,38228.62,2600.0,0.3345,0.0,4672.39,88,2026-07-22T02:00:00+05:30
ERP-O-002422,2026-07-21,West,Apparel,397.39,15.74,576212.2,63383.34,1450.0,0.2788,0.0,6338.33,215,2026-07-22T02:00:00+05:30
ERP-O-002423,2026-07-21,West,Electronics,250.12,5.4,2226086.19,155826.03,8900.0,0.3691,0.0,24486.95,135,2026-07-22T02:00:00+05:30
ERP-O-002424,2026-07-21,West,Home,220.93,6.36,574420.31,51697.83,2600.0,0.3247,0.0,6318.62,119,2026-07-22T02:00:00+05:30
ERP-O-002425,2026-07-22,North,Apparel,534.37,21.16,774842.68,85232.69,1450.0,0.3429,0.0,8523.27,289,2026-07-23T02:00:00+05:30
ERP-O-002426,2026-07-22,North,Electronics,305.83,6.61,2721924.29,190534.7,8900.0,0.3505,0.0,29941.17,165,2026-07-23T02:00:00+05:30
ERP-O-002427,2026-07-22,North,Home,270.85,7.8,704211.27,63379.01,2600.0,0.3551,0.0,7746.32,146,2026-07-23T02:00:00+05:30
ERP-O-002428,2026-07-22,South,Apparel,430.57,17.05,624329.13,68676.2,1450.0,0.3627,0.0,6867.62,233,2026-07-23T02:00:00+05:30
ERP-O-002429,2026-07-22,South,Electronics,256.12,5.53,2279456.84,159561.98,8900.0,0.3515,0.0,25074.03,138,2026-07-23T02:00:00+05:30
ERP-O-002430,2026-07-22,South,Home,225.82,6.5,587119.14,52840.72,2600.0,0.3229,0.0,6458.31,122,2026-07-23T02:00:00+05:30
ERP-O-002431,2026-07-22,East,Apparel,295.27,11.69,428134.53,47094.8,1450.0,0.3363,0.0,4709.48,160,2026-07-23T02:00:00+05:30
ERP-O-002432,2026-07-22,East,Electronics,175.81,3.8,1564734.0,109531.38,8900.0,0.3336,0.0,17212.07,95,2026-07-23T02:00:00+05:30
ERP-O-002433,2026-07-22,East,Home,156.64,4.51,407261.78,36653.56,2600.0,0.3351,0.0,4479.88,85,2026-07-23T02:00:00+05:30
ERP-O-002434,2026-07-22,West,Apparel,392.8,15.55,569555.17,62651.07,1450.0,0.3387,0.0,6265.11,212,2026-07-23T02:00:00+05:30
ERP-O-002435,2026-07-22,West,Electronics,249.5,5.39,2220514.47,155436.01,8900.0,0.3019,0.0,24425.66,135,2026-07-23T02:00:00+05:30
ERP-O-002436,2026-07-22,West,Home,213.9,6.16,556146.68,50053.2,2600.0,0.3423,0.0,6117.61,116,2026-07-23T02:00:00+05:30
ERP-O-002437,2026-07-23,North,Apparel,527.98,20.91,765570.68,84212.78,1450.0,0.3118,0.0,8421.28,285,2026-07-24T02:00:00+05:30
ERP-O-002438,2026-07-23,North,Electronics,305.57,6.6,2719547.12,190368.3,8900.0,0.3212,0.0,29915.02,165,2026-07-24T02:00:00+05:30
ERP-O-002439,2026-07-23,North,Home,267.12,7.69,694509.85,62505.89,2600.0,0.3443,0.0,7639.61,144,2026-07-24T02:00:00+05:30
ERP-O-002440,2026-07-23,South,Apparel,470.28,18.62,681903.91,75009.43,1450.0,0.3575,0.0,7500.94,254,2026-07-24T02:00:00+05:30
ERP-O-002441,2026-07-23,South,Electronics,248.53,5.37,2211914.2,154833.99,8900.0,0.3507,0.0,24331.06,134,2026-07-24T02:00:00+05:30
ERP-O-002442,2026-07-23,South,Home,245.77,7.08,638989.15,57509.02,2600.0,0.3393,0.0,7028.88,133,2026-07-24T02:00:00+05:30
ERP-O-002443,2026-07-23,East,Apparel,309.96,12.27,449447.89,49439.27,1450.0,0.3562,0.0,4943.93,168,2026-07-24T02:00:00+05:30
ERP-O-002444,2026-07-23,East,Electronics,171.74,3.71,1528484.32,106993.9,8900.0,0.3708,0.0,16813.33,93,2026-07-24T02:00:00+05:30
ERP-O-002445,2026-07-23,East,Home,162.07,4.67,421375.26,37923.77,2600.0,0.3405,0.0,4635.13,88,2026-07-24T02:00:00+05:30
ERP-O-002446,2026-07-23,West,Apparel,388.01,15.37,562610.22,61887.12,1450.0,0.3063,0.0,6188.71,210,2026-07-24T02:00:00+05:30
ERP-O-002447,2026-07-23,West,Electronics,245.4,5.3,2184101.04,152887.07,8900.0,0.3229,0.0,24025.11,133,2026-07-24T02:00:00+05:30
ERP-O-002448,2026-07-23,West,Home,211.87,6.1,550865.74,49577.92,2600.0,0.3218,0.0,6059.52,115,2026-07-24T02:00:00+05:30
ERP-O-002449,2026-07-24,North,Apparel,542.01,21.46,785920.46,86451.25,1450.0,0.3744,0.0,8645.13,293,2026-07-25T02:00:00+05:30
ERP-O-002450,2026-07-24,North,Electronics,321.37,6.94,2860230.06,200216.1,8900.0,0.32,0.0,31462.53,174,2026-07-25T02:00:00+05:30
ERP-O-002451,2026-07-24,North,Home,284.58,8.2,739902.15,66591.19,2600.0,0.3334,0.0,8138.92,154,2026-07-25T02:00:00+05:30
ERP-O-002452,2026-07-24,South,Apparel,436.99,17.3,633640.57,69700.46,1450.0,0.3368,0.0,6970.05,236,2026-07-25T02:00:00+05:30
ERP-O-002453,2026-07-24,South,Electronics,252.01,5.44,2242890.97,157002.37,8900.0,0.3864,0.0,24671.8,136,2026-07-25T02:00:00+05:30
ERP-O-002454,2026-07-24,South,Home,240.41,6.92,625062.97,56255.67,2600.0,0.3233,0.0,6875.69,130,2026-07-25T02:00:00+05:30
ERP-O-002455,2026-07-24,East,Apparel,284.86,11.28,413047.18,45435.19,1450.0,0.3647,0.0,4543.52,154,2026-07-25T02:00:00+05:30
ERP-O-002456,2026-07-24,East,Electronics,164.93,3.56,1467860.24,102750.22,8900.0,0.3414,0.0,16146.46,89,2026-07-25T02:00:00+05:30
ERP-O-002457,2026-07-24,East,Home,157.52,4.54,409555.71,36860.01,2600.0,0.3377,0.0,4505.11,85,2026-07-25T02:00:00+05:30
ERP-O-002458,2026-07-24,West,Apparel,427.83,16.94,620357.72,68239.35,1450.0,0.3241,0.0,6823.93,231,2026-07-25T02:00:00+05:30
ERP-O-002459,2026-07-24,West,Electronics,249.99,5.4,2224897.52,155742.83,8900.0,0.3272,0.0,24473.87,135,2026-07-25T02:00:00+05:30
ERP-O-002460,2026-07-24,West,Home,224.66,6.47,584122.7,52571.04,2600.0,0.3139,0.0,6425.35,121,2026-07-25T02:00:00+05:30
ERP-O-002461,2026-07-25,North,Apparel,619.44,24.53,898191.07,98801.02,1450.0,0.3263,0.0,9880.1,335,2026-07-26T02:00:00+05:30
ERP-O-002462,2026-07-25,North,Electronics,334.83,7.23,2980023.87,253302.03,8900.0,0.3422,0.0,32780.26,181,2026-07-26T02:00:00+05:30
ERP-O-002463,2026-07-25,North,Home,337.8,9.73,878279.28,79045.14,2600.0,0.3356,0.0,9661.07,183,2026-07-26T02:00:00+05:30
ERP-O-002464,2026-07-25,South,Apparel,523.31,20.72,758805.17,83468.57,1450.0,0.3484,0.0,8346.86,283,2026-07-26T02:00:00+05:30
ERP-O-002465,2026-07-25,South,Electronics,280.38,6.06,2495420.58,212110.75,8900.0,0.3762,0.0,27449.63,152,2026-07-26T02:00:00+05:30
ERP-O-002466,2026-07-25,South,Home,303.58,8.74,789320.27,,2600.0,0.3395,0.0,8682.52,164,2026-07-26T02:00:00+05:30
ERP-O-002467,2026-07-25,East,Apparel,368.39,14.59,534171.01,58758.81,1450.0,0.3403,0.0,5875.88,199,2026-07-26T02:00:00+05:30
ERP-O-002468,2026-07-25,East,Electronics,190.12,4.11,1692045.35,143823.85,8900.0,0.3246,0.0,18612.5,103,2026-07-26T02:00:00+05:30
ERP-O-002469,2026-07-25,East,Home,189.9,5.47,493747.47,44437.27,2600.0,0.3148,0.0,5431.22,103,2026-07-26T02:00:00+05:30
ERP-O-002470,2026-07-25,West,Apparel,464.33,18.39,673278.93,74060.68,1450.0,0.3248,0.0,7406.07,251,2026-07-26T02:00:00+05:30
ERP-O-002471,2026-07-25,West,Electronics,257.69,5.57,2293467.75,194944.76,8900.0,0.344,0.0,25228.15,139,2026-07-26T02:00:00+05:30
ERP-O-002472,2026-07-25,West,Home,245.61,7.07,638582.86,57472.46,2600.0,0.3544,0.0,7024.41,133,2026-07-26T02:00:00+05:30
ERP-O-002473,2026-07-26,North,Apparel,616.91,24.43,894520.64,98397.27,1450.0,0.3469,0.0,9839.73,333,2026-07-27T02:00:00+05:30
ERP-O-002474,2026-07-26,North,Electronics,347.01,7.5,3088354.84,262510.16,8900.0,0.3249,0.0,33971.9,188,2026-07-27T02:00:00+05:30
ERP-O-002475,2026-07-26,North,Home,316.1,9.1,821856.28,73967.07,2600.0,0.3197,0.0,9040.42,171,2026-07-27T02:00:00+05:30
ERP-O-002476,2026-07-26,South,Apparel,503.25,19.93,729709.84,80268.08,1450.0,0.3438,0.0,8026.81,272,2026-07-27T02:00:00+05:30
ERP-O-002477,2026-07-26,South,Electronics,259.53,5.61,2309841.8,196336.55,8900.0,0.3295,0.0,25408.26,140,2026-07-27T02:00:00+05:30
ERP-O-002478,2026-07-26,South,Home,266.69,7.68,693405.33,62406.48,2600.0,0.3426,0.0,7627.46,144,2026-07-27T02:00:00+05:30
ERP-O-002479,2026-07-26,East,Apparel,375.96,14.89,545142.54,59965.68,1450.0,0.3945,0.0,5996.57,203,2026-07-27T02:00:00+05:30
ERP-O-002480,2026-07-26,East,Electronics,187.97,4.06,1672892.2,142195.84,8900.0,0.3172,0.0,18401.81,102,2026-07-27T02:00:00+05:30
ERP-O-002481,2026-07-26,East,Home,193.52,5.57,503154.89,45283.94,2600.0,0.3302,0.0,5534.7,105,2026-07-27T02:00:00+05:30
ERP-O-002482,2026-07-26,West,Apparel,432.98,17.15,627825.32,69060.78,1450.0,0.2992,0.0,6906.08,234,2026-07-27T02:00:00+05:30
ERP-O-002483,2026-07-26,West,Electronics,259.27,5.6,2307484.72,196136.2,8900.0,0.3616,0.0,25382.33,140,2026-07-27T02:00:00+05:30
ERP-O-002484,2026-07-26,West,Home,245.02,7.06,637044.54,57334.01,2600.0,0.3434,0.0,7007.49,132,2026-07-27T02:00:00+05:30
ERP-O-002485,2026-07-27,North,Apparel,534.54,21.17,775078.36,85258.62,1450.0,0.3278,0.0,8525.86,289,2026-07-28T02:00:00+05:30
ERP-O-002486,2026-07-27,North,Electronics,276.38,5.97,2459788.85,209082.05,8900.0,0.3654,0.0,27057.68,149,2026-07-28T02:00:00+05:30
ERP-O-002487,2026-07-27,North,Home,282.6,8.14,734766.53,66128.99,2600.0,0.3434,0.0,8082.43,153,2026-07-28T02:00:00+05:30
ERP-O-002488,2026-07-27,South,Apparel,453.29,17.95,657263.47,72298.98,1450.0,0.3495,0.0,7229.9,245,2026-07-28T02:00:00+05:30
ERP-O-002489,2026-07-27,South,Electronics,232.02,5.01,2064981.36,175523.42,8900.0,0.2983,0.0,22714.79,125,2026-07-28T02:00:00+05:30
ERP-O-002490,2026-07-27,South,Home,237.84,6.85,618373.92,55653.65,2600.0,0.3665,0.0,6802.11,129,2026-07-28T02:00:00+05:30
ERP-O-002491,2026-07-27,East,Apparel,309.75,12.27,449132.61,49404.59,1450.0,0.3478,0.0,4940.46,167,2026-07-28T02:00:00+05:30
ERP-O-002492,2026-07-27,East,Electronics,149.69,3.23,1332225.05,113239.13,8900.0,0.3415,0.0,14654.48,81,2026-07-28T02:00:00+05:30
ERP-O-002493,2026-07-27,East,Home,167.62,4.83,435807.05,39222.63,2600.0,0.3232,0.0,4793.88,91,2026-07-28T02:00:00+05:30
ERP-O-002494,2026-07-27,West,Apparel,384.5,15.23,557531.72,61328.49,1450.0,0.3419,0.0,6132.85,208,2026-07-28T02:00:00+05:30
ERP-O-002495,2026-07-27,West,Electronics,206.01,4.45,1833452.69,155843.48,8900.0,0.3677,0.0,20167.98,111,2026-07-28T02:00:00+05:30
ERP-O-002496,2026-07-27,West,Home,204.29,5.88,531157.58,47804.18,2600.0,0.3235,0.0,5842.73,110,2026-07-28T02:00:00+05:30
ERP-O-002497,2026-07-28,North,Apparel,555.59,26.8,805609.99,88617.1,1450.0,0.34,0.0,8861.71,300,2026-07-29T02:00:00+05:30
ERP-O-002498,2026-07-28,North,Electronics,281.48,8.51,2505199.85,212941.99,8900.0,0.3291,0.0,27557.2,152,2026-07-29T02:00:00+05:30
ERP-O-002499,2026-07-28,North,Home,271.08,10.15,704810.52,63432.95,2600.0,0.3717,0.0,7752.92,147,2026-07-29T02:00:00+05:30
ERP-O-002500,2026-07-28,South,Apparel,437.85,17.34,634876.68,69836.44,1450.0,0.3506,0.0,6983.64,237,2026-07-29T02:00:00+05:30
ERP-O-002501,2026-07-28,South,Electronics,228.13,4.93,2030399.25,172583.94,8900.0,0.3075,0.0,22334.39,123,2026-07-29T02:00:00+05:30
ERP-O-002502,2026-07-28,South,Home,230.36,6.63,598927.48,53903.47,2600.0,0.2955,0.0,6588.2,125,2026-07-29T02:00:00+05:30
ERP-O-002503,2026-07-28,East,Apparel,302.54,11.98,438686.84,48255.55,1450.0,0.3476,0.0,4825.56,164,2026-07-29T02:00:00+05:30
ERP-O-002504,2026-07-28,East,Electronics,154.05,3.33,1371013.23,116536.12,8900.0,0.3634,0.0,15081.15,83,2026-07-29T02:00:00+05:30
ERP-O-002505,2026-07-28,East,Home,164.92,4.75,428790.41,38591.14,2600.0,0.3453,0.0,4716.69,89,2026-07-29T02:00:00+05:30
ERP-O-002506,2026-07-28,West,Apparel,403.01,15.96,584369.7,64280.67,1450.0,0.327,0.0,6428.07,218,2026-07-29T02:00:00+05:30
ERP-O-002507,2026-07-28,West,Electronics,221.1,4.78,1967757.81,167259.41,8900.0,0.3628,0.0,21645.34,120,2026-07-29T02:00:00+05:30
ERP-O-002508,2026-07-28,West,Home,215.03,6.19,559079.57,50317.16,2600.0,0.3067,0.0,6149.88,116,2026-07-29T02:00:00+05:30
ERP-O-002509,2026-07-29,North,Apparel,531.52,25.64,770708.35,84777.92,1450.0,0.3597,0.0,8477.79,287,2026-07-30T02:00:00+05:30
ERP-O-002510,2026-07-29,North,Electronics,281.65,8.52,2506647.35,213065.02,8900.0,0.3469,0.0,27573.12,152,2026-07-30T02:00:00+05:30
ERP-O-002511,2026-07-29,North,Home,261.23,9.78,679197.58,61127.78,2600.0,0.3618,0.0,7471.17,141,2026-07-30T02:00:00+05:30
ERP-O-002512,2026-07-29,South,Apparel,440.73,17.45,639058.71,70296.46,1450.0,0.3418,0.0,7029.65,238,2026-07-30T02:00:00+05:30
ERP-O-002513,2026-07-29,South,Electronics,232.23,5.02,2066880.76,175684.86,8900.0,0.3376,0.0,22735.69,126,2026-07-30T02:00:00+05:30
ERP-O-002514,2026-07-29,South,Home,224.59,6.47,583926.76,52553.41,2600.0,0.3634,0.0,6423.19,121,2026-07-30T02:00:00+05:30
ERP-O-002515,2026-07-29,East,Apparel,289.05,11.45,419115.38,46102.69,1450.0,0.3479,0.0,4610.27,156,2026-07-30T02:00:00+05:30
ERP-O-002516,2026-07-29,East,Electronics,153.13,3.31,1362867.3,115843.72,8900.0,0.3432,0.0,14991.54,83,2026-07-30T02:00:00+05:30
ERP-O-002517,2026-07-29,East,Home,166.78,4.8,433622.6,39026.03,2600.0,0.3023,0.0,4769.85,90,2026-07-30T02:00:00+05:30
ERP-O-002518,2026-07-29,West,Apparel,425.85,16.86,617481.61,67922.98,1450.0,0.3356,0.0,6792.3,230,2026-07-30T02:00:00+05:30
ERP-O-002519,2026-07-29,West,Electronics,224.92,4.86,2001756.85,170149.33,8900.0,0.3928,0.0,22019.33,122,2026-07-30T02:00:00+05:30
ERP-O-002520,2026-07-29,West,Home,213.59,6.15,555341.91,49980.77,2600.0,0.3199,0.0,6108.76,115,2026-07-30T02:00:00+05:30
ERP-O-002521,2026-07-30,North,Apparel,512.3,24.71,742841.68,81712.59,1450.0,0.3418,0.0,8171.26,277,2026-07-31T02:00:00+05:30
ERP-O-002522,2026-07-30,North,Electronics,281.41,8.51,2504564.53,212887.99,8900.0,0.37,0.0,27550.21,152,2026-07-31T02:00:00+05:30
ERP-O-002523,2026-07-30,North,Home,271.21,10.15,705151.33,63463.62,2600.0,0.2896,0.0,7756.66,147,2026-07-31T02:00:00+05:30
ERP-O-002524,2026-07-30,South,Apparel,427.08,16.91,619261.7,68118.79,1450.0,0.335,0.0,6811.88,231,2026-07-31T02:00:00+05:30
ERP-O-002525,2026-07-30,South,Electronics,225.0,4.86,2002489.56,170211.61,8900.0,0.3531,0.0,22027.39,122,2026-07-31T02:00:00+05:30
ERP-O-002526,2026-07-30,South,Home,243.52,7.01,633160.06,56984.41,2600.0,0.366,0.0,6964.76,132,2026-07-31T02:00:00+05:30
ERP-O-002527,2026-07-30,East,Apparel,313.06,12.4,453936.13,49932.97,1450.0,0.3327,0.0,4993.3,169,2026-07-31T02:00:00+05:30
ERP-O-002528,2026-07-30,East,Electronics,163.44,3.53,1454657.49,123645.89,8900.0,0.3353,0.0,16001.23,88,2026-07-31T02:00:00+05:30
ERP-O-002529,2026-07-30,East,Home,163.58,4.71,425300.5,38277.05,2600.0,0.3547,0.0,4678.31,88,2026-07-31T02:00:00+05:30
ERP-O-002530,2026-07-30,West,Apparel,368.77,14.6,534712.61,58818.39,1450.0,0.3644,0.0,5881.84,199,2026-07-31T02:00:00+05:30
ERP-O-002531,2026-07-30,West,Electronics,220.87,4.77,1965731.05,167087.14,8900.0,0.367,0.0,21623.04,119,2026-07-31T02:00:00+05:30
ERP-O-002532,2026-07-30,West,Home,195.12,5.62,507321.82,45658.96,2600.0,0.3394,0.0,5580.54,105,2026-07-31T02:00:00+05:30
ERP-O-002533,2026-07-31,North,Apparel,520.67,25.12,754975.93,83047.35,1450.0,0.3729,0.0,8304.74,281,2026-08-01T02:00:00+05:30
ERP-O-002534,2026-07-31,North,Electronics,264.94,8.01,2357959.3,200426.54,8900.0,0.3486,0.0,25937.55,143,2026-08-01T02:00:00+05:30
ERP-O-002535,2026-07-31,North,Home,241.18,9.03,627071.7,56436.45,2600.0,0.3294,0.0,6897.79,130,2026-08-01T02:00:00+05:30
ERP-O-002536,2026-07-31,South,Apparel,414.86,16.43,601551.71,66170.69,1450.0,0.3052,0.0,6617.07,224,2026-08-01T02:00:00+05:30
ERP-O-002537,2026-07-31,South,Electronics,220.74,4.77,1964627.1,166993.3,8900.0,0.3278,0.0,21610.9,119,2026-08-01T02:00:00+05:30
ERP-O-002538,2026-07-31,South,Home,242.09,6.97,629440.17,56649.62,2600.0,0.3711,0.0,6923.84,131,2026-08-01T02:00:00+05:30
ERP-O-002539,2026-07-31,East,Apparel,320.55,12.69,464803.06,51128.34,1450.0,0.3408,0.0,5112.83,173,2026-08-01T02:00:00+05:30
ERP-O-002540,2026-07-31,East,Electronics,158.12,3.42,1407305.16,119620.94,8900.0,0.3479,0.0,15480.36,85,2026-08-01T02:00:00+05:30
ERP-O-002541,2026-07-31,East,Home,165.32,4.76,429838.36,38685.45,2600.0,0.3651,0.0,4728.22,89,2026-08-01T02:00:00+05:30
ERP-O-002542,2026-07-31,West,Apparel,403.52,15.98,585097.69,64360.75,1450.0,0.3699,0.0,6436.07,218,2026-08-01T02:00:00+05:30
ERP-O-002543,2026-07-31,West,Electronics,220.94,4.77,1966336.18,167138.58,8900.0,0.3404,0.0,21629.7,119,2026-08-01T02:00:00+05:30
ERP-O-002544,2026-07-31,West,Home,215.57,6.21,560478.79,50443.09,2600.0,0.3302,0.0,6165.27,117,2026-08-01T02:00:00+05:30
ERP-O-002545,2026-08-01,North,Apparel,539.2,26.01,805289.37,88581.83,1493.5,0.3446,0.0,8858.18,291,2026-08-02T02:00:00+05:30
ERP-O-002546,2026-08-01,North,Electronics,270.09,8.17,2403787.22,204321.91,8900.0,0.3347,0.0,26441.66,146,2026-08-02T02:00:00+05:30
ERP-O-002547,2026-08-01,North,Home,288.28,10.79,749537.43,67458.37,2600.0,0.3608,0.0,8244.91,156,2026-08-02T02:00:00+05:30
ERP-O-002548,2026-08-01,South,Apparel,523.84,20.74,782356.05,86059.17,1493.5,0.3591,0.0,8605.92,283,2026-08-02T02:00:00+05:30
ERP-O-002549,2026-08-01,South,Electronics,251.78,5.44,2240884.82,190475.21,8900.0,0.3248,0.0,24649.73,136,2026-08-02T02:00:00+05:30
ERP-O-002550,2026-08-01,South,Home,289.95,8.35,753858.56,67847.27,2600.0,0.3492,0.0,8292.44,157,2026-08-02T02:00:00+05:30
ERP-O-002551,2026-08-01,East,Apparel,328.07,12.99,489971.2,53896.83,1493.5,0.3434,0.0,5389.68,177,2026-08-02T02:00:00+05:30
ERP-O-002552,2026-08-01,East,Electronics,179.36,3.87,1596338.92,135688.81,8900.0,0.3684,0.0,17559.73,97,2026-08-02T02:00:00+05:30
ERP-O-002553,2026-08-01,East,Home,195.18,5.62,507476.59,45672.89,2600.0,0.3873,0.0,5582.24,106,2026-08-02T02:00:00+05:30
ERP-O-002554,2026-08-01,West,Apparel,462.74,18.32,691099.8,76020.98,1493.5,0.3457,0.0,7602.1,250,2026-08-02T02:00:00+05:30
ERP-O-002555,2026-08-01,West,Electronics,249.47,5.39,2220260.38,188722.13,8900.0,0.3618,0.0,24422.86,135,2026-08-02T02:00:00+05:30
ERP-O-002556,2026-08-01,West,Home,242.24,6.98,629821.72,56683.95,2600.0,0.3471,0.0,6928.04,131,2026-08-02T02:00:00+05:30
ERP-O-002557,2026-08-02,North,Apparel,490.57,23.66,732661.21,80592.73,1493.5,0.2905,0.0,8059.27,265,2026-08-03T02:00:00+05:30
ERP-O-002558,2026-08-02,North,Electronics,258.49,7.82,2300575.36,195548.91,8900.0,0.3213,0.0,25306.33,140,2026-08-03T02:00:00+05:30
ERP-O-002559,2026-08-02,North,Home,264.03,9.89,686469.44,61782.25,2600.0,0.3143,0.0,7551.16,143,2026-08-03T02:00:00+05:30
ERP-O-002560,2026-08-02,South,Apparel,511.32,20.25,763659.68,84002.56,1493.5,0.3176,0.0,8400.26,276,2026-08-03T02:00:00+05:30
ERP-O-002561,2026-08-02,South,Electronics,248.64,5.37,2212919.97,188098.2,8900.0,0.3285,0.0,24342.12,134,2026-08-03T02:00:00+05:30
ERP-O-002562,2026-08-02,South,Home,306.09,8.82,795843.5,71625.92,2600.0,0.3336,0.0,8754.28,165,2026-08-03T02:00:00+05:30
ERP-O-002563,2026-08-02,East,Apparel,329.01,13.03,491376.66,54051.43,1493.5,0.3541,0.0,5405.14,178,2026-08-03T02:00:00+05:30
ERP-O-002564,2026-08-02,East,Electronics,185.35,4.0,1649646.8,140219.98,8900.0,0.3173,0.0,18146.11,100,2026-08-03T02:00:00+05:30
ERP-O-002565,2026-08-02,East,Home,189.9,5.47,493739.17,44436.53,2600.0,0.3287,0.0,5431.13,103,2026-08-03T02:00:00+05:30
ERP-O-002566,2026-08-02,West,Apparel,479.81,19.0,716594.63,,1493.5,0.3224,0.0,7882.54,259,2026-08-03T02:00:00+05:30
ERP-O-002567,2026-08-02,West,Electronics,227.4,4.91,2023828.54,172025.43,8900.0,0.3523,0.0,22262.11,123,2026-08-03T02:00:00+05:30
ERP-O-002568,2026-08-02,West,Home,250.61,7.22,651578.82,58642.09,2600.0,0.3756,0.0,7167.37,135,2026-08-03T02:00:00+05:30
ERP-O-002569,2026-08-03,North,Apparel,480.49,23.18,717606.31,78936.69,1493.5,0.314,0.0,7893.67,260,2026-08-04T02:00:00+05:30
ERP-O-002570,2026-08-03,North,Electronics,202.52,6.12,1802384.87,153202.71,8900.0,0.3341,0.0,19826.23,109,2026-08-04T02:00:00+05:30
ERP-O-002571,2026-08-03,North,Home,239.66,8.97,623107.52,56079.68,2600.0,0.376,0.0,6854.18,130,2026-08-04T02:00:00+05:30
ERP-O-002572,2026-08-03,South,Apparel,446.81,17.69,667307.53,,1493.5,0.2703,0.0,7340.38,242,2026-08-04T02:00:00+05:30
ERP-O-002573,2026-08-03,South,Electronics,208.79,4.51,1858206.54,157947.56,8900.0,0.3334,0.0,20440.27,113,2026-08-04T02:00:00+05:30
ERP-O-002574,2026-08-03,South,Home,252.22,7.26,655780.48,59020.24,2600.0,0.3489,0.0,7213.59,136,2026-08-04T02:00:00+05:30
ERP-O-002575,2026-08-03,East,Apparel,286.1,11.33,427287.89,47001.67,1493.5,0.331,0.0,4700.17,155,2026-08-04T02:00:00+05:30
ERP-O-002576,2026-08-03,East,Electronics,144.43,3.12,1285445.0,109262.82,8900.0,0.3327,0.0,14139.89,78,2026-08-04T02:00:00+05:30
ERP-O-002577,2026-08-03,East,Home,174.76,5.03,454367.34,40893.06,2600.0,0.3435,0.0,4998.04,94,2026-08-04T02:00:00+05:30
ERP-O-002578,2026-08-03,West,Apparel,365.84,14.49,546388.79,60102.77,1493.5,0.2992,0.0,6010.28,198,2026-08-04T02:00:00+05:30
ERP-O-002579,2026-08-03,West,Electronics,206.24,4.45,1835519.23,156019.13,8900.0,0.3156,0.0,20190.71,111,2026-08-04T02:00:00+05:30
ERP-O-002580,2026-08-03,West,Home,219.32,6.32,570239.41,51321.55,2600.0,0.3274,0.0,6272.63,119,2026-08-04T02:00:00+05:30
ERP-O-002581,2026-08-04,North,Apparel,435.13,20.99,649864.3,71485.07,1493.5,0.3413,0.0,7148.51,235,2026-08-05T02:00:00+05:30
ERP-O-002582,2026-08-04,North,Electronics,214.85,6.5,1912162.93,162533.85,8900.0,0.3471,0.0,21033.79,116,2026-08-05T02:00:00+05:30
ERP-O-002583,2026-08-04,North,Home,231.65,8.67,602277.45,54204.97,2600.0,0.3741,0.0,6625.05,125,2026-08-05T02:00:00+05:30
ERP-O-002584,2026-08-04,South,Apparel,424.48,16.81,633962.19,69735.84,1493.5,0.3343,0.0,6973.58,229,2026-08-05T02:00:00+05:30
ERP-O-002585,2026-08-04,South,Electronics,203.18,4.39,1808279.92,153703.79,8900.0,0.327,0.0,19891.08,110,2026-08-05T02:00:00+05:30
ERP-O-002586,2026-08-04,South,Home,247.67,7.13,643936.6,57954.29,2600.0,0.349,0.0,7083.3,134,2026-08-05T02:00:00+05:30
ERP-O-002587,2026-08-04,East,Apparel,286.67,11.35,428138.32,47095.22,1493.5,0.341,0.0,4709.52,155,2026-08-05T02:00:00+05:30
ERP-O-002588,2026-08-04,East,Electronics,139.28,3.01,1239552.04,105361.92,8900.0,0.3448,0.0,13635.07,75,2026-08-05T02:00:00+05:30
ERP-O-002589,2026-08-04,East,Home,167.33,4.82,435064.97,39155.85,2600.0,0.3388,0.0,4785.71,90,2026-08-05T02:00:00+05:30
ERP-O-002590,2026-08-04,West,Apparel,401.59,15.9,599780.94,65975.9,1493.5,0.3367,0.0,6597.59,217,2026-08-05T02:00:00+05:30
ERP-O-002591,2026-08-04,West,Electronics,197.49,4.27,1757683.08,149403.06,8900.0,0.3283,0.0,19334.51,107,2026-08-05T02:00:00+05:30
ERP-O-002592,2026-08-04,West,Home,220.85,6.36,574215.39,51679.38,2600.0,0.3629,0.0,6316.37,119,2026-08-05T02:00:00+05:30
ERP-O-002593,2026-08-05,North,Apparel,447.31,21.58,668059.97,73486.6,1493.5,0.3876,12943.11,7348.66,242,2026-08-06T02:00:00+05:30
ERP-O-002594,2026-08-05,North,Electronics,225.53,6.82,2007247.68,170616.05,8900.0,0.381,14395.14,22079.72,122,2026-08-06T02:00:00+05:30
ERP-O-002595,2026-08-05,North,Home,233.29,8.73,606561.8,54590.56,2600.0,0.3485,15019.2,6672.18,126,2026-08-06T02:00:00+05:30
ERP-O-002596,2026-08-05,South,Apparel,424.67,16.82,634247.83,69767.26,1493.5,0.3659,10152.45,6976.73,230,2026-08-06T02:00:00+05:30
ERP-O-002597,2026-08-05,South,Electronics,204.21,4.41,1817430.94,154481.63,8900.0,0.3011,10348.0,19991.74,110,2026-08-06T02:00:00+05:30
ERP-O-002598,2026-08-05,South,Home,259.4,7.47,674440.12,60699.61,2600.0,0.3108,9286.56,7418.84,140,2026-08-06T02:00:00+05:30
ERP-O-002599,2026-08-05,East,Apparel,283.5,11.23,423408.79,46574.97,1493.5,0.3499,6616.15,4657.5,153,2026-08-06T02:00:00+05:30
ERP-O-002600,2026-08-05,East,Electronics,140.72,3.04,1252442.83,106457.64,8900.0,0.3414,5847.6,13776.87,76,2026-08-06T02:00:00+05:30
ERP-O-002601,2026-08-05,East,Home,169.89,4.89,441703.83,39753.35,2600.0,0.3533,5849.2,4858.74,92,2026-08-06T02:00:00+05:30
ERP-O-002602,2026-08-05,West,Apparel,380.12,15.05,567711.03,62448.21,1493.5,0.3426,10321.44,6244.82,205,2026-08-06T02:00:00+05:30
ERP-O-002603,2026-08-05,West,Electronics,199.27,4.3,1773543.95,150751.24,8900.0,0.2894,9436.74,19508.98,108,2026-08-06T02:00:00+05:30
ERP-O-002604,2026-08-05,West,Home,218.35,6.29,567713.29,51094.2,2600.0,0.35,8074.75,6244.85,118,2026-08-06T02:00:00+05:30
ERP-O-002605,2026-08-06,North,Apparel,433.6,20.92,647586.36,71234.5,1493.5,0.3558,15260.91,7123.45,234,2026-08-07T02:00:00+05:30
ERP-O-002606,2026-08-06,North,Electronics,230.4,6.97,2050524.54,174294.59,8900.0,0.3477,13269.05,22555.77,125,2026-08-07T02:00:00+05:30
ERP-O-002607,2026-08-06,North,Home,242.87,9.09,631454.07,56830.87,2600.0,0.3661,13362.0,6945.99,131,2026-08-07T02:00:00+05:30
ERP-O-002608,2026-08-06,South,Apparel,406.7,16.11,607399.41,66813.93,1493.5,0.339,9898.46,6681.39,220,2026-08-07T02:00:00+05:30
ERP-O-002609,2026-08-06,South,Electronics,208.33,4.5,1854160.91,157603.68,8900.0,0.3666,11328.76,20395.77,113,2026-08-07T02:00:00+05:30
ERP-O-002610,2026-08-06,South,Home,246.37,7.1,640564.94,57650.84,2600.0,0.3462,10736.2,7046.21,133,2026-08-07T02:00:00+05:30
ERP-O-002611,2026-08-06,East,Apparel,272.39,10.79,406811.34,,1493.5,0.3091,6913.68,4474.92,147,2026-08-07T02:00:00+05:30
ERP-O-002612,2026-08-06,East,Electronics,144.49,3.12,1285949.58,109305.71,8900.0,0.3357,6383.58,14145.45,78,2026-08-07T02:00:00+05:30
ERP-O-002613,2026-08-06,East,Home,160.49,4.62,417282.59,37555.43,2600.0,0.3382,6726.98,4590.11,87,2026-08-07T02:00:00+05:30
ERP-O-002614,2026-08-06,West,Apparel,377.39,14.94,563627.08,61998.98,1493.5,0.3353,9568.38,6199.9,204,2026-08-07T02:00:00+05:30
ERP-O-002615,2026-08-06,West,Electronics,201.41,4.35,1792520.05,152364.2,8900.0,0.3384,7998.32,19717.72,109,2026-08-07T02:00:00+05:30
ERP-O-002616,2026-08-06,West,Home,217.33,6.26,565065.28,50855.88,2600.0,0.3406,10026.68,6215.72,117,2026-08-07T02:00:00+05:30
ERP-O-002617,2026-08-07,North,Apparel,439.27,21.19,656050.39,72165.54,1493.5,0.3452,15157.43,7216.55,237,2026-08-08T02:00:00+05:30
ERP-O-002618,2026-08-07,North,Electronics,233.83,7.07,2081067.48,176890.74,8900.0,0.3211,13173.36,22891.74,126,2026-08-08T02:00:00+05:30
ERP-O-002619,2026-08-07,North,Home,230.04,8.61,598091.66,53828.25,2600.0,0.3399,14563.47,6579.01,124,2026-08-08T02:00:00+05:30
ERP-O-002620,2026-08-07,South,Apparel,422.26,16.72,630642.28,69370.65,1493.5,0.3446,14337.42,6937.07,228,2026-08-08T02:00:00+05:30
ERP-O-002621,2026-08-07,South,Electronics,193.03,4.17,1717988.35,146029.01,8900.0,0.3277,13252.86,18897.87,104,2026-08-08T02:00:00+05:30
ERP-O-002622,2026-08-07,South,Home,233.54,6.73,607199.95,54648.0,2600.0,0.2975,11338.54,6679.2,126,2026-08-08T02:00:00+05:30
ERP-O-002623,2026-08-07,South,SmartHome,17.99,0.91,97161.25,14574.19,5400.0,0.3396,0.0,1068.77,10,2026-08-08T02:00:00+05:30
ERP-O-002624,2026-08-07,East,Apparel,286.32,11.34,427612.47,47037.37,1493.5,0.3554,7314.64,4703.74,155,2026-08-08T02:00:00+05:30
ERP-O-002625,2026-08-07,East,Electronics,137.51,2.97,1223810.94,104023.93,8900.0,0.3238,6183.17,13461.92,74,2026-08-08T02:00:00+05:30
ERP-O-002626,2026-08-07,East,Home,173.38,4.99,450800.28,40572.02,2600.0,0.3187,7464.53,4958.8,94,2026-08-08T02:00:00+05:30
ERP-O-002627,2026-08-07,West,Apparel,364.85,14.45,544905.81,59939.64,1493.5,0.3339,10801.28,5993.96,197,2026-08-08T02:00:00+05:30
ERP-O-002628,2026-08-07,West,Electronics,194.76,4.21,1733361.67,147335.74,8900.0,0.3386,11928.1,19066.98,105,2026-08-08T02:00:00+05:30
ERP-O-002629,2026-08-07,West,Home,205.52,5.92,534347.57,,2600.0,0.3436,9924.66,5877.82,111,2026-08-08T02:00:00+05:30
ERP-O-002630,2026-08-08,North,Apparel,520.74,25.12,777727.1,85549.98,1493.5,0.2788,16376.31,8555.0,281,2026-08-09T02:00:00+05:30
ERP-O-002631,2026-08-08,North,Electronics,244.38,7.39,2174993.81,184874.47,8900.0,0.3525,15637.82,23924.93,132,2026-08-09T02:00:00+05:30
ERP-O-002632,2026-08-08,North,Home,299.21,11.2,777933.18,70013.99,2600.0,0.3435,15731.35,8557.26,162,2026-08-09T02:00:00+05:30
ERP-O-002633,2026-08-08,South,Apparel,500.25,19.81,747126.97,82183.97,1493.5,0.3901,11501.55,8218.4,270,2026-08-09T02:00:00+05:30
ERP-O-002634,2026-08-08,South,Electronics,251.81,5.44,2241126.4,190495.74,8900.0,0.3291,13441.52,24652.39,136,2026-08-09T02:00:00+05:30
ERP-O-002635,2026-08-08,South,Home,307.19,8.85,798683.5,71881.51,2600.0,0.3211,11664.81,8785.52,166,2026-08-09T02:00:00+05:30
ERP-O-002636,2026-08-08,South,SmartHome,21.4,1.08,115576.5,17336.48,5400.0,0.3248,0.0,1271.34,12,2026-08-09T02:00:00+05:30
ERP-O-002637,2026-08-08,East,Apparel,350.27,13.87,523133.43,57544.68,1493.5,0.3126,9317.96,5754.47,189,2026-08-09T02:00:00+05:30
ERP-O-002638,2026-08-08,East,Electronics,170.71,3.69,1519280.75,129138.86,8900.0,0.3307,7693.33,16712.09,92,2026-08-09T02:00:00+05:30
ERP-O-002639,2026-08-08,East,Home,197.19,5.68,512700.67,46143.06,2600.0,0.3139,6927.33,5639.71,107,2026-08-09T02:00:00+05:30
ERP-O-002640,2026-08-08,West,Apparel,438.66,17.37,655136.55,72065.02,1493.5,0.3559,10221.31,7206.5,237,2026-08-09T02:00:00+05:30
ERP-O-002641,2026-08-08,West,Electronics,244.11,5.27,2172612.28,184672.04,8900.0,0.333,10390.88,23898.74,132,2026-08-09T02:00:00+05:30
ERP-O-002642,2026-08-08,West,Home,258.06,7.43,670950.13,60385.51,2600.0,0.3612,10284.26,7380.45,139,2026-08-09T02:00:00+05:30
ERP-O-002643,2026-08-09,North,Apparel,538.27,25.97,803905.32,88429.59,1493.5,0.317,14751.02,8842.96,291,2026-08-10T02:00:00+05:30
ERP-O-002644,2026-08-09,North,Electronics,262.03,7.92,2332108.81,198229.25,8900.0,0.3409,14312.23,25653.2,142,2026-08-10T02:00:00+05:30
ERP-O-002645,2026-08-09,North,Home,266.13,9.96,691933.0,62273.97,2600.0,0.3618,18914.53,7611.26,144,2026-08-10T02:00:00+05:30
ERP-O-002646,2026-08-09,South,Apparel,478.81,18.96,715107.87,78661.87,1493.5,0.3266,12812.83,7866.19,259,2026-08-10T02:00:00+05:30
ERP-O-002647,2026-08-09,South,Electronics,246.62,5.33,2194886.11,186565.32,8900.0,0.3191,12734.61,24143.75,133,2026-08-10T02:00:00+05:30
ERP-O-002648,2026-08-09,South,Home,300.61,8.66,781597.04,70343.73,2600.0,0.3377,13780.28,8597.57,162,2026-08-10T02:00:00+05:30
ERP-O-002649,2026-08-09,South,SmartHome,23.83,1.2,128655.56,19298.33,5400.0,0.3641,0.0,1415.21,13,2026-08-10T02:00:00+05:30
ERP-O-002650,2026-08-09,East,Apparel,329.71,13.06,492423.0,54166.53,1493.5,0.3134,6919.22,5416.65,178,2026-08-10T02:00:00+05:30
ERP-O-002651,2026-08-09,East,Electronics,172.61,3.73,1536272.11,130583.13,8900.0,0.334,6276.87,16898.99,93,2026-08-10T02:00:00+05:30
ERP-O-002652,2026-08-09,East,Home,197.84,5.7,514392.0,46295.28,2600.0,0.3174,7437.95,5658.31,107,2026-08-10T02:00:00+05:30
ERP-O-002653,2026-08-09,West,Apparel,429.88,17.02,642019.61,70622.16,1493.5,0.3384,10900.04,7062.22,232,2026-08-10T02:00:00+05:30
ERP-O-002654,2026-08-09,West,Electronics,236.66,5.11,2106294.5,179035.03,8900.0,0.361,11207.42,23169.24,128,2026-08-10T02:00:00+05:30
ERP-O-002655,2026-08-09,West,Home,265.84,7.66,691187.26,62206.85,2600.0,0.3441,10195.07,7603.06,144,2026-08-10T02:00:00+05:30
ERP-O-002656,2026-08-10,North,Apparel,465.79,22.47,695658.37,76522.42,1493.5,0.3274,13878.09,7652.24,252,2026-08-11T02:00:00+05:30
ERP-O-002657,2026-08-10,North,Electronics,223.41,6.76,1988359.27,169010.54,8900.0,0.3419,15816.83,21871.95,121,2026-08-11T02:00:00+05:30
ERP-O-002658,2026-08-10,North,Home,-228.7,8.56,594612.04,53515.08,2600.0,0.3481,14484.8,6540.73,124,2026-08-11T02:00:00+05:30
ERP-O-002659,2026-08-10,South,Apparel,400.77,15.87,598552.33,65840.76,1493.5,0.3362,11209.06,6584.08,217,2026-08-11T02:00:00+05:30
ERP-O-002660,2026-08-10,South,Electronics,212.15,4.58,1888096.38,160488.19,8900.0,0.3521,15149.59,20769.06,115,2026-08-11T02:00:00+05:30
ERP-O-002661,2026-08-10,South,Home,241.17,6.95,627042.11,56433.79,2600.0,0.3117,15585.57,6897.46,130,2026-08-11T02:00:00+05:30
ERP-O-002662,2026-08-10,South,SmartHome,23.33,1.18,125976.49,18896.47,5400.0,0.3155,0.0,1385.74,13,2026-08-11T02:00:00+05:30
ERP-O-002663,2026-08-10,East,Apparel,285.84,11.32,426896.12,46958.57,1493.5,0.3673,7101.08,4695.86,155,2026-08-11T02:00:00+05:30
ERP-O-002664,2026-08-10,East,Electronics,145.88,3.15,1298342.1,110359.08,8900.0,0.3425,6415.22,14281.76,79,2026-08-11T02:00:00+05:30
ERP-O-002665,2026-08-10,East,Home,160.34,4.62,416879.1,37519.12,2600.0,0.3703,8650.17,4585.67,87,2026-08-11T02:00:00+05:30
ERP-O-002666,2026-08-10,West,Apparel,402.71,15.95,601441.53,66158.57,1493.5,0.3148,12376.56,6615.86,218,2026-08-11T02:00:00+05:30
ERP-O-002667,2026-08-10,West,Electronics,212.18,4.58,1888361.02,160510.69,8900.0,0.3183,10984.06,20771.97,115,2026-08-11T02:00:00+05:30
ERP-O-002668,2026-08-10,West,Home,218.08,6.28,567006.08,51030.55,2600.0,0.2999,12102.0,6237.07,118,2026-08-11T02:00:00+05:30
ERP-O-002669,2026-08-11,North,Apparel,521.25,25.14,778480.94,124556.95,1493.5,0.3548,21811.51,8563.29,282,2026-08-12T02:00:00+05:30
ERP-O-002670,2026-08-11,North,Electronics,251.32,7.6,2236709.28,301955.75,8900.0,0.3384,19526.35,24603.8,136,2026-08-12T02:00:00+05:30
ERP-O-002671,2026-08-11,North,Home,266.83,9.99,693760.5,97126.47,2600.0,0.3452,17685.16,7631.37,144,2026-08-12T02:00:00+05:30
ERP-O-002672,2026-08-11,South,Apparel,508.43,20.13,759342.25,121494.76,1493.5,0.3561,14455.74,8352.76,275,2026-08-12T02:00:00+05:30
ERP-O-002673,2026-08-11,South,Electronics,254.05,5.49,2261004.09,305235.55,8900.0,0.3175,16401.83,24871.04,137,2026-08-12T02:00:00+05:30
ERP-O-002674,2026-08-11,South,Home,282.02,8.12,733260.54,102656.47,2600.0,0.3755,16757.74,8065.87,152,2026-08-12T02:00:00+05:30
ERP-O-002675,2026-08-11,South,SmartHome,29.0,1.46,156618.06,31323.61,5400.0,0.366,0.0,1722.8,16,2026-08-12T02:00:00+05:30
ERP-O-002676,2026-08-11,East,Apparel,361.15,14.3,539371.68,86299.47,1493.5,0.3716,9246.32,5933.09,195,2026-08-12T02:00:00+05:30
ERP-O-002677,2026-08-11,East,Electronics,159.83,3.45,1422446.41,192030.27,8900.0,0.3339,8318.87,15646.91,86,2026-08-12T02:00:00+05:30
ERP-O-002678,2026-08-11,East,Home,182.45,5.25,474381.33,66413.39,2600.0,0.3758,9162.96,5218.19,99,2026-08-12T02:00:00+05:30
ERP-O-002679,2026-08-11,West,Apparel,469.63,18.6,701386.84,112221.89,1493.5,0.3289,10228.1,7715.26,254,2026-08-12T02:00:00+05:30
ERP-O-002680,2026-08-11,West,Electronics,227.79,4.92,2027293.32,273684.6,8900.0,0.3646,14052.93,22300.23,123,2026-08-12T02:00:00+05:30
ERP-O-002681,2026-08-11,West,Home,268.87,7.74,699051.27,97867.18,2600.0,0.3145,11796.21,7689.56,145,2026-08-12T02:00:00+05:30
ERP-O-002682,2026-08-12,North,Apparel,492.7,23.77,735840.33,117734.45,1493.5,0.3114,15595.61,8094.24,266,2026-08-13T02:00:00+05:30
ERP-O-002683,2026-08-12,North,Electronics,267.64,8.09,2382018.6,321572.51,8900.0,0.3335,15542.93,26202.2,145,2026-08-13T02:00:00+05:30
ERP-O-002684,2026-08-12,North,Home,276.28,10.34,718317.84,100564.5,2600.0,0.3498,16420.51,7901.5,149,2026-08-13T02:00:00+05:30
ERP-O-002685,2026-08-12,South,Apparel,467.34,18.51,697977.18,111676.35,1493.5,0.3132,14035.2,7677.75,253,2026-08-13T02:00:00+05:30
ERP-O-002686,2026-08-12,South,Electronics,243.17,5.25,2164181.51,292164.5,8900.0,0.3744,16279.67,23806.0,131,2026-08-13T02:00:00+05:30
ERP-O-002687,2026-08-12,South,Home,314.6,9.06,817964.56,114515.04,2600.0,0.3029,13369.37,8997.61,170,2026-08-13T02:00:00+05:30
ERP-O-002688,2026-08-12,South,SmartHome,29.26,1.47,158024.67,31604.93,5400.0,0.375,0.0,1738.27,16,2026-08-13T02:00:00+05:30
ERP-O-002689,2026-08-12,East,Apparel,335.05,13.27,500393.63,80062.98,1493.5,0.3345,8118.39,5504.33,181,2026-08-13T02:00:00+05:30
ERP-O-002690,2026-08-12,East,Electronics,173.73,3.75,1546181.08,208734.45,8900.0,0.3334,9636.12,17007.99,94,2026-08-13T02:00:00+05:30
ERP-O-002691,2026-08-12,East,Home,189.14,5.45,491755.01,68845.7,2600.0,0.3437,7588.25,5409.31,102,2026-08-13T02:00:00+05:30
ERP-O-002692,2026-08-12,West,Apparel,414.61,16.42,619218.18,99074.91,1493.5,0.3394,13065.85,6811.4,224,2026-08-13T02:00:00+05:30
ERP-O-002693,2026-08-12,West,Electronics,231.31,5.0,2058697.39,277924.15,8900.0,0.3719,13438.01,22645.67,125,2026-08-13T02:00:00+05:30
ERP-O-002694,2026-08-12,West,Home,270.75,7.8,703941.84,98551.86,2600.0,0.3069,11922.95,7743.36,146,2026-08-13T02:00:00+05:30
ERP-O-002695,2026-08-13,North,Apparel,493.31,23.8,736751.24,,1493.5,0.3469,17189.71,8104.26,267,2026-08-14T02:00:00+05:30
ERP-O-002696,2026-08-13,North,Electronics,287.72,8.7,2560711.47,307285.38,8900.0,0.3419,16463.84,28167.83,156,2026-08-14T02:00:00+05:30
ERP-O-002697,2026-08-13,North,Home,276.11,10.34,717888.7,100504.42,2600.0,0.3105,19948.19,7896.78,149,2026-08-14T02:00:00+05:30
ERP-O-002698,2026-08-13,South,Apparel,494.58,19.59,738653.38,118184.54,1493.5,0.3849,13932.28,8125.19,267,2026-08-14T02:00:00+05:30
ERP-O-002699,2026-08-13,South,Electronics,266.59,5.76,2372652.87,284718.34,8900.0,0.3297,15883.58,26099.18,144,2026-08-14T02:00:00+05:30
ERP-O-002700,2026-08-13,South,Home,278.23,8.01,723387.31,101274.22,2600.0,0.3398,15144.15,7957.26,150,2026-08-14T02:00:00+05:30
ERP-O-002701,2026-08-13,South,SmartHome,33.46,1.69,180667.08,36133.42,5400.0,0.3325,0.0,1987.34,18,2026-08-14T02:00:00+05:30
ERP-O-002702,2026-08-13,East,Apparel,347.46,13.76,518929.46,83028.71,1493.5,0.3278,10752.55,5708.22,188,2026-08-14T02:00:00+05:30
ERP-O-002703,2026-08-13,East,Electronics,188.77,4.08,1680008.95,201601.07,8900.0,0.3408,9243.88,18480.1,102,2026-08-14T02:00:00+05:30
ERP-O-002704,2026-08-13,East,Home,205.04,5.91,533098.09,74633.73,2600.0,0.3137,9222.36,5864.08,111,2026-08-14T02:00:00+05:30
ERP-O-002705,2026-08-13,West,Apparel,436.0,17.27,651171.8,104187.49,1493.5,0.3525,13904.99,7162.89,236,2026-08-14T02:00:00+05:30
ERP-O-002706,2026-08-13,West,Electronics,265.89,5.74,2366406.11,283968.73,8900.0,0.3184,13570.8,26030.47,144,2026-08-14T02:00:00+05:30
ERP-O-002707,2026-08-13,West,Home,252.66,7.28,656919.74,91968.76,2600.0,0.3309,11120.89,7226.12,137,2026-08-14T02:00:00+05:30
ERP-O-002708,2026-08-14,North,Apparel,493.33,23.8,736789.47,117886.31,1493.5,0.3272,18071.67,8104.68,267,2026-08-15T02:00:00+05:30
ERP-O-002709,2026-08-14,North,Electronics,303.89,9.19,2704584.77,324550.17,8900.0,0.3294,23634.97,29750.43,164,2026-08-15T02:00:00+05:30
ERP-O-002710,2026-08-14,North,Home,270.8,10.14,704072.96,98570.21,2600.0,0.3151,20283.02,7744.8,146,2026-08-15T02:00:00+05:30
ERP-O-002711,2026-08-14,South,Apparel,489.71,19.39,731386.0,117021.76,1493.5,0.3283,17770.19,8045.25,265,2026-08-15T02:00:00+05:30
ERP-O-002712,2026-08-14,South,Electronics,278.63,6.02,2479800.24,297576.03,8900.0,0.3481,20755.89,27277.8,151,2026-08-15T02:00:00+05:30
ERP-O-002713,2026-08-14,South,Home,269.89,7.77,701714.7,98240.06,2600.0,0.3192,16344.84,7718.86,146,2026-08-15T02:00:00+05:30
ERP-O-002714,2026-08-14,South,SmartHome,35.35,1.78,190913.85,38182.77,5400.0,0.3582,0.0,2100.05,19,2026-08-15T02:00:00+05:30
ERP-O-002715,2026-08-14,East,Apparel,344.12,13.63,513942.49,82230.8,1493.5,0.3333,9465.07,5653.37,186,2026-08-15T02:00:00+05:30
ERP-O-002716,2026-08-14,East,Electronics,182.47,3.94,1623947.59,194873.71,8900.0,0.3547,10290.45,17863.42,99,2026-08-15T02:00:00+05:30
ERP-O-002717,2026-08-14,East,Home,195.13,5.62,507327.29,71025.82,2600.0,0.337,8733.47,5580.6,105,2026-08-15T02:00:00+05:30
ERP-O-002718,2026-08-14,West,Apparel,462.92,18.33,691372.06,110619.53,1493.5,0.3527,11721.24,7605.09,250,2026-08-15T02:00:00+05:30
ERP-O-002719,2026-08-14,West,Electronics,277.48,5.99,2469557.06,296346.85,8900.0,0.323,14418.38,27165.13,150,2026-08-15T02:00:00+05:30
ERP-O-002720,2026-08-14,West,Home,234.19,6.74,608887.78,85244.29,2600.0,0.3242,15011.15,6697.77,127,2026-08-15T02:00:00+05:30
ERP-O-002721,2026-08-15,North,Apparel,744.5,35.91,1111908.66,177905.39,1493.5,0.34,18262.83,12231.0,402,2026-08-16T02:00:00+05:30
ERP-O-002722,2026-08-15,North,Electronics,404.54,12.23,3600379.36,432045.52,8900.0,0.3418,20496.19,39604.17,219,2026-08-16T02:00:00+05:30
ERP-O-002723,2026-08-15,North,Home,393.95,14.75,1024275.72,143398.6,2600.0,0.327,18767.84,11267.03,213,2026-08-16T02:00:00+05:30
ERP-O-002724,2026-08-15,South,Apparel,747.56,29.6,1116477.93,178636.47,1493.5,0.3136,14490.13,12281.26,404,2026-08-16T02:00:00+05:30
ERP-O-002725,2026-08-15,South,Electronics,376.88,8.14,3354271.5,402512.58,8900.0,0.3653,16613.39,36896.99,204,2026-08-16T02:00:00+05:30
ERP-O-002726,2026-08-15,South,Home,436.57,12.57,1135081.7,158911.44,2600.0,0.3536,17411.59,12485.9,236,2026-08-16T02:00:00+05:30
ERP-O-002727,2026-08-15,South,SmartHome,52.68,2.65,284445.17,56889.03,5400.0,0.3439,0.0,3128.9,28,2026-08-16T02:00:00+05:30
ERP-O-002728,2026-08-15,East,Apparel,496.9,19.68,742126.39,118740.22,1493.5,0.3395,11692.51,8163.39,269,2026-08-16T02:00:00+05:30
ERP-O-002729,2026-08-15,East,Electronics,263.49,5.69,2345050.3,281406.04,8900.0,0.3356,9406.51,25795.55,142,2026-08-16T02:00:00+05:30
ERP-O-002730,2026-08-15,East,Home,288.77,8.32,750796.41,105111.5,2600.0,0.3476,8599.54,8258.76,156,2026-08-16T02:00:00+05:30
ERP-O-002731,2026-08-15,West,Apparel,611.73,24.22,913623.71,146179.79,1493.5,0.3321,11734.94,10049.86,331,2026-08-16T02:00:00+05:30
ERP-O-002732,2026-08-15,West,Electronics,362.79,7.84,3228851.77,387462.21,8900.0,0.3458,13974.19,35517.37,196,2026-08-16T02:00:00+05:30
ERP-O-002733,2026-08-15,West,Home,350.16,10.08,910414.49,127458.03,2600.0,0.3209,14442.91,10014.56,189,2026-08-16T02:00:00+05:30
ERP-O-002734,2026-08-16,North,Apparel,582.34,28.09,869727.98,139156.48,1493.5,0.3271,19511.04,9567.01,315,2026-08-17T02:00:00+05:30
ERP-O-002735,2026-08-16,North,Electronics,328.07,9.92,2919845.89,350381.51,8900.0,0.3183,21140.78,32118.3,177,2026-08-17T02:00:00+05:30
ERP-O-002736,2026-08-16,North,Home,310.78,11.64,808036.59,113125.12,2600.0,0.3704,19104.34,8888.4,168,2026-08-17T02:00:00+05:30
ERP-O-002737,2026-08-16,South,Apparel,569.99,22.57,851280.19,136204.83,1493.5,0.3226,15659.12,9364.08,308,2026-08-17T02:00:00+05:30
ERP-O-002738,2026-08-16,South,Electronics,339.2,7.33,3018861.08,362263.33,8900.0,0.3372,16520.93,33207.47,183,2026-08-17T02:00:00+05:30
ERP-O-002739,2026-08-16,South,Home,303.67,8.75,789554.59,110537.64,2600.0,0.3287,14848.1,8685.1,164,2026-08-17T02:00:00+05:30
ERP-O-002740,2026-08-16,South,SmartHome,46.48,2.34,250975.97,50195.19,5400.0,0.3803,0.0,2760.74,25,2026-08-17T02:00:00+05:30
ERP-O-002741,2026-08-16,East,Apparel,392.89,15.56,586785.69,93885.71,1493.5,0.34,10000.43,6454.64,212,2026-08-17T02:00:00+05:30
ERP-O-002742,2026-08-16,East,Electronics,240.01,5.18,2136055.78,256326.69,8900.0,0.3319,10854.97,23496.61,130,2026-08-17T02:00:00+05:30
ERP-O-002743,2026-08-16,East,Home,236.47,6.81,614828.23,86075.95,2600.0,0.3168,9764.31,6763.11,128,2026-08-17T02:00:00+05:30
ERP-O-002744,2026-08-16,West,Apparel,533.43,21.12,796685.03,127469.61,1493.5,0.3567,11596.62,8763.54,288,2026-08-17T02:00:00+05:30
ERP-O-002745,2026-08-16,West,Electronics,306.1,6.61,2724327.65,326919.32,8900.0,0.3338,12472.51,29967.6,165,2026-08-17T02:00:00+05:30
ERP-O-002746,2026-08-16,West,Home,300.64,8.66,781659.93,109432.39,2600.0,0.352,19001.13,8598.26,163,2026-08-17T02:00:00+05:30
ERP-O-002747,2026-08-17,North,Apparel,509.44,24.58,760848.33,121735.73,1493.5,0.336,18769.89,8369.33,275,2026-08-18T02:00:00+05:30
ERP-O-002748,2026-08-17,North,Electronics,293.31,8.87,2610463.59,313255.63,8900.0,0.3178,22932.3,28715.1,159,2026-08-18T02:00:00+05:30
ERP-O-002749,2026-08-17,North,Home,258.12,9.66,671107.31,93955.02,2600.0,0.3574,26129.01,7382.18,140,2026-08-18T02:00:00+05:30
ERP-O-002750,2026-08-17,South,Apparel,512.42,20.29,765302.13,122448.34,1493.5,0.3133,16555.21,8418.32,277,2026-08-18T02:00:00+05:30
ERP-O-002751,2026-08-17,South,Electronics,272.03,5.88,2421085.59,290530.27,8900.0,0.3567,15643.06,26631.94,147,2026-08-18T02:00:00+05:30
ERP-O-002752,2026-08-17,South,Home,285.8,8.23,743079.71,104031.16,2600.0,0.3539,18211.38,8173.88,154,2026-08-18T02:00:00+05:30
ERP-O-002753,2026-08-17,South,SmartHome,38.8,1.96,209521.9,41904.38,5400.0,0.3374,0.0,2304.74,21,2026-08-18T02:00:00+05:30
ERP-O-002754,2026-08-17,East,Apparel,334.46,13.24,499521.47,,1493.5,0.3161,10433.85,5494.74,181,2026-08-18T02:00:00+05:30
ERP-O-002755,2026-08-17,East,Electronics,186.51,4.03,1659928.67,199191.44,8900.0,0.3262,9602.1,18259.22,101,2026-08-18T02:00:00+05:30
ERP-O-002756,2026-08-17,East,Home,194.85,5.61,506606.71,70924.94,2600.0,0.3289,10881.31,5572.67,105,2026-08-18T02:00:00+05:30
ERP-O-002757,2026-08-17,West,Apparel,437.99,17.34,654140.51,104662.48,1493.5,0.3807,16990.0,7195.55,237,2026-08-18T02:00:00+05:30
ERP-O-002758,2026-08-17,West,Electronics,248.56,5.37,2212222.8,265466.74,8900.0,0.3246,15668.55,24334.45,134,2026-08-18T02:00:00+05:30
ERP-O-002759,2026-08-17,West,Home,251.3,7.24,653373.65,91472.31,2600.0,0.3353,14171.82,7187.11,136,2026-08-18T02:00:00+05:30
ERP-O-002760,2026-08-18,North,Apparel,428.67,20.68,640224.27,70424.67,1493.5,0.3574,22041.71,7042.47,232,2026-08-19T02:00:00+05:30
ERP-O-002761,2026-08-18,North,Electronics,253.24,7.66,2253852.32,157769.66,8900.0,0.3142,22369.31,24792.38,137,2026-08-19T02:00:00+05:30
ERP-O-002762,2026-08-18,North,Home,237.87,8.91,618453.55,55660.82,2600.0,0.359,21643.43,6802.99,129,2026-08-19T02:00:00+05:30
ERP-O-002763,2026-08-18,South,Apparel,405.15,16.04,605096.05,66560.57,1493.5,0.3751,18811.93,6656.06,219,2026-08-19T02:00:00+05:30
ERP-O-002764,2026-08-18,South,Electronics,234.78,5.07,2089573.59,146270.15,8900.0,0.3403,14996.26,22985.31,127,2026-08-19T02:00:00+05:30
ERP-O-002765,2026-08-18,South,Home,233.67,6.73,607554.23,54679.88,2600.0,0.3803,17256.83,6683.1,126,2026-08-19T02:00:00+05:30
ERP-O-002766,2026-08-18,South,SmartHome,33.47,1.69,180750.45,27112.57,5400.0,0.3461,0.0,1988.25,18,2026-08-19T02:00:00+05:30
ERP-O-002767,2026-08-18,East,Apparel,290.91,11.52,434474.47,47792.19,1493.5,0.3585,8994.11,4779.22,157,2026-08-19T02:00:00+05:30
ERP-O-002768,2026-08-18,East,Electronics,164.32,3.55,1462404.52,102368.32,8900.0,0.3525,11776.89,16086.45,89,2026-08-19T02:00:00+05:30
ERP-O-002769,2026-08-18,East,Home,168.34,4.85,437685.24,39391.67,2600.0,0.3113,9712.12,4814.54,91,2026-08-19T02:00:00+05:30
ERP-O-002770,2026-08-18,West,Apparel,378.43,14.99,565182.88,62170.12,1493.5,0.3615,15690.16,6217.01,205,2026-08-19T02:00:00+05:30
ERP-O-002771,2026-08-18,West,Electronics,217.34,4.69,1934329.98,135403.1,8900.0,0.3363,13513.14,21277.63,117,2026-08-19T02:00:00+05:30
ERP-O-002772,2026-08-18,West,Home,208.72,6.01,542677.04,48840.93,2600.0,0.3447,15503.39,5969.45,113,2026-08-19T02:00:00+05:30
ERP-O-002773,2026-08-19,North,Apparel,433.35,20.9,647210.9,71193.2,1493.5,0.3456,24144.27,7119.32,234,2026-08-20T02:00:00+05:30
ERP-O-002774,2026-08-19,North,Electronics,228.54,6.91,2034030.9,142382.16,8900.0,0.3593,25714.56,22374.34,124,2026-08-20T02:00:00+05:30
ERP-O-002775,2026-08-19,North,Home,231.95,8.68,603064.47,54275.8,2600.0,0.3649,25523.69,6633.71,125,2026-08-20T02:00:00+05:30
ERP-O-002776,2026-08-19,South,Apparel,416.64,16.5,622250.32,68447.54,1493.5,0.3448,17877.35,6844.75,225,2026-08-20T02:00:00+05:30
ERP-O-002777,2026-08-19,South,Electronics,236.41,5.11,2104037.75,147282.64,8900.0,0.365,17528.33,23144.42,128,2026-08-20T02:00:00+05:30
ERP-O-002778,2026-08-19,South,Home,238.18,6.86,619269.18,55734.23,2600.0,0.3341,21080.91,6811.96,129,2026-08-20T02:00:00+05:30
ERP-O-002779,2026-08-19,South,SmartHome,35.63,1.8,192421.56,28863.23,5400.0,0.2882,0.0,2116.64,19,2026-08-20T02:00:00+05:30
ERP-O-002780,2026-08-19,East,Apparel,283.5,11.23,423411.76,46575.29,1493.5,0.3619,10918.85,4657.53,153,2026-08-20T02:00:00+05:30
ERP-O-002781,2026-08-19,East,Electronics,153.26,3.31,1364015.02,95481.05,8900.0,0.3721,10959.41,15004.17,83,2026-08-20T02:00:00+05:30
ERP-O-002782,2026-08-19,East,Home,166.89,4.81,433923.99,39053.16,2600.0,0.3464,11973.21,4773.16,90,2026-08-20T02:00:00+05:30
ERP-O-002783,2026-08-19,West,Apparel,390.7,15.47,583513.58,64186.49,1493.5,0.3427,14234.65,6418.65,211,2026-08-20T02:00:00+05:30
ERP-O-002784,2026-08-19,West,Electronics,229.26,4.95,2040407.65,142828.54,8900.0,0.3679,15388.85,22444.48,124,2026-08-20T02:00:00+05:30
ERP-O-002785,2026-08-19,West,Home,215.23,6.2,559607.92,50364.71,2600.0,0.3219,16274.61,6155.69,116,2026-08-20T02:00:00+05:30
ERP-O-002786,2026-08-20,North,Apparel,436.9,21.08,652510.19,71776.12,1493.5,0.3517,25403.21,7177.61,236,2026-08-21T02:00:00+05:30
ERP-O-002787,2026-08-20,North,Electronics,241.18,7.29,2146473.73,150253.16,8900.0,0.3271,26189.97,23611.21,130,2026-08-21T02:00:00+05:30
ERP-O-002788,2026-08-20,North,Home,235.19,8.81,611496.28,55034.66,2600.0,0.3477,24473.21,6726.46,127,2026-08-21T02:00:00+05:30
ERP-O-002789,2026-08-20,South,Apparel,429.88,17.02,642025.15,70622.77,1493.5,0.2972,21956.34,7062.28,232,2026-08-21T02:00:00+05:30
ERP-O-002790,2026-08-20,South,Electronics,236.72,5.11,2106763.78,147473.46,8900.0,0.3177,24355.36,23174.4,128,2026-08-21T02:00:00+05:30
ERP-O-002791,2026-08-20,South,Home,252.74,7.28,657121.47,59140.93,2600.0,0.3253,20322.37,7228.34,137,2026-08-21T02:00:00+05:30
ERP-O-002792,2026-08-20,South,SmartHome,39.1,1.97,211155.91,31673.39,5400.0,0.3392,0.0,2322.71,21,2026-08-21T02:00:00+05:30
ERP-O-002793,2026-08-20,East,Apparel,276.79,10.96,413387.21,45472.59,1493.5,0.2949,10698.36,4547.26,150,2026-08-21T02:00:00+05:30
ERP-O-002794,2026-08-20,East,Electronics,145.95,3.15,1298939.17,90925.74,8900.0,0.3143,10528.76,14288.33,79,2026-08-21T02:00:00+05:30
ERP-O-002795,2026-08-20,East,Home,164.96,4.75,428887.75,38599.9,2600.0,0.3414,11590.1,4717.77,89,2026-08-21T02:00:00+05:30
ERP-O-002796,2026-08-20,West,Apparel,370.27,14.66,552995.92,60829.55,1493.5,0.3444,15472.87,6082.96,200,2026-08-21T02:00:00+05:30
ERP-O-002797,2026-08-20,West,Electronics,214.82,4.64,1911920.14,133834.41,8900.0,0.3492,17277.47,21031.12,116,2026-08-21T02:00:00+05:30
ERP-O-002798,2026-08-20,West,Home,217.01,6.25,564217.99,50779.62,2600.0,0.3564,14959.38,6206.4,117,2026-08-21T02:00:00+05:30
ERP-O-002799,2026-08-21,North,Apparel,451.11,17.86,673737.22,74111.09,1493.5,0.3634,27006.0,7411.11,244,2026-08-22T02:00:00+05:30
ERP-O-002800,2026-08-21,North,Electronics,243.41,5.26,2166352.75,151644.69,8900.0,0.3756,24174.34,23829.88,132,2026-08-22T02:00:00+05:30
ERP-O-002801,2026-08-21,North,Home,233.16,6.71,606208.54,54558.77,2600.0,0.3394,23744.47,6668.29,126,2026-08-22T02:00:00+05:30
ERP-O-002802,2026-08-21,South,Apparel,424.96,16.83,634675.35,69814.29,1493.5,0.3179,18758.76,6981.43,230,2026-08-22T02:00:00+05:30
ERP-O-002803,2026-08-21,South,Electronics,240.87,5.2,2143734.61,150061.42,8900.0,0.3255,21385.5,23581.08,130,2026-08-22T02:00:00+05:30
ERP-O-002804,2026-08-21,South,Home,251.29,7.24,653354.87,58801.94,2600.0,0.312,18565.46,7186.9,136,2026-08-22T02:00:00+05:30
ERP-O-002805,2026-08-21,South,SmartHome,40.05,2.02,216262.99,32439.45,5400.0,0.3156,0.0,2378.89,22,2026-08-22T02:00:00+05:30
ERP-O-002806,2026-08-21,East,Apparel,301.75,11.95,450667.19,49573.39,1493.5,0.3243,11947.13,4957.34,163,2026-08-22T02:00:00+05:30
ERP-O-002807,2026-08-21,East,Electronics,146.29,3.16,1301985.15,91138.96,8900.0,0.3539,13466.55,14321.84,79,2026-08-22T02:00:00+05:30
ERP-O-002808,2026-08-21,East,Home,167.36,4.82,435124.36,39161.19,2600.0,0.3051,10810.36,4786.37,90,2026-08-22T02:00:00+05:30
ERP-O-002809,2026-08-21,West,Apparel,370.98,14.69,554052.82,60945.81,1493.5,0.376,15887.89,6094.58,201,2026-08-22T02:00:00+05:30
ERP-O-002810,2026-08-21,West,Electronics,232.9,5.03,2072791.57,145095.41,8900.0,0.3603,16992.94,22800.71,126,2026-08-22T02:00:00+05:30
ERP-O-002811,2026-08-21,West,Home,205.44,5.92,534136.47,48072.28,2600.0,0.3727,15358.17,5875.5,111,2026-08-22T02:00:00+05:30
ERP-O-002812,2026-08-22,North,Apparel,524.64,20.78,783554.05,86190.95,1493.5,0.3444,27338.49,8619.09,284,2026-08-23T02:00:00+05:30
ERP-O-002813,2026-08-22,North,Electronics,297.36,6.42,2646512.36,185255.87,8900.0,0.347,23176.81,29111.64,161,2026-08-23T02:00:00+05:30
ERP-O-002814,2026-08-22,North,Home,293.08,8.44,762001.19,68580.11,2600.0,0.3511,31814.85,8382.01,158,2026-08-23T02:00:00+05:30
ERP-O-002815,2026-08-22,South,Apparel,508.17,20.12,758956.11,83485.17,1493.5,0.3234,19885.42,8348.52,275,2026-08-23T02:00:00+05:30
ERP-O-002816,2026-08-22,South,Electronics,282.3,6.1,2512505.94,175875.42,8900.0,0.3229,18975.45,27637.57,153,2026-08-23T02:00:00+05:30
ERP-O-002817,2026-08-22,South,Home,300.26,8.65,780670.22,70260.32,2600.0,0.3371,22371.95,8587.37,162,2026-08-23T02:00:00+05:30
ERP-O-002818,2026-08-22,South,SmartHome,48.14,2.43,259966.26,38994.94,5400.0,0.3018,0.0,2859.63,26,2026-08-23T02:00:00+05:30
ERP-O-002819,2026-08-22,East,Apparel,329.04,13.03,491419.92,54056.19,1493.5,0.363,11585.9,5405.62,178,2026-08-23T02:00:00+05:30
ERP-O-002820,2026-08-22,East,Electronics,185.1,4.0,1647346.87,115314.28,8900.0,0.3595,13298.02,18120.82,100,2026-08-23T02:00:00+05:30
ERP-O-002821,2026-08-22,East,Home,192.28,5.54,499922.01,44992.98,2600.0,0.3581,12454.0,5499.14,104,2026-08-23T02:00:00+05:30
ERP-O-002822,2026-08-22,West,Apparel,471.77,18.68,704583.05,77504.14,1493.5,0.339,15273.6,7750.41,255,2026-08-23T02:00:00+05:30
ERP-O-002823,2026-08-22,West,Electronics,239.77,5.18,2133995.31,149379.67,8900.0,0.3402,18220.33,23473.95,130,2026-08-23T02:00:00+05:30
ERP-O-002824,2026-08-22,West,Home,244.83,7.05,636565.46,57290.89,2600.0,0.3455,17405.09,7002.22,132,2026-08-23T02:00:00+05:30
ERP-O-002825,2026-08-23,North,Apparel,545.87,21.62,815256.2,89678.18,1493.5,0.3187,25964.58,8967.82,295,2026-08-24T02:00:00+05:30
ERP-O-002826,2026-08-23,North,Electronics,320.43,6.92,2851871.17,199630.98,8900.0,0.3274,23303.55,31370.58,173,2026-08-24T02:00:00+05:30
ERP-O-002827,2026-08-23,North,Home,322.3,9.28,837974.4,75417.7,2600.0,0.3528,24925.9,9217.72,174,2026-08-24T02:00:00+05:30
ERP-O-002828,2026-08-23,South,Apparel,474.52,18.79,708702.41,77957.26,1493.5,0.3726,20526.51,7795.73,256,2026-08-24T02:00:00+05:30
ERP-O-002829,2026-08-23,South,Electronics,263.38,5.69,2344080.77,164085.65,8900.0,0.3462,19919.68,25784.89,142,2026-08-24T02:00:00+05:30
ERP-O-002830,2026-08-23,South,Home,315.51,9.09,820331.68,73829.85,2600.0,0.3459,21001.82,9023.65,171,2026-08-24T02:00:00+05:30
ERP-O-002831,2026-08-23,South,SmartHome,53.67,2.71,289837.83,43475.68,5400.0,0.3454,0.0,3188.22,29,2026-08-24T02:00:00+05:30
ERP-O-002832,2026-08-23,East,Apparel,352.86,13.97,526994.05,57969.35,1493.5,0.3337,10281.89,5796.93,191,2026-08-27T02:00:00+05:30
ERP-O-002833,2026-08-23,East,Electronics,188.2,4.07,1675024.02,117251.68,8900.0,0.326,14152.25,18425.26,102,2026-08-27T02:00:00+05:30
ERP-O-002834,2026-08-23,East,Home,209.17,6.02,543832.1,48944.89,2600.0,0.3156,12776.19,5982.15,113,2026-08-27T02:00:00+05:30
ERP-O-002835,2026-08-23,West,Apparel,430.28,17.04,642617.1,70687.88,1493.5,0.3452,17327.92,7068.79,233,2026-08-24T02:00:00+05:30
ERP-O-002836,2026-08-23,West,Electronics,253.62,5.48,2257200.34,158004.02,8900.0,0.3151,16113.5,24829.2,137,2026-08-24T02:00:00+05:30
ERP-O-002837,2026-08-23,West,Home,254.98,7.34,662953.14,59665.78,2600.0,0.3287,18092.81,7292.48,138,2026-08-24T02:00:00+05:30
ERP-O-002838,2026-08-24,North,Apparel,513.39,20.33,766751.54,84342.67,1493.5,0.3148,24109.05,8434.27,278,2026-08-25T02:00:00+05:30
ERP-O-002839,2026-08-24,North,Electronics,285.61,6.17,2541954.24,177936.8,8900.0,0.3686,30007.28,27961.5,154,2026-08-25T02:00:00+05:30
ERP-O-002840,2026-08-24,North,Home,272.38,7.84,708192.21,63737.3,2600.0,0.311,28452.06,7790.11,147,2026-08-25T02:00:00+05:30
ERP-O-002841,2026-08-24,South,Apparel,419.6,16.62,626678.47,68934.63,1493.5,0.3096,21528.13,6893.46,227,2026-08-25T02:00:00+05:30
ERP-O-002842,2026-08-24,South,Electronics,239.73,5.18,2133604.4,149352.31,8900.0,0.3297,17687.99,23469.65,130,2026-08-25T02:00:00+05:30
ERP-O-002843,2026-08-24,South,Home,253.98,7.31,660339.16,59430.52,2600.0,0.3584,22825.84,7263.73,137,2026-08-25T02:00:00+05:30
ERP-O-002844,2026-08-24,South,SmartHome,46.88,2.36,253140.51,37971.08,5400.0,0.3361,0.0,2784.55,25,2026-08-25T02:00:00+05:30
ERP-O-002845,2026-08-24,East,Apparel,265.9,10.53,397123.53,43683.59,1493.5,0.3442,11297.23,4368.36,144,2026-08-28T02:00:00+05:30
ERP-O-002846,2026-08-24,East,Electronics,159.43,3.44,1418936.43,99325.55,8900.0,0.3241,12083.26,15608.3,86,2026-08-28T02:00:00+05:30
ERP-O-002847,2026-08-24,East,Home,168.67,4.86,438534.39,39468.1,2600.0,0.3261,13597.97,4823.88,91,2026-08-28T02:00:00+05:30
ERP-O-002848,2026-08-24,West,Apparel,374.24,14.82,558933.41,61482.68,1493.5,0.3248,16111.29,6148.27,202,2026-08-25T02:00:00+05:30
ERP-O-002849,2026-08-24,West,Electronics,215.58,4.66,1918629.9,134304.09,8900.0,0.3177,18991.62,21104.93,117,2026-08-25T02:00:00+05:30
ERP-O-002850,2026-08-24,West,Home,209.12,6.02,543721.87,48934.97,2600.0,0.342,15426.35,5980.94,113,2026-08-25T02:00:00+05:30
ERP-O-002851,2026-08-25,North,Apparel,527.98,20.91,788544.34,86739.88,1493.5,0.3934,28107.7,8673.99,285,2026-08-26T02:00:00+05:30
ERP-O-002852,2026-08-25,North,Electronics,297.07,6.42,2643905.29,185073.37,8900.0,0.3685,23110.56,29082.96,161,2026-08-26T02:00:00+05:30
ERP-O-002853,2026-08-25,North,Home,276.37,7.96,718572.39,64671.52,2600.0,0.376,28098.22,7904.3,149,2026-08-26T02:00:00+05:30
ERP-O-002854,2026-08-25,South,Apparel,428.82,16.98,640446.88,70449.16,1493.5,0.3635,22114.82,7044.92,232,2026-08-26T02:00:00+05:30
ERP-O-002855,2026-08-25,South,Electronics,244.82,5.29,2178886.44,152522.05,8900.0,0.354,20758.21,23967.75,132,2026-08-26T02:00:00+05:30
ERP-O-002856,2026-08-25,South,Home,238.46,6.87,620000.43,55800.04,2600.0,0.3267,20377.68,6820.0,129,2026-08-26T02:00:00+05:30
ERP-O-002857,2026-08-25,South,SmartHome,47.55,2.4,256748.64,38512.3,5400.0,0.3665,0.0,2824.23,26,2026-08-26T02:00:00+05:30
ERP-O-002858,2026-08-25,East,Apparel,280.58,11.11,419053.21,46095.85,1493.5,0.3281,13328.86,4609.59,152,2026-08-29T02:00:00+05:30
ERP-O-002859,2026-08-25,East,Electronics,171.58,3.71,1527022.32,106891.56,8900.0,0.3466,11267.35,16797.25,93,2026-08-29T02:00:00+05:30
ERP-O-002860,2026-08-25,East,Home,173.61,5.0,451387.71,40624.89,2600.0,0.3618,12427.81,4965.26,94,2026-08-29T02:00:00+05:30
ERP-O-002861,2026-08-25,West,Apparel,367.01,14.53,548126.55,60293.92,1493.5,0.358,18955.43,6029.39,198,2026-08-26T02:00:00+05:30
ERP-O-002862,2026-08-25,West,Electronics,219.1,4.73,1949971.8,136498.03,8900.0,0.3677,18397.88,21449.69,118,2026-08-26T02:00:00+05:30
ERP-O-002863,2026-08-25,West,Home,209.3,6.03,544188.48,48976.96,2600.0,0.3223,15851.67,5986.07,113,2026-08-26T02:00:00+05:30
ERP-O-000701-DUP,2026-02-28,South,Electronics,304.69,6.58,2955833.41,189824.16,8900.0,0.3598,0.0,29829.51,165,2026-03-01T08:00:00+05:30
ERP-O-000203-DUP,2026-01-17,West,Electronics,277.92,6.0,2696090.98,173143.46,8900.0,0.331,0.0,27208.26,150,2026-01-18T08:00:00+05:30
ERP-O-001527-DUP,2026-05-08,North,Home,327.34,9.43,927669.88,119150.26,2600.0,0.3631,0.0,9361.81,177,2026-05-09T08:00:00+05:30
ERP-O-002079-DUP,2026-06-23,North,Home,270.16,7.78,765630.68,63217.21,2600.0,0.3336,0.0,7726.55,146,2026-06-24T08:00:00+05:30
ERP-O-000705-DUP,2026-02-28,East,Home,190.54,5.49,540003.23,44587.42,2600.0,0.3444,0.0,5449.57,103,2026-03-01T08:00:00+05:30
ERP-O-001953-DUP,2026-06-12,East,Home,165.56,4.77,469196.21,38740.97,2600.0,0.3282,0.0,4735.01,89,2026-06-13T08:00:00+05:30
ERP-O-002777-DUP,2026-08-19,South,Electronics,236.41,5.11,2293401.15,147282.64,8900.0,0.365,17528.33,23144.42,128,2026-08-20T08:00:00+05:30
ERP-O-001473-DUP,2026-05-03,East,Home,206.07,5.93,583999.79,48220.17,2600.0,0.3347,0.0,5893.58,111,2026-05-04T08:00:00+05:30
ERP-O-001111-DUP,2026-04-03,East,Apparel,302.5,11.98,478101.61,48248.79,1450.0,0.3447,0.0,4824.88,164,2026-04-04T08:00:00+05:30
ERP-O-002676-DUP,2026-08-11,East,Apparel,361.15,14.3,587915.13,86299.47,1493.5,0.3716,9246.32,5933.09,195,2026-08-12T08:00:00+05:30
ERP-O-001711-DUP,2026-05-23,East,Apparel,381.02,15.09,602195.76,60772.05,1450.0,0.3448,0.0,6077.2,206,2026-05-24T08:00:00+05:30
ERP-O-001431-DUP,2026-04-30,North,Home,279.65,8.05,792540.9,65439.16,2600.0,0.3649,0.0,7998.12,151,2026-05-01T08:00:00+05:30
