date,region,ticket_category,complaint_tickets,total_tickets,shipped_orders_hint,customer_email,ticket_body,ingested_at
2026-01-01,North,late_delivery,4,4,678,cust337@example.com,Order dispatched late from the North hub; no update for three days.,2026-01-01T23:45:00+05:30
2026-01-01,North,damaged_item,2,2,678,cust990@example.com,damaged item issue reported,2026-01-01T23:45:00+05:30
2026-01-01,North,billing,0,0,678,cust623@example.com,billing issue reported,2026-01-01T23:45:00+05:30
2026-01-01,North,product_query,0,6,678,cust6985@example.com,product query issue reported,2026-01-01T23:45:00+05:30
2026-01-01,South,late_delivery,0,0,574,cust7907@example.com,Order dispatched late from the North hub; no update for three days.,2026-01-01T23:45:00+05:30
2026-01-01,South,damaged_item,1,1,574,cust6842@example.com,damaged item issue reported,2026-01-01T23:45:00+05:30
2026-01-01,South,billing,0,0,574,cust326@example.com,billing issue reported,2026-01-01T23:45:00+05:30
2026-01-01,South,product_query,0,1,574,cust801@example.com,product query issue reported,2026-01-01T23:45:00+05:30
2026-01-01,East,late_delivery,4,4,395,cust555@example.com,Order dispatched late from the North hub; no update for three days.,2026-01-01T23:45:00+05:30
2026-01-01,East,damaged_item,1,1,395,cust2736@example.com,damaged item issue reported,2026-01-01T23:45:00+05:30
2026-01-01,East,billing,1,1,395,cust6072@example.com,billing issue reported,2026-01-01T23:45:00+05:30
2026-01-01,East,product_query,0,2,395,cust7192@example.com,product query issue reported,2026-01-01T23:45:00+05:30
2026-01-01,West,late_delivery,1,1,521,cust9276@example.com,Order dispatched late from the North hub; no update for three days.,2026-01-01T23:45:00+05:30
2026-01-01,West,damaged_item,0,0,521,cust6390@example.com,damaged item issue reported,2026-01-01T23:45:00+05:30
2026-01-01,West,billing,1,1,521,cust9249@example.com,billing issue reported,2026-01-01T23:45:00+05:30
2026-01-01,West,product_query,0,1,521,cust6500@example.com,product query issue reported,2026-01-01T23:45:00+05:30
2026-01-02,North,late_delivery,5,5,556,cust3973@example.com,Order dispatched late from the North hub; no update for three days.,2026-01-02T23:45:00+05:30
2026-01-02,North,damaged_item,0,0,556,cust7410@example.com,damaged item issue reported,2026-01-02T23:45:00+05:30
2026-01-02,North,billing,0,0,556,cust299@example.com,billing issue reported,2026-01-02T23:45:00+05:30
2026-01-02,North,product_query,0,2,556,cust6755@example.com,product query issue reported,2026-01-02T23:45:00+05:30
2026-01-02,South,late_delivery,3,3,471,cust4416@example.com,Order dispatched late from the North hub; no update for three days.,2026-01-02T23:45:00+05:30
2026-01-02,South,damaged_item,2,2,471,cust1656@example.com,damaged item issue reported,2026-01-02T23:45:00+05:30
2026-01-02,South,billing,0,0,471,cust5413@example.com,billing issue reported,2026-01-02T23:45:00+05:30
2026-01-02,South,product_query,0,5,471,cust9504@example.com,product query issue reported,2026-01-02T23:45:00+05:30
2026-01-02,East,late_delivery,2,2,324,cust7696@example.com,Order dispatched late from the North hub; no update for three days.,2026-01-02T23:45:00+05:30
2026-01-02,East,damaged_item,0,0,324,cust6198@example.com,damaged item issue reported,2026-01-02T23:45:00+05:30
2026-01-02,East,billing,1,1,324,cust2760@example.com,billing issue reported,2026-01-02T23:45:00+05:30
2026-01-02,East,product_query,0,1,324,cust2386@example.com,product query issue reported,2026-01-02T23:45:00+05:30
2026-01-02,West,late_delivery,0,0,427,cust7970@example.com,Order dispatched late from the North hub; no update for three days.,2026-01-02T23:45:00+05:30
2026-01-02,West,damaged_item,0,0,427,cust1506@example.com,damaged item issue reported,2026-01-02T23:45:00+05:30
2026-01-02,West,billing,1,1,427,cust216@example.com,billing issue reported,2026-01-02T23:45:00+05:30
2026-01-02,West,product_query,0,3,427,cust1013@example.com,product query issue reported,2026-01-02T23:45:00+05:30
2026-01-03,North,late_delivery,4,4,659,cust5463@example.com,Order dispatched late from the North hub; no update for three days.,2026-01-03T23:45:00+05:30
2026-01-03,North,damaged_item,2,2,659,cust8795@example.com,damaged item issue reported,2026-01-03T23:45:00+05:30
2026-01-03,North,billing,3,3,659,cust5924@example.com,billing issue reported,2026-01-03T23:45:00+05:30
2026-01-03,North,product_query,0,4,659,cust9090@example.com,product query issue reported,2026-01-03T23:45:00+05:30
2026-01-03,South,late_delivery,6,6,558,cust929@example.com,Order dispatched late from the North hub; no update for three days.,2026-01-03T23:45:00+05:30
2026-01-03,South,damaged_item,2,2,558,cust5411@example.com,damaged item issue reported,2026-01-03T23:45:00+05:30
2026-01-03,South,billing,0,0,558,cust1654@example.com,billing issue reported,2026-01-03T23:45:00+05:30
2026-01-03,South,product_query,0,3,558,cust8160@example.com,product query issue reported,2026-01-03T23:45:00+05:30
2026-01-03,East,late_delivery,1,1,384,cust2658@example.com,Order dispatched late from the North hub; no update for three days.,2026-01-03T23:45:00+05:30
2026-01-03,East,damaged_item,1,1,384,cust2562@example.com,damaged item issue reported,2026-01-03T23:45:00+05:30
2026-01-03,East,billing,1,1,384,cust9176@example.com,billing issue reported,2026-01-03T23:45:00+05:30
2026-01-03,East,product_query,0,5,384,cust2469@example.com,product query issue reported,2026-01-03T23:45:00+05:30
2026-01-03,West,late_delivery,3,3,506,cust9129@example.com,Order dispatched late from the North hub; no update for three days.,2026-01-03T23:45:00+05:30
2026-01-03,West,damaged_item,1,1,506,cust7343@example.com,damaged item issue reported,2026-01-03T23:45:00+05:30
2026-01-03,West,billing,1,1,506,cust2829@example.com,billing issue reported,2026-01-03T23:45:00+05:30
2026-01-03,West,product_query,0,1,506,cust6398@example.com,product query issue reported,2026-01-03T23:45:00+05:30
2026-01-04,North,late_delivery,4,4,659,cust6585@example.com,Order dispatched late from the North hub; no update for three days.,2026-01-04T23:45:00+05:30
2026-01-04,North,damaged_item,4,4,659,cust7840@example.com,damaged item issue reported,2026-01-04T23:45:00+05:30
2026-01-04,North,billing,0,0,659,cust5611@example.com,billing issue reported,2026-01-04T23:45:00+05:30
2026-01-04,North,product_query,0,0,659,cust8037@example.com,product query issue reported,2026-01-04T23:45:00+05:30
2026-01-04,South,late_delivery,7,7,558,cust1917@example.com,Order dispatched late from the North hub; no update for three days.,2026-01-04T23:45:00+05:30
2026-01-04,South,damaged_item,2,2,558,cust8240@example.com,damaged item issue reported,2026-01-04T23:45:00+05:30
2026-01-04,South,billing,0,0,558,cust7294@example.com,billing issue reported,2026-01-04T23:45:00+05:30
2026-01-04,South,product_query,0,2,558,cust9397@example.com,product query issue reported,2026-01-04T23:45:00+05:30
2026-01-04,East,late_delivery,2,2,384,cust6464@example.com,Order dispatched late from the North hub; no update for three days.,2026-01-04T23:45:00+05:30
2026-01-04,East,damaged_item,1,1,384,cust9664@example.com,damaged item issue reported,2026-01-04T23:45:00+05:30
2026-01-04,East,billing,2,2,384,cust3113@example.com,billing issue reported,2026-01-04T23:45:00+05:30
2026-01-04,East,product_query,0,1,384,cust8191@example.com,product query issue reported,2026-01-04T23:45:00+05:30
2026-01-04,West,late_delivery,4,4,506,cust2186@example.com,Order dispatched late from the North hub; no update for three days.,2026-01-04T23:45:00+05:30
2026-01-04,West,damaged_item,2,2,506,cust3426@example.com,damaged item issue reported,2026-01-04T23:45:00+05:30
2026-01-04,West,billing,0,0,506,cust6629@example.com,billing issue reported,2026-01-04T23:45:00+05:30
2026-01-04,West,product_query,0,3,506,cust6078@example.com,product query issue reported,2026-01-04T23:45:00+05:30
2026-01-05,North,late_delivery,5,5,557,cust6102@example.com,Order dispatched late from the North hub; no update for three days.,2026-01-05T23:45:00+05:30
2026-01-05,North,damaged_item,1,1,557,cust4395@example.com,damaged item issue reported,2026-01-05T23:45:00+05:30
2026-01-05,North,billing,4,4,557,cust5050@example.com,billing issue reported,2026-01-05T23:45:00+05:30
2026-01-05,North,product_query,0,8,557,cust1497@example.com,product query issue reported,2026-01-05T23:45:00+05:30
2026-01-05,South,late_delivery,0,0,472,cust4478@example.com,Order dispatched late from the North hub; no update for three days.,2026-01-05T23:45:00+05:30
2026-01-05,South,damaged_item,1,1,472,cust2682@example.com,damaged item issue reported,2026-01-05T23:45:00+05:30
2026-01-05,South,billing,2,2,472,cust8785@example.com,billing issue reported,2026-01-05T23:45:00+05:30
2026-01-05,South,product_query,0,0,472,cust5057@example.com,product query issue reported,2026-01-05T23:45:00+05:30
2026-01-06,East,late_delivery,2,2,325,cust2300@example.com,Order dispatched late from the North hub; no update for three days.,2026-01-05T23:45:00+05:30
2026-01-05,East,damaged_item,2,2,325,cust7648@example.com,damaged item issue reported,2026-01-05T23:45:00+05:30
2026-01-05,East,billing,0,0,325,cust57@example.com,billing issue reported,2026-01-05T23:45:00+05:30
2026-01-05,East,product_query,0,1,325,cust8650@example.com,product query issue reported,2026-01-05T23:45:00+05:30
2026-01-05,West,late_delivery,3,3,428,cust9311@example.com,Order dispatched late from the North hub; no update for three days.,2026-01-05T23:45:00+05:30
2026-01-05,West,damaged_item,1,1,428,cust8942@example.com,damaged item issue reported,2026-01-05T23:45:00+05:30
2026-01-05,West,billing,1,1,428,cust6368@example.com,billing issue reported,2026-01-05T23:45:00+05:30
2026-01-05,West,product_query,0,3,428,cust6751@example.com,product query issue reported,2026-01-05T23:45:00+05:30
2026-01-06,North,late_delivery,0,0,557,cust4494@example.com,Order dispatched late from the North hub; no update for three days.,2026-01-06T23:45:00+05:30
2026-01-06,North,damaged_item,1,1,557,cust5414@example.com,damaged item issue reported,2026-01-06T23:45:00+05:30
2026-01-06,North,billing,1,1,557,cust5965@example.com,billing issue reported,2026-01-06T23:45:00+05:30
2026-01-06,North,product_query,0,4,557,cust1180@example.com,product query issue reported,2026-01-06T23:45:00+05:30
2026-01-06,South,late_delivery,2,2,472,cust1562@example.com,Order dispatched late from the North hub; no update for three days.,2026-01-06T23:45:00+05:30
2026-01-06,South,damaged_item,2,2,472,cust3480@example.com,damaged item issue reported,2026-01-06T23:45:00+05:30
2026-01-06,South,billing,0,0,472,cust3680@example.com,billing issue reported,2026-01-06T23:45:00+05:30
2026-01-06,South,product_query,0,2,472,cust982@example.com,product query issue reported,2026-01-06T23:45:00+05:30
2026-01-06,East,late_delivery,1,1,325,cust5730@example.com,Order dispatched late from the North hub; no update for three days.,2026-01-06T23:45:00+05:30
2026-01-06,East,damaged_item,1,1,325,cust4849@example.com,damaged item issue reported,2026-01-06T23:45:00+05:30
2026-01-06,East,billing,1,1,325,cust3941@example.com,billing issue reported,2026-01-06T23:45:00+05:30
2026-01-06,East,product_query,0,5,325,cust8222@example.com,product query issue reported,2026-01-06T23:45:00+05:30
2026-01-06,West,late_delivery,3,3,428,cust4591@example.com,Order dispatched late from the North hub; no update for three days.,2026-01-06T23:45:00+05:30
2026-01-06,West,damaged_item,3,3,428,cust7980@example.com,damaged item issue reported,2026-01-06T23:45:00+05:30
2026-01-06,West,billing,3,3,428,cust8615@example.com,billing issue reported,2026-01-06T23:45:00+05:30
2026-01-06,West,product_query,0,3,428,cust4018@example.com,product query issue reported,2026-01-06T23:45:00+05:30
2026-01-07,North,late_delivery,2,2,558,cust5722@example.com,Order dispatched late from the North hub; no update for three days.,2026-01-07T23:45:00+05:30
2026-01-07,North,damaged_item,3,3,558,cust2582@example.com,damaged item issue reported,2026-01-07T23:45:00+05:30
2026-01-07,North,billing,4,4,558,cust7950@example.com,billing issue reported,2026-01-07T23:45:00+05:30
2026-01-07,North,product_query,0,4,558,cust2768@example.com,product query issue reported,2026-01-07T23:45:00+05:30
2026-01-07,South,late_delivery,6,6,472,cust9303@example.com,Order dispatched late from the North hub; no update for three days.,2026-01-07T23:45:00+05:30
2026-01-07,South,damaged_item,2,2,472,cust1570@example.com,damaged item issue reported,2026-01-07T23:45:00+05:30
2026-01-07,South,billing,3,3,472,cust168@example.com,billing issue reported,2026-01-07T23:45:00+05:30
2026-01-07,South,product_query,0,2,472,cust1254@example.com,product query issue reported,2026-01-07T23:45:00+05:30
2026-01-07,East,late_delivery,2,2,325,cust4896@example.com,Order dispatched late from the North hub; no update for three days.,2026-01-07T23:45:00+05:30
2026-01-07,East,damaged_item,4,4,325,cust8585@example.com,damaged item issue reported,2026-01-07T23:45:00+05:30
2026-01-07,East,billing,2,2,325,cust607@example.com,billing issue reported,2026-01-07T23:45:00+05:30
2026-01-07,East,product_query,0,1,325,cust6755@example.com,product query issue reported,2026-01-07T23:45:00+05:30
2026-01-07,West,late_delivery,2,2,429,cust2605@example.com,Order dispatched late from the North hub; no update for three days.,2026-01-07T23:45:00+05:30
2026-01-07,West,damaged_item,4,4,429,cust951@example.com,damaged item issue reported,2026-01-07T23:45:00+05:30
2026-01-07,West,billing,2,2,429,cust2604@example.com,billing issue reported,2026-01-07T23:45:00+05:30
2026-01-07,West,product_query,0,1,429,cust5162@example.com,product query issue reported,2026-01-07T23:45:00+05:30
2026-01-08,North,late_delivery,7,7,558,cust7595@example.com,Order dispatched late from the North hub; no update for three days.,2026-01-08T23:45:00+05:30
2026-01-08,North,damaged_item,1,1,558,cust475@example.com,damaged item issue reported,2026-01-08T23:45:00+05:30
2026-01-08,North,billing,1,1,558,cust78@example.com,billing issue reported,2026-01-08T23:45:00+05:30
2026-01-08,North,product_query,0,2,558,cust592@example.com,product query issue reported,2026-01-08T23:45:00+05:30
2026-01-08,South,late_delivery,3,3,473,cust6362@example.com,Order dispatched late from the North hub; no update for three days.,2026-01-08T23:45:00+05:30
2026-01-08,South,damaged_item,2,2,473,cust1804@example.com,damaged item issue reported,2026-01-08T23:45:00+05:30
2026-01-08,South,billing,2,2,473,cust4273@example.com,billing issue reported,2026-01-08T23:45:00+05:30
2026-01-08,South,product_query,0,5,473,cust4093@example.com,product query issue reported,2026-01-08T23:45:00+05:30
2026-01-08,East,late_delivery,1,1,325,cust4781@example.com,Order dispatched late from the North hub; no update for three days.,2026-01-08T23:45:00+05:30
2026-01-08,East,damaged_item,3,3,325,cust8588@example.com,damaged item issue reported,2026-01-08T23:45:00+05:30
2026-01-08,East,billing,1,1,325,cust265@example.com,billing issue reported,2026-01-08T23:45:00+05:30
2026-01-08,East,product_query,0,4,325,cust8834@example.com,product query issue reported,2026-01-08T23:45:00+05:30
2026-01-08,West,late_delivery,1,1,429,cust7602@example.com,Order dispatched late from the North hub; no update for three days.,2026-01-08T23:45:00+05:30
2026-01-08,West,damaged_item,2,2,429,cust5804@example.com,damaged item issue reported,2026-01-08T23:45:00+05:30
2026-01-08,West,billing,1,1,429,cust2248@example.com,billing issue reported,2026-01-08T23:45:00+05:30
2026-01-08,West,product_query,0,4,429,cust7198@example.com,product query issue reported,2026-01-08T23:45:00+05:30
2026-01-09,North,late_delivery,1,1,559,cust5002@example.com,Order dispatched late from the North hub; no update for three days.,2026-01-09T23:45:00+05:30
2026-01-09,North,damaged_item,3,3,559,cust726@example.com,damaged item issue reported,2026-01-09T23:45:00+05:30
2026-01-09,North,billing,2,2,559,cust2167@example.com,billing issue reported,2026-01-09T23:45:00+05:30
2026-01-09,North,product_query,0,4,559,cust977@example.com,product query issue reported,2026-01-09T23:45:00+05:30
2026-01-09,South,late_delivery,5,5,473,cust7343@example.com,Order dispatched late from the North hub; no update for three days.,2026-01-09T23:45:00+05:30
2026-01-09,South,damaged_item,0,0,473,cust6631@example.com,damaged item issue reported,2026-01-09T23:45:00+05:30
2026-01-09,South,billing,0,0,473,cust5178@example.com,billing issue reported,2026-01-09T23:45:00+05:30
2026-01-09,South,product_query,0,7,473,cust3723@example.com,product query issue reported,2026-01-09T23:45:00+05:30
2026-01-09,East,late_delivery,3,3,326,cust8111@example.com,Order dispatched late from the North hub; no update for three days.,2026-01-09T23:45:00+05:30
2026-01-09,East,damaged_item,3,3,326,cust2116@example.com,damaged item issue reported,2026-01-09T23:45:00+05:30
2026-01-09,East,billing,0,0,326,cust5250@example.com,billing issue reported,2026-01-09T23:45:00+05:30
2026-01-09,East,product_query,0,1,326,cust4465@example.com,product query issue reported,2026-01-09T23:45:00+05:30
2026-01-09,West,late_delivery,0,0,429,cust7180@example.com,Order dispatched late from the North hub; no update for three days.,2026-01-09T23:45:00+05:30
2026-01-09,West,damaged_item,0,0,429,cust7037@example.com,damaged item issue reported,2026-01-09T23:45:00+05:30
2026-01-09,West,billing,0,0,429,cust8701@example.com,billing issue reported,2026-01-09T23:45:00+05:30
2026-01-09,West,product_query,0,4,429,cust2761@example.com,product query issue reported,2026-01-09T23:45:00+05:30
2026-01-10,North,late_delivery,0,0,662,cust346@example.com,Order dispatched late from the North hub; no update for three days.,2026-01-10T23:45:00+05:30
2026-01-10,North,damaged_item,4,4,662,cust8647@example.com,damaged item issue reported,2026-01-10T23:45:00+05:30
2026-01-10,North,billing,1,1,662,cust549@example.com,billing issue reported,2026-01-10T23:45:00+05:30
2026-01-10,North,product_query,0,1,662,cust5802@example.com,product query issue reported,2026-01-10T23:45:00+05:30
2026-01-10,South,late_delivery,4,4,560,cust8057@example.com,Order dispatched late from the North hub; no update for three days.,2026-01-10T23:45:00+05:30
2026-01-10,South,damaged_item,4,4,560,cust1008@example.com,damaged item issue reported,2026-01-10T23:45:00+05:30
2026-01-10,South,billing,2,2,560,cust9260@example.com,billing issue reported,2026-01-10T23:45:00+05:30
2026-01-10,South,product_query,0,2,560,cust2467@example.com,product query issue reported,2026-01-10T23:45:00+05:30
2026-01-10,East,late_delivery,3,3,386,cust186@example.com,Order dispatched late from the North hub; no update for three days.,2026-01-10T23:45:00+05:30
2026-01-10,East,damaged_item,0,0,386,cust1789@example.com,damaged item issue reported,2026-01-10T23:45:00+05:30
2026-01-10,East,billing,1,1,386,cust4037@example.com,billing issue reported,2026-01-10T23:45:00+05:30
2026-01-10,East,product_query,0,4,386,cust8744@example.com,product query issue reported,2026-01-10T23:45:00+05:30
2026-01-10,West,late_delivery,4,4,508,cust9943@example.com,Order dispatched late from the North hub; no update for three days.,2026-01-10T23:45:00+05:30
2026-01-10,West,damaged_item,3,3,508,cust5204@example.com,damaged item issue reported,2026-01-10T23:45:00+05:30
2026-01-10,West,billing,0,0,508,cust2578@example.com,billing issue reported,2026-01-10T23:45:00+05:30
2026-01-10,West,product_query,0,3,508,cust4101@example.com,product query issue reported,2026-01-10T23:45:00+05:30
2026-01-11,North,late_delivery,7,7,662,cust6303@example.com,Order dispatched late from the North hub; no update for three days.,2026-01-11T23:45:00+05:30
2026-01-11,North,damaged_item,2,2,662,cust4934@example.com,damaged item issue reported,2026-01-11T23:45:00+05:30
2026-01-11,North,billing,4,4,662,cust9353@example.com,billing issue reported,2026-01-11T23:45:00+05:30
2026-01-11,North,product_query,0,4,662,cust5006@example.com,product query issue reported,2026-01-11T23:45:00+05:30
2026-01-11,South,late_delivery,1,1,561,cust5852@example.com,Order dispatched late from the North hub; no update for three days.,2026-01-11T23:45:00+05:30
2026-01-11,South,damaged_item,4,4,561,cust3602@example.com,damaged item issue reported,2026-01-11T23:45:00+05:30
2026-01-11,South,billing,0,0,561,cust1619@example.com,billing issue reported,2026-01-11T23:45:00+05:30
2026-01-11,South,product_query,0,5,561,cust7380@example.com,product query issue reported,2026-01-11T23:45:00+05:30
2026-01-11,East,late_delivery,2,2,386,cust1351@example.com,Order dispatched late from the North hub; no update for three days.,2026-01-11T23:45:00+05:30
2026-01-11,East,damaged_item,0,0,386,cust8410@example.com,damaged item issue reported,2026-01-11T23:45:00+05:30
2026-01-11,East,billing,1,1,386,cust369@example.com,billing issue reported,2026-01-11T23:45:00+05:30
2026-01-11,East,product_query,0,1,386,cust9070@example.com,product query issue reported,2026-01-11T23:45:00+05:30
2026-01-11,West,late_delivery,1,1,509,cust1430@example.com,Order dispatched late from the North hub; no update for three days.,2026-01-11T23:45:00+05:30
2026-01-11,West,damaged_item,0,0,509,cust6226@example.com,damaged item issue reported,2026-01-11T23:45:00+05:30
2026-01-11,West,billing,1,1,509,cust7551@example.com,billing issue reported,2026-01-11T23:45:00+05:30
2026-01-11,West,product_query,0,1,509,cust4092@example.com,product query issue reported,2026-01-11T23:45:00+05:30
2026-01-12,North,late_delivery,2,2,560,cust2516@example.com,Order dispatched late from the North hub; no update for three days.,2026-01-12T23:45:00+05:30
2026-01-12,North,damaged_item,3,3,560,cust2925@example.com,damaged item issue reported,2026-01-12T23:45:00+05:30
2026-01-12,North,billing,4,4,560,cust5279@example.com,billing issue reported,2026-01-12T23:45:00+05:30
2026-01-12,North,product_query,0,2,560,cust3609@example.com,product query issue reported,2026-01-12T23:45:00+05:30
2026-01-12,South,late_delivery,1,1,474,cust7103@example.com,Order dispatched late from the North hub; no update for three days.,2026-01-12T23:45:00+05:30
2026-01-12,South,damaged_item,4,4,474,cust2765@example.com,damaged item issue reported,2026-01-12T23:45:00+05:30
2026-01-12,South,billing,1,1,474,cust8028@example.com,billing issue reported,2026-01-12T23:45:00+05:30
2026-01-12,South,product_query,0,3,474,cust4373@example.com,product query issue reported,2026-01-12T23:45:00+05:30
2026-01-12,East,late_delivery,4,4,326,cust5977@example.com,Order dispatched late from the North hub; no update for three days.,2026-01-12T23:45:00+05:30
2026-01-12,East,damaged_item,0,0,326,cust7946@example.com,damaged item issue reported,2026-01-12T23:45:00+05:30
2026-01-12,East,billing,1,1,326,cust6384@example.com,billing issue reported,2026-01-12T23:45:00+05:30
2026-01-12,East,product_query,0,3,326,cust9499@example.com,product query issue reported,2026-01-12T23:45:00+05:30
2026-01-13,West,late_delivery,4,4,430,cust3985@example.com,Order dispatched late from the North hub; no update for three days.,2026-01-12T23:45:00+05:30
2026-01-12,West,damaged_item,2,2,430,cust7272@example.com,damaged item issue reported,2026-01-12T23:45:00+05:30
2026-01-12,West,billing,1,1,430,cust6495@example.com,billing issue reported,2026-01-12T23:45:00+05:30
2026-01-12,West,product_query,0,3,430,cust5095@example.com,product query issue reported,2026-01-12T23:45:00+05:30
2026-01-13,North,late_delivery,6,6,560,cust2061@example.com,Order dispatched late from the North hub; no update for three days.,2026-01-13T23:45:00+05:30
2026-01-13,North,damaged_item,2,2,560,cust6454@example.com,damaged item issue reported,2026-01-13T23:45:00+05:30
2026-01-13,North,billing,4,4,560,cust4451@example.com,billing issue reported,2026-01-13T23:45:00+05:30
2026-01-13,North,product_query,0,1,560,cust5027@example.com,product query issue reported,2026-01-13T23:45:00+05:30
2026-01-13,South,late_delivery,1,1,474,cust9194@example.com,Order dispatched late from the North hub; no update for three days.,2026-01-13T23:45:00+05:30
2026-01-13,South,damaged_item,1,1,474,cust3918@example.com,damaged item issue reported,2026-01-13T23:45:00+05:30
2026-01-13,South,billing,3,3,474,cust2325@example.com,billing issue reported,2026-01-13T23:45:00+05:30
2026-01-13,South,product_query,0,3,474,cust212@example.com,product query issue reported,2026-01-13T23:45:00+05:30
2026-01-13,East,late_delivery,3,3,326,cust7485@example.com,Order dispatched late from the North hub; no update for three days.,2026-01-13T23:45:00+05:30
2026-01-13,East,damaged_item,2,2,326,cust5871@example.com,damaged item issue reported,2026-01-13T23:45:00+05:30
2026-01-13,East,billing,0,0,326,cust7006@example.com,billing issue reported,2026-01-13T23:45:00+05:30
2026-01-13,East,product_query,0,2,326,cust5658@example.com,product query issue reported,2026-01-13T23:45:00+05:30
2026-01-13,West,late_delivery,2,2,430,cust6297@example.com,Order dispatched late from the North hub; no update for three days.,2026-01-13T23:45:00+05:30
2026-01-13,West,damaged_item,1,1,430,cust3762@example.com,damaged item issue reported,2026-01-13T23:45:00+05:30
2026-01-13,West,billing,1,1,430,cust1827@example.com,billing issue reported,2026-01-13T23:45:00+05:30
2026-01-13,West,product_query,0,3,430,cust4207@example.com,product query issue reported,2026-01-13T23:45:00+05:30
2026-01-14,North,late_delivery,1,1,560,cust1857@example.com,Order dispatched late from the North hub; no update for three days.,2026-01-14T23:45:00+05:30
2026-01-14,North,damaged_item,2,2,560,cust1064@example.com,damaged item issue reported,2026-01-14T23:45:00+05:30
2026-01-14,North,billing,1,1,560,cust1186@example.com,billing issue reported,2026-01-14T23:45:00+05:30
2026-01-14,North,product_query,0,3,560,cust4385@example.com,product query issue reported,2026-01-14T23:45:00+05:30
2026-01-14,South,late_delivery,6,6,475,cust9566@example.com,Order dispatched late from the North hub; no update for three days.,2026-01-14T23:45:00+05:30
2026-01-14,South,damaged_item,0,0,475,cust8790@example.com,damaged item issue reported,2026-01-14T23:45:00+05:30
2026-01-14,South,billing,2,2,475,cust2497@example.com,billing issue reported,2026-01-14T23:45:00+05:30
2026-01-14,South,product_query,0,3,475,cust3359@example.com,product query issue reported,2026-01-14T23:45:00+05:30
2026-01-14,East,late_delivery,3,3,327,cust8477@example.com,Order dispatched late from the North hub; no update for three days.,2026-01-14T23:45:00+05:30
2026-01-14,East,damaged_item,1,1,327,cust1309@example.com,damaged item issue reported,2026-01-14T23:45:00+05:30
2026-01-14,East,billing,0,0,327,cust9638@example.com,billing issue reported,2026-01-14T23:45:00+05:30
2026-01-14,East,product_query,0,3,327,cust1087@example.com,product query issue reported,2026-01-14T23:45:00+05:30
2026-01-14,West,late_delivery,3,3,431,cust2486@example.com,Order dispatched late from the North hub; no update for three days.,2026-01-14T23:45:00+05:30
2026-01-14,West,damaged_item,1,1,431,cust3209@example.com,damaged item issue reported,2026-01-14T23:45:00+05:30
2026-01-14,West,billing,0,0,431,cust9320@example.com,billing issue reported,2026-01-14T23:45:00+05:30
2026-01-14,West,product_query,0,3,431,cust4131@example.com,product query issue reported,2026-01-14T23:45:00+05:30
2026-01-15,North,late_delivery,6,6,561,cust5672@example.com,Order dispatched late from the North hub; no update for three days.,2026-01-15T23:45:00+05:30
2026-01-15,North,damaged_item,1,1,561,cust5589@example.com,damaged item issue reported,2026-01-15T23:45:00+05:30
2026-01-15,North,billing,2,2,561,cust7248@example.com,billing issue reported,2026-01-15T23:45:00+05:30
2026-01-15,North,product_query,0,3,561,cust4080@example.com,product query issue reported,2026-01-15T23:45:00+05:30
2026-01-15,South,late_delivery,2,2,475,cust5714@example.com,Order dispatched late from the North hub; no update for three days.,2026-01-15T23:45:00+05:30
2026-01-15,South,damaged_item,0,0,475,cust8105@example.com,damaged item issue reported,2026-01-15T23:45:00+05:30
2026-01-15,South,billing,2,2,475,cust9085@example.com,billing issue reported,2026-01-15T23:45:00+05:30
2026-01-15,South,product_query,0,1,475,cust5175@example.com,product query issue reported,2026-01-15T23:45:00+05:30
2026-01-15,East,late_delivery,1,1,327,cust3354@example.com,Order dispatched late from the North hub; no update for three days.,2026-01-15T23:45:00+05:30
2026-01-15,East,damaged_item,2,2,327,cust2742@example.com,damaged item issue reported,2026-01-15T23:45:00+05:30
2026-01-15,East,billing,2,2,327,cust9015@example.com,billing issue reported,2026-01-15T23:45:00+05:30
2026-01-16,East,product_query,0,3,327,cust9892@example.com,product query issue reported,2026-01-15T23:45:00+05:30
2026-01-15,West,late_delivery,3,3,431,cust1034@example.com,Order dispatched late from the North hub; no update for three days.,2026-01-15T23:45:00+05:30
2026-01-15,West,damaged_item,1,1,431,cust5629@example.com,damaged item issue reported,2026-01-15T23:45:00+05:30
2026-01-15,West,billing,1,1,431,cust3804@example.com,billing issue reported,2026-01-15T23:45:00+05:30
2026-01-15,West,product_query,0,3,431,cust9711@example.com,product query issue reported,2026-01-15T23:45:00+05:30
2026-01-16,North,late_delivery,7,7,561,cust1232@example.com,Order dispatched late from the North hub; no update for three days.,2026-01-16T23:45:00+05:30
2026-01-16,North,damaged_item,0,0,561,cust738@example.com,damaged item issue reported,2026-01-16T23:45:00+05:30
2026-01-16,North,billing,0,0,561,cust6862@example.com,billing issue reported,2026-01-16T23:45:00+05:30
2026-01-16,North,product_query,0,6,561,cust9818@example.com,product query issue reported,2026-01-16T23:45:00+05:30
2026-01-16,South,late_delivery,3,3,475,cust6234@example.com,Order dispatched late from the North hub; no update for three days.,2026-01-16T23:45:00+05:30
2026-01-16,South,damaged_item,2,2,475,cust8135@example.com,damaged item issue reported,2026-01-16T23:45:00+05:30
2026-01-16,South,billing,1,1,475,cust9303@example.com,billing issue reported,2026-01-16T23:45:00+05:30
2026-01-16,South,product_query,0,3,475,cust3937@example.com,product query issue reported,2026-01-16T23:45:00+05:30
2026-01-16,East,late_delivery,4,4,327,cust4853@example.com,Order dispatched late from the North hub; no update for three days.,2026-01-16T23:45:00+05:30
2026-01-16,East,damaged_item,0,0,327,cust5683@example.com,damaged item issue reported,2026-01-16T23:45:00+05:30
2026-01-16,East,billing,0,0,327,cust3499@example.com,billing issue reported,2026-01-16T23:45:00+05:30
2026-01-16,East,product_query,0,1,327,cust357@example.com,product query issue reported,2026-01-16T23:45:00+05:30
2026-01-16,West,late_delivery,2,2,431,cust349@example.com,Order dispatched late from the North hub; no update for three days.,2026-01-16T23:45:00+05:30
2026-01-16,West,damaged_item,3,3,431,cust632@example.com,damaged item issue reported,2026-01-16T23:45:00+05:30
2026-01-16,West,billing,1,1,431,cust5611@example.com,billing issue reported,2026-01-16T23:45:00+05:30
2026-01-16,West,product_query,0,1,431,cust6040@example.com,product query issue reported,2026-01-16T23:45:00+05:30
2026-01-17,North,late_delivery,5,5,665,cust5532@example.com,Order dispatched late from the North hub; no update for three days.,2026-01-17T23:45:00+05:30
2026-01-17,North,damaged_item,3,3,665,cust8454@example.com,damaged item issue reported,2026-01-17T23:45:00+05:30
2026-01-17,North,billing,1,1,665,cust5244@example.com,billing issue reported,2026-01-17T23:45:00+05:30
2026-01-17,North,product_query,0,3,665,cust9963@example.com,product query issue reported,2026-01-17T23:45:00+05:30
2026-01-17,South,late_delivery,3,3,563,cust3008@example.com,Order dispatched late from the North hub; no update for three days.,2026-01-17T23:45:00+05:30
2026-01-17,South,damaged_item,1,1,563,cust2069@example.com,damaged item issue reported,2026-01-17T23:45:00+05:30
2026-01-17,South,billing,2,2,563,cust7368@example.com,billing issue reported,2026-01-17T23:45:00+05:30
2026-01-17,South,product_query,0,5,563,cust4507@example.com,product query issue reported,2026-01-17T23:45:00+05:30
2026-01-17,East,late_delivery,6,6,388,cust2156@example.com,Order dispatched late from the North hub; no update for three days.,2026-01-17T23:45:00+05:30
2026-01-17,East,damaged_item,1,1,388,cust6247@example.com,damaged item issue reported,2026-01-17T23:45:00+05:30
2026-01-17,East,billing,1,1,388,cust3897@example.com,billing issue reported,2026-01-17T23:45:00+05:30
2026-01-17,East,product_query,0,1,388,cust4133@example.com,product query issue reported,2026-01-17T23:45:00+05:30
2026-01-17,West,late_delivery,5,5,511,cust723@example.com,Order dispatched late from the North hub; no update for three days.,2026-01-17T23:45:00+05:30
2026-01-17,West,damaged_item,2,2,511,cust7176@example.com,damaged item issue reported,2026-01-17T23:45:00+05:30
2026-01-17,West,billing,2,2,511,cust8511@example.com,billing issue reported,2026-01-17T23:45:00+05:30
2026-01-17,West,product_query,0,5,511,cust2809@example.com,product query issue reported,2026-01-17T23:45:00+05:30
2026-01-18,North,late_delivery,8,8,665,cust3678@example.com,Order dispatched late from the North hub; no update for three days.,2026-01-18T23:45:00+05:30
2026-01-18,North,damaged_item,2,2,665,cust5596@example.com,damaged item issue reported,2026-01-18T23:45:00+05:30
2026-01-18,North,billing,2,2,665,cust4339@example.com,billing issue reported,2026-01-18T23:45:00+05:30
2026-01-18,North,product_query,0,2,665,cust719@example.com,product query issue reported,2026-01-18T23:45:00+05:30
2026-01-18,South,late_delivery,4,4,564,cust575@example.com,Order dispatched late from the North hub; no update for three days.,2026-01-18T23:45:00+05:30
2026-01-18,South,damaged_item,2,2,564,cust4116@example.com,damaged item issue reported,2026-01-18T23:45:00+05:30
2026-01-18,South,billing,2,2,564,cust8772@example.com,billing issue reported,2026-01-18T23:45:00+05:30
2026-01-18,South,product_query,0,2,564,cust21@example.com,product query issue reported,2026-01-18T23:45:00+05:30
2026-01-18,East,late_delivery,2,2,388,cust9498@example.com,Order dispatched late from the North hub; no update for three days.,2026-01-18T23:45:00+05:30
2026-01-18,East,damaged_item,1,1,388,cust1139@example.com,damaged item issue reported,2026-01-18T23:45:00+05:30
2026-01-18,East,billing,0,0,388,cust4621@example.com,billing issue reported,2026-01-18T23:45:00+05:30
2026-01-18,East,product_query,0,0,388,cust3227@example.com,product query issue reported,2026-01-18T23:45:00+05:30
2026-01-18,West,late_delivery,7,7,511,cust6744@example.com,Order dispatched late from the North hub; no update for three days.,2026-01-18T23:45:00+05:30
2026-01-18,West,damaged_item,2,2,511,cust4962@example.com,damaged item issue reported,2026-01-18T23:45:00+05:30
2026-01-18,West,billing,0,0,511,cust5518@example.com,billing issue reported,2026-01-18T23:45:00+05:30
2026-01-18,West,product_query,0,2,511,cust1462@example.com,product query issue reported,2026-01-18T23:45:00+05:30
2026-01-19,North,late_delivery,5,5,563,cust8146@example.com,Order dispatched late from the North hub; no update for three days.,2026-01-19T23:45:00+05:30
2026-01-19,North,damaged_item,2,2,563,cust6677@example.com,damaged item issue reported,2026-01-19T23:45:00+05:30
2026-01-19,North,billing,1,1,563,cust4135@example.com,billing issue reported,2026-01-19T23:45:00+05:30
2026-01-19,North,product_query,0,2,563,cust8332@example.com,product query issue reported,2026-01-19T23:45:00+05:30
2026-01-19,South,late_delivery,0,0,476,cust7925@example.com,Order dispatched late from the North hub; no update for three days.,2026-01-19T23:45:00+05:30
2026-01-19,South,damaged_item,0,0,476,cust8313@example.com,damaged item issue reported,2026-01-19T23:45:00+05:30
2026-01-19,South,billing,0,0,476,cust2322@example.com,billing issue reported,2026-01-19T23:45:00+05:30
2026-01-19,South,product_query,0,2,476,cust5269@example.com,product query issue reported,2026-01-19T23:45:00+05:30
2026-01-19,East,late_delivery,1,1,328,cust9928@example.com,Order dispatched late from the North hub; no update for three days.,2026-01-19T23:45:00+05:30
2026-01-19,East,damaged_item,1,1,328,cust9439@example.com,damaged item issue reported,2026-01-19T23:45:00+05:30
2026-01-19,East,billing,1,1,328,cust6578@example.com,billing issue reported,2026-01-19T23:45:00+05:30
2026-01-19,East,product_query,0,1,328,cust1114@example.com,product query issue reported,2026-01-19T23:45:00+05:30
2026-01-19,West,late_delivery,2,2,432,cust7024@example.com,Order dispatched late from the North hub; no update for three days.,2026-01-19T23:45:00+05:30
2026-01-19,West,damaged_item,3,3,432,cust4528@example.com,damaged item issue reported,2026-01-19T23:45:00+05:30
2026-01-19,West,billing,0,0,432,cust6175@example.com,billing issue reported,2026-01-19T23:45:00+05:30
2026-01-19,West,product_query,0,3,432,cust1819@example.com,product query issue reported,2026-01-19T23:45:00+05:30
2026-01-20,North,late_delivery,2,2,664,cust886@example.com,Order dispatched late from the North hub; no update for three days.,2026-01-20T23:45:00+05:30
2026-01-20,North,damaged_item,3,3,664,cust5081@example.com,damaged item issue reported,2026-01-20T23:45:00+05:30
2026-01-20,North,billing,1,1,664,cust6777@example.com,billing issue reported,2026-01-20T23:45:00+05:30
2026-01-20,North,product_query,0,1,664,cust9777@example.com,product query issue reported,2026-01-20T23:45:00+05:30
2026-01-20,South,late_delivery,6,6,563,cust381@example.com,Order dispatched late from the North hub; no update for three days.,2026-01-20T23:45:00+05:30
2026-01-20,South,damaged_item,0,0,563,cust5027@example.com,damaged item issue reported,2026-01-20T23:45:00+05:30
2026-01-20,South,billing,2,2,563,cust1811@example.com,billing issue reported,2026-01-20T23:45:00+05:30
2026-01-20,South,product_query,0,2,563,cust3792@example.com,product query issue reported,2026-01-20T23:45:00+05:30
2026-01-20,East,late_delivery,3,3,387,cust150@example.com,Order dispatched late from the North hub; no update for three days.,2026-01-20T23:45:00+05:30
2026-01-20,East,damaged_item,2,2,387,cust9271@example.com,damaged item issue reported,2026-01-20T23:45:00+05:30
2026-01-20,East,billing,0,0,387,cust5923@example.com,billing issue reported,2026-01-20T23:45:00+05:30
2026-01-20,East,product_query,0,0,387,cust7710@example.com,product query issue reported,2026-01-20T23:45:00+05:30
2026-01-20,West,late_delivery,4,4,510,cust4320@example.com,Order dispatched late from the North hub; no update for three days.,2026-01-20T23:45:00+05:30
2026-01-20,West,damaged_item,1,1,510,cust6667@example.com,damaged item issue reported,2026-01-20T23:45:00+05:30
2026-01-20,West,billing,1,1,510,cust5149@example.com,billing issue reported,2026-01-20T23:45:00+05:30
2026-01-20,West,product_query,0,4,510,cust6179@example.com,product query issue reported,2026-01-20T23:45:00+05:30
2026-01-21,North,late_delivery,5,5,665,cust742@example.com,Order dispatched late from the North hub; no update for three days.,2026-01-21T23:45:00+05:30
2026-01-21,North,damaged_item,3,3,665,cust512@example.com,damaged item issue reported,2026-01-21T23:45:00+05:30
2026-01-21,North,billing,1,1,665,cust8931@example.com,billing issue reported,2026-01-21T23:45:00+05:30
2026-01-21,North,product_query,0,3,665,cust319@example.com,product query issue reported,2026-01-21T23:45:00+05:30
2026-01-21,South,late_delivery,1,1,563,cust7356@example.com,Order dispatched late from the North hub; no update for three days.,2026-01-21T23:45:00+05:30
2026-01-21,South,damaged_item,4,4,563,cust3924@example.com,damaged item issue reported,2026-01-21T23:45:00+05:30
2026-01-21,South,billing,1,1,563,cust6385@example.com,billing issue reported,2026-01-21T23:45:00+05:30
2026-01-21,South,product_query,0,3,563,cust9937@example.com,product query issue reported,2026-01-21T23:45:00+05:30
2026-01-21,East,late_delivery,3,3,388,cust3021@example.com,Order dispatched late from the North hub; no update for three days.,2026-01-21T23:45:00+05:30
2026-01-21,East,damaged_item,0,0,388,cust8598@example.com,damaged item issue reported,2026-01-21T23:45:00+05:30
2026-01-21,East,billing,1,1,388,cust7691@example.com,billing issue reported,2026-01-21T23:45:00+05:30
2026-01-21,East,product_query,0,0,388,cust8264@example.com,product query issue reported,2026-01-21T23:45:00+05:30
2026-01-21,West,late_delivery,3,3,511,cust9401@example.com,Order dispatched late from the North hub; no update for three days.,2026-01-21T23:45:00+05:30
2026-01-21,West,damaged_item,1,1,511,cust1924@example.com,damaged item issue reported,2026-01-21T23:45:00+05:30
2026-01-21,West,billing,0,0,511,cust4242@example.com,billing issue reported,2026-01-21T23:45:00+05:30
2026-01-21,West,product_query,0,3,511,cust7256@example.com,product query issue reported,2026-01-21T23:45:00+05:30
2026-01-22,North,late_delivery,3,3,665,cust3982@example.com,Order dispatched late from the North hub; no update for three days.,2026-01-22T23:45:00+05:30
2026-01-22,North,damaged_item,1,1,665,cust3496@example.com,damaged item issue reported,2026-01-22T23:45:00+05:30
2026-01-22,North,billing,0,0,665,cust7576@example.com,billing issue reported,2026-01-22T23:45:00+05:30
2026-01-22,North,product_query,0,2,665,cust4076@example.com,product query issue reported,2026-01-22T23:45:00+05:30
2026-01-22,South,late_delivery,4,4,564,cust2824@example.com,Order dispatched late from the North hub; no update for three days.,2026-01-22T23:45:00+05:30
2026-01-22,South,damaged_item,1,1,564,cust5985@example.com,damaged item issue reported,2026-01-22T23:45:00+05:30
2026-01-22,South,billing,2,2,564,cust2430@example.com,billing issue reported,2026-01-22T23:45:00+05:30
2026-01-22,South,product_query,0,2,564,cust6220@example.com,product query issue reported,2026-01-22T23:45:00+05:30
2026-01-22,East,late_delivery,3,3,388,cust7895@example.com,Order dispatched late from the North hub; no update for three days.,2026-01-22T23:45:00+05:30
2026-01-22,East,damaged_item,0,0,388,cust7862@example.com,damaged item issue reported,2026-01-22T23:45:00+05:30
2026-01-22,East,billing,2,2,388,cust8899@example.com,billing issue reported,2026-01-22T23:45:00+05:30
2026-01-22,East,product_query,0,1,388,cust9411@example.com,product query issue reported,2026-01-22T23:45:00+05:30
2026-01-22,West,late_delivery,4,4,511,cust4776@example.com,Order dispatched late from the North hub; no update for three days.,2026-01-22T23:45:00+05:30
2026-01-22,West,damaged_item,2,2,511,cust3590@example.com,damaged item issue reported,2026-01-22T23:45:00+05:30
2026-01-22,West,billing,2,2,511,cust2184@example.com,billing issue reported,2026-01-22T23:45:00+05:30
2026-01-22,West,product_query,0,2,511,cust8965@example.com,product query issue reported,2026-01-22T23:45:00+05:30
2026-01-23,North,late_delivery,13,13,666,cust4665@example.com,Order dispatched late from the North hub; no update for three days.,2026-01-23T23:45:00+05:30
2026-01-23,North,damaged_item,1,1,666,cust9203@example.com,damaged item issue reported,2026-01-23T23:45:00+05:30
2026-01-23,North,billing,3,3,666,cust1926@example.com,billing issue reported,2026-01-23T23:45:00+05:30
2026-01-23,North,product_query,0,3,666,cust1867@example.com,product query issue reported,2026-01-23T23:45:00+05:30
2026-01-23,South,late_delivery,8,8,564,cust3103@example.com,Order dispatched late from the North hub; no update for three days.,2026-01-23T23:45:00+05:30
2026-01-23,South,damaged_item,3,3,564,cust1371@example.com,damaged item issue reported,2026-01-23T23:45:00+05:30
2026-01-23,South,billing,0,0,564,cust3127@example.com,billing issue reported,2026-01-23T23:45:00+05:30
2026-01-23,South,product_query,0,3,564,cust7271@example.com,product query issue reported,2026-01-23T23:45:00+05:30
2026-01-23,East,late_delivery,5,5,388,cust5954@example.com,Order dispatched late from the North hub; no update for three days.,2026-01-23T23:45:00+05:30
2026-01-23,East,damaged_item,0,0,388,cust4222@example.com,damaged item issue reported,2026-01-23T23:45:00+05:30
2026-01-23,East,billing,0,0,388,cust8151@example.com,billing issue reported,2026-01-23T23:45:00+05:30
2026-01-23,East,product_query,0,2,388,cust4789@example.com,product query issue reported,2026-01-23T23:45:00+05:30
2026-01-23,West,late_delivery,3,3,512,cust427@example.com,Order dispatched late from the North hub; no update for three days.,2026-01-23T23:45:00+05:30
2026-01-23,West,damaged_item,1,1,512,cust9954@example.com,damaged item issue reported,2026-01-23T23:45:00+05:30
2026-01-23,West,billing,1,1,512,cust8277@example.com,billing issue reported,2026-01-23T23:45:00+05:30
2026-01-23,West,product_query,0,2,512,cust5750@example.com,product query issue reported,2026-01-23T23:45:00+05:30
2026-01-24,North,late_delivery,4,4,789,cust6300@example.com,Order dispatched late from the North hub; no update for three days.,2026-01-24T23:45:00+05:30
2026-01-24,North,damaged_item,2,2,789,cust589@example.com,damaged item issue reported,2026-01-24T23:45:00+05:30
2026-01-24,North,billing,3,3,789,cust9068@example.com,billing issue reported,2026-01-24T23:45:00+05:30
2026-01-24,North,product_query,0,4,789,cust7047@example.com,product query issue reported,2026-01-24T23:45:00+05:30
2026-01-24,South,late_delivery,4,4,668,cust4934@example.com,Order dispatched late from the North hub; no update for three days.,2026-01-24T23:45:00+05:30
2026-01-24,South,damaged_item,3,3,668,cust6924@example.com,damaged item issue reported,2026-01-24T23:45:00+05:30
2026-01-25,South,billing,3,3,668,cust7542@example.com,billing issue reported,2026-01-24T23:45:00+05:30
2026-01-24,South,product_query,0,2,668,cust217@example.com,product query issue reported,2026-01-24T23:45:00+05:30
2026-01-24,East,late_delivery,6,6,460,cust6179@example.com,Order dispatched late from the North hub; no update for three days.,2026-01-24T23:45:00+05:30
2026-01-24,East,damaged_item,1,1,460,cust88@example.com,damaged item issue reported,2026-01-24T23:45:00+05:30
2026-01-24,East,billing,2,2,460,cust2022@example.com,billing issue reported,2026-01-24T23:45:00+05:30
2026-01-24,East,product_query,0,3,460,cust3539@example.com,product query issue reported,2026-01-24T23:45:00+05:30
2026-01-24,West,late_delivery,4,4,606,cust2543@example.com,Order dispatched late from the North hub; no update for three days.,2026-01-24T23:45:00+05:30
2026-01-24,West,damaged_item,4,4,606,cust1790@example.com,damaged item issue reported,2026-01-24T23:45:00+05:30
2026-01-24,West,billing,3,3,606,cust4082@example.com,billing issue reported,2026-01-24T23:45:00+05:30
2026-01-24,West,product_query,0,2,606,cust8423@example.com,product query issue reported,2026-01-24T23:45:00+05:30
2026-01-25,North,late_delivery,3,3,789,cust2394@example.com,Order dispatched late from the North hub; no update for three days.,2026-01-25T23:45:00+05:30
2026-01-25,North,damaged_item,4,4,789,cust5452@example.com,damaged item issue reported,2026-01-25T23:45:00+05:30
2026-01-25,North,billing,0,0,789,cust5558@example.com,billing issue reported,2026-01-25T23:45:00+05:30
2026-01-25,North,product_query,0,7,789,cust1826@example.com,product query issue reported,2026-01-25T23:45:00+05:30
2026-01-25,South,late_delivery,4,4,669,cust6299@example.com,Order dispatched late from the North hub; no update for three days.,2026-01-25T23:45:00+05:30
2026-01-25,South,damaged_item,1,1,669,cust8942@example.com,damaged item issue reported,2026-01-25T23:45:00+05:30
2026-01-26,South,billing,2,2,669,cust4063@example.com,billing issue reported,2026-01-25T23:45:00+05:30
2026-01-25,South,product_query,0,2,669,cust534@example.com,product query issue reported,2026-01-25T23:45:00+05:30
2026-01-25,East,late_delivery,2,2,460,cust6702@example.com,Order dispatched late from the North hub; no update for three days.,2026-01-25T23:45:00+05:30
2026-01-25,East,damaged_item,1,1,460,cust8572@example.com,damaged item issue reported,2026-01-25T23:45:00+05:30
2026-01-25,East,billing,4,4,460,cust4954@example.com,billing issue reported,2026-01-25T23:45:00+05:30
2026-01-25,East,product_query,0,2,460,cust3730@example.com,product query issue reported,2026-01-25T23:45:00+05:30
2026-01-25,West,late_delivery,9,9,607,cust344@example.com,Order dispatched late from the North hub; no update for three days.,2026-01-25T23:45:00+05:30
2026-01-25,West,damaged_item,2,2,607,cust954@example.com,damaged item issue reported,2026-01-25T23:45:00+05:30
2026-01-25,West,billing,1,1,607,cust7254@example.com,billing issue reported,2026-01-25T23:45:00+05:30
2026-01-25,West,product_query,0,2,607,cust3990@example.com,product query issue reported,2026-01-25T23:45:00+05:30
2026-01-26,North,late_delivery,6,6,814,cust3763@example.com,Order dispatched late from the North hub; no update for three days.,2026-01-26T23:45:00+05:30
2026-01-26,North,damaged_item,3,3,814,cust3599@example.com,damaged item issue reported,2026-01-26T23:45:00+05:30
2026-01-26,North,billing,0,0,814,cust2598@example.com,billing issue reported,2026-01-26T23:45:00+05:30
2026-01-26,North,product_query,0,5,814,cust6044@example.com,product query issue reported,2026-01-26T23:45:00+05:30
2026-01-26,South,late_delivery,6,6,690,cust2676@example.com,Order dispatched late from the North hub; no update for three days.,2026-01-26T23:45:00+05:30
2026-01-26,South,damaged_item,4,4,690,cust8214@example.com,damaged item issue reported,2026-01-26T23:45:00+05:30
2026-01-26,South,billing,2,2,690,cust7416@example.com,billing issue reported,2026-01-26T23:45:00+05:30
2026-01-26,South,product_query,0,2,690,cust44@example.com,product query issue reported,2026-01-26T23:45:00+05:30
2026-01-26,East,late_delivery,2,2,475,cust4838@example.com,Order dispatched late from the North hub; no update for three days.,2026-01-26T23:45:00+05:30
2026-01-26,East,damaged_item,1,1,475,cust146@example.com,damaged item issue reported,2026-01-26T23:45:00+05:30
2026-01-26,East,billing,1,1,475,cust4601@example.com,billing issue reported,2026-01-26T23:45:00+05:30
2026-01-26,East,product_query,0,2,475,cust7969@example.com,product query issue reported,2026-01-26T23:45:00+05:30
2026-01-26,West,late_delivery,6,6,626,cust1311@example.com,Order dispatched late from the North hub; no update for three days.,2026-01-26T23:45:00+05:30
2026-01-26,West,damaged_item,0,0,626,cust3054@example.com,damaged item issue reported,2026-01-26T23:45:00+05:30
2026-01-26,West,billing,0,0,626,cust9608@example.com,billing issue reported,2026-01-26T23:45:00+05:30
2026-01-26,West,product_query,0,3,626,cust1636@example.com,product query issue reported,2026-01-26T23:45:00+05:30
2026-01-27,North,late_delivery,6,6,668,cust1126@example.com,Order dispatched late from the North hub; no update for three days.,2026-01-27T23:45:00+05:30
2026-01-27,North,damaged_item,5,5,668,cust2989@example.com,damaged item issue reported,2026-01-27T23:45:00+05:30
2026-01-27,North,billing,2,2,668,cust7779@example.com,billing issue reported,2026-01-27T23:45:00+05:30
2026-01-27,North,product_query,0,7,668,cust7704@example.com,product query issue reported,2026-01-27T23:45:00+05:30
2026-01-27,South,late_delivery,6,6,566,cust7340@example.com,Order dispatched late from the North hub; no update for three days.,2026-01-27T23:45:00+05:30
2026-01-27,South,damaged_item,1,1,566,cust2018@example.com,damaged item issue reported,2026-01-27T23:45:00+05:30
2026-01-27,South,billing,2,2,566,cust1982@example.com,billing issue reported,2026-01-27T23:45:00+05:30
2026-01-27,South,product_query,0,4,566,cust9639@example.com,product query issue reported,2026-01-27T23:45:00+05:30
2026-01-27,East,late_delivery,2,2,389,cust5092@example.com,Order dispatched late from the North hub; no update for three days.,2026-01-27T23:45:00+05:30
2026-01-27,East,damaged_item,0,0,389,cust5090@example.com,damaged item issue reported,2026-01-27T23:45:00+05:30
2026-01-27,East,billing,0,0,389,cust6343@example.com,billing issue reported,2026-01-27T23:45:00+05:30
2026-01-27,East,product_query,0,1,389,cust6244@example.com,product query issue reported,2026-01-27T23:45:00+05:30
2026-01-27,West,late_delivery,8,8,513,cust1912@example.com,Order dispatched late from the North hub; no update for three days.,2026-01-27T23:45:00+05:30
2026-01-27,West,damaged_item,4,4,513,cust1858@example.com,damaged item issue reported,2026-01-27T23:45:00+05:30
2026-01-27,West,billing,1,1,513,cust5976@example.com,billing issue reported,2026-01-27T23:45:00+05:30
2026-01-27,West,product_query,0,2,513,cust680@example.com,product query issue reported,2026-01-27T23:45:00+05:30
2026-01-28,North,late_delivery,2,2,566,cust7439@example.com,Order dispatched late from the North hub; no update for three days.,2026-01-28T23:45:00+05:30
2026-01-28,North,damaged_item,1,1,566,cust7035@example.com,damaged item issue reported,2026-01-28T23:45:00+05:30
2026-01-28,North,billing,0,0,566,cust3176@example.com,billing issue reported,2026-01-28T23:45:00+05:30
2026-01-28,North,product_query,0,2,566,cust8967@example.com,product query issue reported,2026-01-28T23:45:00+05:30
2026-01-28,South,late_delivery,2,2,480,cust5646@example.com,Order dispatched late from the North hub; no update for three days.,2026-01-28T23:45:00+05:30
2026-01-28,South,damaged_item,0,0,480,cust1774@example.com,damaged item issue reported,2026-01-28T23:45:00+05:30
2026-01-28,South,billing,1,1,480,cust9462@example.com,billing issue reported,2026-01-28T23:45:00+05:30
2026-01-28,South,product_query,0,4,480,cust3558@example.com,product query issue reported,2026-01-28T23:45:00+05:30
2026-01-28,East,late_delivery,0,0,330,cust8390@example.com,Order dispatched late from the North hub; no update for three days.,2026-01-28T23:45:00+05:30
2026-01-28,East,damaged_item,2,2,330,cust1285@example.com,damaged item issue reported,2026-01-28T23:45:00+05:30
2026-01-28,East,billing,0,0,330,cust1289@example.com,billing issue reported,2026-01-28T23:45:00+05:30
2026-01-28,East,product_query,0,1,330,cust4351@example.com,product query issue reported,2026-01-28T23:45:00+05:30
2026-01-28,West,late_delivery,1,1,435,cust3703@example.com,Order dispatched late from the North hub; no update for three days.,2026-01-28T23:45:00+05:30
2026-01-28,West,damaged_item,0,0,435,cust77@example.com,damaged item issue reported,2026-01-28T23:45:00+05:30
2026-01-28,West,billing,1,1,435,cust132@example.com,billing issue reported,2026-01-28T23:45:00+05:30
2026-01-28,West,product_query,0,1,435,cust3296@example.com,product query issue reported,2026-01-28T23:45:00+05:30
2026-01-29,North,late_delivery,3,3,567,cust2637@example.com,Order dispatched late from the North hub; no update for three days.,2026-01-29T23:45:00+05:30
2026-01-29,North,damaged_item,0,0,567,cust1045@example.com,damaged item issue reported,2026-01-29T23:45:00+05:30
2026-01-29,North,billing,1,1,567,cust9313@example.com,billing issue reported,2026-01-29T23:45:00+05:30
2026-01-29,North,product_query,0,3,567,cust4459@example.com,product query issue reported,2026-01-29T23:45:00+05:30
2026-01-29,South,late_delivery,3,3,480,cust6643@example.com,Order dispatched late from the North hub; no update for three days.,2026-01-29T23:45:00+05:30
2026-01-29,South,damaged_item,0,0,480,cust6700@example.com,damaged item issue reported,2026-01-29T23:45:00+05:30
2026-01-29,South,billing,2,2,480,cust966@example.com,billing issue reported,2026-01-29T23:45:00+05:30
2026-01-29,South,product_query,0,0,480,cust2657@example.com,product query issue reported,2026-01-29T23:45:00+05:30
2026-01-29,East,late_delivery,1,1,330,cust8569@example.com,Order dispatched late from the North hub; no update for three days.,2026-01-29T23:45:00+05:30
2026-01-29,East,damaged_item,2,2,330,cust8031@example.com,damaged item issue reported,2026-01-29T23:45:00+05:30
2026-01-29,East,billing,0,0,330,cust6461@example.com,billing issue reported,2026-01-29T23:45:00+05:30
2026-01-29,East,product_query,0,1,330,cust9565@example.com,product query issue reported,2026-01-29T23:45:00+05:30
2026-01-29,West,late_delivery,3,3,435,cust1868@example.com,Order dispatched late from the North hub; no update for three days.,2026-01-29T23:45:00+05:30
2026-01-29,West,damaged_item,2,2,435,cust7887@example.com,damaged item issue reported,2026-01-29T23:45:00+05:30
2026-01-29,West,billing,1,1,435,cust5316@example.com,billing issue reported,2026-01-29T23:45:00+05:30
2026-01-29,West,product_query,0,1,435,cust6752@example.com,product query issue reported,2026-01-29T23:45:00+05:30
2026-01-30,North,late_delivery,3,3,567,cust5577@example.com,Order dispatched late from the North hub; no update for three days.,2026-01-30T23:45:00+05:30
2026-01-30,North,damaged_item,1,1,567,cust6076@example.com,damaged item issue reported,2026-01-30T23:45:00+05:30
2026-01-30,North,billing,1,1,567,cust2962@example.com,billing issue reported,2026-01-30T23:45:00+05:30
2026-01-30,North,product_query,0,0,567,cust2334@example.com,product query issue reported,2026-01-30T23:45:00+05:30
2026-01-30,South,late_delivery,5,5,480,cust8533@example.com,Order dispatched late from the North hub; no update for three days.,2026-01-30T23:45:00+05:30
2026-01-30,South,damaged_item,1,1,480,cust509@example.com,damaged item issue reported,2026-01-30T23:45:00+05:30
2026-01-30,South,billing,1,1,480,cust5569@example.com,billing issue reported,2026-01-30T23:45:00+05:30
2026-01-30,South,product_query,0,2,480,cust6890@example.com,product query issue reported,2026-01-30T23:45:00+05:30
2026-01-30,East,late_delivery,1,1,331,cust3921@example.com,Order dispatched late from the North hub; no update for three days.,2026-01-30T23:45:00+05:30
2026-01-30,East,damaged_item,0,0,331,cust4649@example.com,damaged item issue reported,2026-01-30T23:45:00+05:30
2026-01-30,East,billing,0,0,331,cust6400@example.com,billing issue reported,2026-01-30T23:45:00+05:30
2026-01-30,East,product_query,0,0,331,cust7335@example.com,product query issue reported,2026-01-30T23:45:00+05:30
2026-01-30,West,late_delivery,3,3,436,cust914@example.com,Order dispatched late from the North hub; no update for three days.,2026-01-30T23:45:00+05:30
2026-01-30,West,damaged_item,0,0,436,cust1089@example.com,damaged item issue reported,2026-01-30T23:45:00+05:30
2026-01-30,West,billing,1,1,436,cust9380@example.com,billing issue reported,2026-01-30T23:45:00+05:30
2026-01-30,West,product_query,0,0,436,cust4421@example.com,product query issue reported,2026-01-30T23:45:00+05:30
2026-01-31,North,late_delivery,5,5,672,cust2279@example.com,Order dispatched late from the North hub; no update for three days.,2026-01-31T23:45:00+05:30
2026-01-31,North,damaged_item,6,6,672,cust5765@example.com,damaged item issue reported,2026-01-31T23:45:00+05:30
2026-01-31,North,billing,0,0,672,cust8958@example.com,billing issue reported,2026-01-31T23:45:00+05:30
2026-01-31,North,product_query,0,7,672,cust823@example.com,product query issue reported,2026-01-31T23:45:00+05:30
2026-01-31,South,late_delivery,3,3,569,cust3582@example.com,Order dispatched late from the North hub; no update for three days.,2026-01-31T23:45:00+05:30
2026-01-31,South,damaged_item,3,3,569,cust2640@example.com,damaged item issue reported,2026-01-31T23:45:00+05:30
2026-01-31,South,billing,3,3,569,cust9253@example.com,billing issue reported,2026-01-31T23:45:00+05:30
2026-01-31,South,product_query,0,2,569,cust3799@example.com,product query issue reported,2026-01-31T23:45:00+05:30
2026-01-31,East,late_delivery,0,0,392,cust9367@example.com,Order dispatched late from the North hub; no update for three days.,2026-01-31T23:45:00+05:30
2026-01-31,East,damaged_item,1,1,392,cust4671@example.com,damaged item issue reported,2026-01-31T23:45:00+05:30
2026-01-31,East,billing,1,1,392,cust3165@example.com,billing issue reported,2026-01-31T23:45:00+05:30
2026-01-31,East,product_query,0,0,392,cust3150@example.com,product query issue reported,2026-01-31T23:45:00+05:30
2026-01-31,West,late_delivery,2,2,516,cust5261@example.com,Order dispatched late from the North hub; no update for three days.,2026-01-31T23:45:00+05:30
2026-01-31,West,damaged_item,1,1,516,cust7504@example.com,damaged item issue reported,2026-01-31T23:45:00+05:30
2026-01-31,West,billing,5,5,516,cust153@example.com,billing issue reported,2026-01-31T23:45:00+05:30
2026-01-31,West,product_query,0,1,516,cust4753@example.com,product query issue reported,2026-01-31T23:45:00+05:30
2026-02-01,North,late_delivery,4,4,673,cust4477@example.com,Order dispatched late from the North hub; no update for three days.,2026-02-01T23:45:00+05:30
2026-02-01,North,damaged_item,2,2,673,cust4728@example.com,damaged item issue reported,2026-02-01T23:45:00+05:30
2026-02-01,North,billing,3,3,673,cust8066@example.com,billing issue reported,2026-02-01T23:45:00+05:30
2026-02-01,North,product_query,0,2,673,cust2997@example.com,product query issue reported,2026-02-01T23:45:00+05:30
2026-02-01,South,late_delivery,3,3,570,cust3146@example.com,Order dispatched late from the North hub; no update for three days.,2026-02-01T23:45:00+05:30
2026-02-01,South,damaged_item,2,2,570,cust5054@example.com,damaged item issue reported,2026-02-01T23:45:00+05:30
2026-02-01,South,billing,2,2,570,cust449@example.com,billing issue reported,2026-02-01T23:45:00+05:30
2026-02-01,South,product_query,0,3,570,cust1018@example.com,product query issue reported,2026-02-01T23:45:00+05:30
2026-02-01,East,late_delivery,2,2,392,cust9884@example.com,Order dispatched late from the North hub; no update for three days.,2026-02-01T23:45:00+05:30
2026-02-01,East,damaged_item,2,2,392,cust6613@example.com,damaged item issue reported,2026-02-01T23:45:00+05:30
2026-02-01,East,billing,2,2,392,cust2047@example.com,billing issue reported,2026-02-01T23:45:00+05:30
2026-02-01,East,product_query,0,4,392,cust9161@example.com,product query issue reported,2026-02-01T23:45:00+05:30
2026-02-01,West,late_delivery,3,3,517,cust1611@example.com,Order dispatched late from the North hub; no update for three days.,2026-02-01T23:45:00+05:30
2026-02-01,West,damaged_item,2,2,517,cust318@example.com,damaged item issue reported,2026-02-01T23:45:00+05:30
2026-02-01,West,billing,1,1,517,cust1088@example.com,billing issue reported,2026-02-01T23:45:00+05:30
2026-02-01,West,product_query,0,4,517,cust3586@example.com,product query issue reported,2026-02-01T23:45:00+05:30
2026-02-02,North,late_delivery,3,3,569,cust3818@example.com,Order dispatched late from the North hub; no update for three days.,2026-02-02T23:45:00+05:30
2026-02-02,North,damaged_item,0,0,569,cust9892@example.com,damaged item issue reported,2026-02-02T23:45:00+05:30
2026-02-02,North,billing,2,2,569,cust8447@example.com,billing issue reported,2026-02-02T23:45:00+05:30
2026-02-02,North,product_query,0,0,569,cust6886@example.com,product query issue reported,2026-02-02T23:45:00+05:30
2026-02-02,South,late_delivery,5,5,482,cust4222@example.com,Order dispatched late from the North hub; no update for three days.,2026-02-02T23:45:00+05:30
2026-02-02,South,damaged_item,0,0,482,cust9743@example.com,damaged item issue reported,2026-02-02T23:45:00+05:30
2026-02-02,South,billing,1,1,482,cust8371@example.com,billing issue reported,2026-02-02T23:45:00+05:30
2026-02-02,South,product_query,0,3,482,cust2341@example.com,product query issue reported,2026-02-02T23:45:00+05:30
2026-02-02,East,late_delivery,2,2,331,cust4705@example.com,Order dispatched late from the North hub; no update for three days.,2026-02-02T23:45:00+05:30
2026-02-02,East,damaged_item,0,0,331,cust8956@example.com,damaged item issue reported,2026-02-02T23:45:00+05:30
2026-02-02,East,billing,0,0,331,cust5694@example.com,billing issue reported,2026-02-02T23:45:00+05:30
2026-02-03,East,product_query,0,1,331,cust7199@example.com,product query issue reported,2026-02-02T23:45:00+05:30
2026-02-02,West,late_delivery,2,2,437,cust7893@example.com,Order dispatched late from the North hub; no update for three days.,2026-02-02T23:45:00+05:30
2026-02-02,West,damaged_item,0,0,437,cust8259@example.com,damaged item issue reported,2026-02-02T23:45:00+05:30
2026-02-02,West,billing,0,0,437,cust3172@example.com,billing issue reported,2026-02-02T23:45:00+05:30
2026-02-02,West,product_query,0,3,437,cust6517@example.com,product query issue reported,2026-02-02T23:45:00+05:30
2026-02-03,North,late_delivery,4,4,569,cust8076@example.com,Order dispatched late from the North hub; no update for three days.,2026-02-03T23:45:00+05:30
2026-02-03,North,damaged_item,3,3,569,cust1674@example.com,damaged item issue reported,2026-02-03T23:45:00+05:30
2026-02-03,North,billing,0,0,569,cust7744@example.com,billing issue reported,2026-02-03T23:45:00+05:30
2026-02-03,North,product_query,0,5,569,cust2571@example.com,product query issue reported,2026-02-03T23:45:00+05:30
2026-02-03,South,late_delivery,3,3,482,cust9284@example.com,Order dispatched late from the North hub; no update for three days.,2026-02-03T23:45:00+05:30
2026-02-03,South,damaged_item,0,0,482,cust8077@example.com,damaged item issue reported,2026-02-03T23:45:00+05:30
2026-02-03,South,billing,2,2,482,cust8591@example.com,billing issue reported,2026-02-03T23:45:00+05:30
2026-02-03,South,product_query,0,2,482,cust2720@example.com,product query issue reported,2026-02-03T23:45:00+05:30
2026-02-03,East,late_delivery,2,2,332,cust6939@example.com,Order dispatched late from the North hub; no update for three days.,2026-02-03T23:45:00+05:30
2026-02-03,East,damaged_item,0,0,332,cust1603@example.com,damaged item issue reported,2026-02-03T23:45:00+05:30
2026-02-03,East,billing,0,0,332,cust3673@example.com,billing issue reported,2026-02-03T23:45:00+05:30
2026-02-03,East,product_query,0,3,332,cust2169@example.com,product query issue reported,2026-02-03T23:45:00+05:30
2026-02-03,West,late_delivery,2,2,437,cust9018@example.com,Order dispatched late from the North hub; no update for three days.,2026-02-03T23:45:00+05:30
2026-02-03,West,damaged_item,0,0,437,cust4089@example.com,damaged item issue reported,2026-02-03T23:45:00+05:30
2026-02-03,West,billing,0,0,437,cust3893@example.com,billing issue reported,2026-02-03T23:45:00+05:30
2026-02-03,West,product_query,0,2,437,cust1328@example.com,product query issue reported,2026-02-03T23:45:00+05:30
2026-02-04,North,late_delivery,4,4,569,cust1026@example.com,Order dispatched late from the North hub; no update for three days.,2026-02-04T23:45:00+05:30
2026-02-04,North,damaged_item,0,0,569,cust5052@example.com,damaged item issue reported,2026-02-04T23:45:00+05:30
2026-02-04,North,billing,2,2,569,cust7498@example.com,billing issue reported,2026-02-04T23:45:00+05:30
2026-02-04,North,product_query,0,4,569,cust9921@example.com,product query issue reported,2026-02-04T23:45:00+05:30
2026-02-04,South,late_delivery,3,3,482,cust6540@example.com,Order dispatched late from the North hub; no update for three days.,2026-02-04T23:45:00+05:30
2026-02-04,South,damaged_item,2,2,482,cust3767@example.com,damaged item issue reported,2026-02-04T23:45:00+05:30
2026-02-04,South,billing,0,0,482,cust4754@example.com,billing issue reported,2026-02-04T23:45:00+05:30
2026-02-04,South,product_query,0,3,482,cust4190@example.com,product query issue reported,2026-02-04T23:45:00+05:30
2026-02-04,East,late_delivery,0,0,332,cust853@example.com,Order dispatched late from the North hub; no update for three days.,2026-02-04T23:45:00+05:30
2026-02-04,East,damaged_item,1,1,332,cust143@example.com,damaged item issue reported,2026-02-04T23:45:00+05:30
2026-02-04,East,billing,0,0,332,cust7784@example.com,billing issue reported,2026-02-04T23:45:00+05:30
2026-02-04,East,product_query,0,4,332,cust8480@example.com,product query issue reported,2026-02-04T23:45:00+05:30
2026-02-04,West,late_delivery,4,4,437,cust1443@example.com,Order dispatched late from the North hub; no update for three days.,2026-02-04T23:45:00+05:30
2026-02-04,West,damaged_item,0,0,437,cust7183@example.com,damaged item issue reported,2026-02-04T23:45:00+05:30
2026-02-04,West,billing,0,0,437,cust6329@example.com,billing issue reported,2026-02-04T23:45:00+05:30
2026-02-04,West,product_query,0,1,437,cust799@example.com,product query issue reported,2026-02-04T23:45:00+05:30
2026-02-05,North,late_delivery,5,5,570,cust2043@example.com,Order dispatched late from the North hub; no update for three days.,2026-02-05T23:45:00+05:30
2026-02-05,North,damaged_item,1,1,570,cust7481@example.com,damaged item issue reported,2026-02-05T23:45:00+05:30
2026-02-05,North,billing,6,6,570,cust5439@example.com,billing issue reported,2026-02-05T23:45:00+05:30
2026-02-05,North,product_query,0,0,570,cust9549@example.com,product query issue reported,2026-02-05T23:45:00+05:30
2026-02-05,South,late_delivery,5,5,483,cust8144@example.com,Order dispatched late from the North hub; no update for three days.,2026-02-05T23:45:00+05:30
2026-02-05,South,damaged_item,1,1,483,cust5106@example.com,damaged item issue reported,2026-02-05T23:45:00+05:30
2026-02-05,South,billing,0,0,483,cust4571@example.com,billing issue reported,2026-02-05T23:45:00+05:30
2026-02-05,South,product_query,0,1,483,cust5959@example.com,product query issue reported,2026-02-05T23:45:00+05:30
2026-02-05,East,late_delivery,2,2,332,cust9919@example.com,Order dispatched late from the North hub; no update for three days.,2026-02-05T23:45:00+05:30
2026-02-05,East,damaged_item,1,1,332,cust5928@example.com,damaged item issue reported,2026-02-05T23:45:00+05:30
2026-02-05,East,billing,0,0,332,cust9307@example.com,billing issue reported,2026-02-05T23:45:00+05:30
2026-02-05,East,product_query,0,1,332,cust5793@example.com,product query issue reported,2026-02-05T23:45:00+05:30
2026-02-05,West,late_delivery,4,4,438,cust5432@example.com,Order dispatched late from the North hub; no update for three days.,2026-02-05T23:45:00+05:30
2026-02-05,West,damaged_item,1,1,438,cust2054@example.com,damaged item issue reported,2026-02-05T23:45:00+05:30
2026-02-05,West,billing,1,1,438,cust7165@example.com,billing issue reported,2026-02-05T23:45:00+05:30
2026-02-05,West,product_query,0,1,438,cust952@example.com,product query issue reported,2026-02-05T23:45:00+05:30
2026-02-06,North,late_delivery,2,2,570,cust8916@example.com,Order dispatched late from the North hub; no update for three days.,2026-02-06T23:45:00+05:30
2026-02-06,North,damaged_item,1,1,570,cust1079@example.com,damaged item issue reported,2026-02-06T23:45:00+05:30
2026-02-06,North,billing,3,3,570,cust9298@example.com,billing issue reported,2026-02-06T23:45:00+05:30
2026-02-06,North,product_query,0,4,570,cust4184@example.com,product query issue reported,2026-02-06T23:45:00+05:30
2026-02-06,South,late_delivery,2,2,483,cust5098@example.com,Order dispatched late from the North hub; no update for three days.,2026-02-06T23:45:00+05:30
2026-02-06,South,damaged_item,1,1,483,cust3777@example.com,damaged item issue reported,2026-02-06T23:45:00+05:30
2026-02-06,South,billing,2,2,483,cust6627@example.com,billing issue reported,2026-02-06T23:45:00+05:30
2026-02-06,South,product_query,0,1,483,cust8336@example.com,product query issue reported,2026-02-06T23:45:00+05:30
2026-02-06,East,late_delivery,1,1,332,cust4496@example.com,Order dispatched late from the North hub; no update for three days.,2026-02-06T23:45:00+05:30
2026-02-06,East,damaged_item,1,1,332,cust250@example.com,damaged item issue reported,2026-02-06T23:45:00+05:30
2026-02-06,East,billing,3,3,332,cust9776@example.com,billing issue reported,2026-02-06T23:45:00+05:30
2026-02-06,East,product_query,0,1,332,cust3091@example.com,product query issue reported,2026-02-06T23:45:00+05:30
2026-02-06,West,late_delivery,3,3,438,cust5511@example.com,Order dispatched late from the North hub; no update for three days.,2026-02-06T23:45:00+05:30
2026-02-06,West,damaged_item,1,1,438,cust3632@example.com,damaged item issue reported,2026-02-06T23:45:00+05:30
2026-02-06,West,billing,2,2,438,cust1048@example.com,billing issue reported,2026-02-06T23:45:00+05:30
2026-02-06,West,product_query,0,3,438,cust4957@example.com,product query issue reported,2026-02-06T23:45:00+05:30
2026-02-07,North,late_delivery,4,4,676,cust9013@example.com,Order dispatched late from the North hub; no update for three days.,2026-02-07T23:45:00+05:30
2026-02-07,North,damaged_item,3,3,676,cust5094@example.com,damaged item issue reported,2026-02-07T23:45:00+05:30
2026-02-07,North,billing,4,4,676,cust6679@example.com,billing issue reported,2026-02-07T23:45:00+05:30
2026-02-07,North,product_query,0,0,676,cust1913@example.com,product query issue reported,2026-02-07T23:45:00+05:30
2026-02-07,South,late_delivery,6,6,572,cust245@example.com,Order dispatched late from the North hub; no update for three days.,2026-02-07T23:45:00+05:30
2026-02-07,South,damaged_item,0,0,572,cust7320@example.com,damaged item issue reported,2026-02-07T23:45:00+05:30
2026-02-07,South,billing,2,2,572,cust7494@example.com,billing issue reported,2026-02-07T23:45:00+05:30
2026-02-07,South,product_query,0,5,572,cust6515@example.com,product query issue reported,2026-02-07T23:45:00+05:30
2026-02-07,East,late_delivery,3,3,394,cust4490@example.com,Order dispatched late from the North hub; no update for three days.,2026-02-07T23:45:00+05:30
2026-02-07,East,damaged_item,2,2,394,cust3261@example.com,damaged item issue reported,2026-02-07T23:45:00+05:30
2026-02-07,East,billing,3,3,394,cust9734@example.com,billing issue reported,2026-02-07T23:45:00+05:30
2026-02-07,East,product_query,0,2,394,cust181@example.com,product query issue reported,2026-02-07T23:45:00+05:30
2026-02-07,West,late_delivery,4,4,519,cust9419@example.com,Order dispatched late from the North hub; no update for three days.,2026-02-07T23:45:00+05:30
2026-02-07,West,damaged_item,1,1,519,cust6839@example.com,damaged item issue reported,2026-02-07T23:45:00+05:30
2026-02-07,West,billing,0,0,519,cust2726@example.com,billing issue reported,2026-02-07T23:45:00+05:30
2026-02-07,West,product_query,0,4,519,cust2410@example.com,product query issue reported,2026-02-07T23:45:00+05:30
2026-02-08,North,late_delivery,4,4,676,cust7865@example.com,Order dispatched late from the North hub; no update for three days.,2026-02-08T23:45:00+05:30
2026-02-08,North,damaged_item,3,3,676,cust7171@example.com,damaged item issue reported,2026-02-08T23:45:00+05:30
2026-02-08,North,billing,1,1,676,cust3543@example.com,billing issue reported,2026-02-08T23:45:00+05:30
2026-02-08,North,product_query,0,4,676,cust5433@example.com,product query issue reported,2026-02-08T23:45:00+05:30
2026-02-08,South,late_delivery,2,2,573,cust8820@example.com,Order dispatched late from the North hub; no update for three days.,2026-02-08T23:45:00+05:30
2026-02-08,South,damaged_item,1,1,573,cust4816@example.com,damaged item issue reported,2026-02-08T23:45:00+05:30
2026-02-08,South,billing,4,4,573,cust2860@example.com,billing issue reported,2026-02-08T23:45:00+05:30
2026-02-08,South,product_query,0,3,573,cust9928@example.com,product query issue reported,2026-02-08T23:45:00+05:30
2026-02-08,East,late_delivery,4,4,394,cust9027@example.com,Order dispatched late from the North hub; no update for three days.,2026-02-08T23:45:00+05:30
2026-02-08,East,damaged_item,0,0,394,cust4320@example.com,damaged item issue reported,2026-02-08T23:45:00+05:30
2026-02-08,East,billing,1,1,394,cust1194@example.com,billing issue reported,2026-02-08T23:45:00+05:30
2026-02-08,East,product_query,0,1,394,cust9445@example.com,product query issue reported,2026-02-08T23:45:00+05:30
2026-02-08,West,late_delivery,3,3,520,cust2476@example.com,Order dispatched late from the North hub; no update for three days.,2026-02-08T23:45:00+05:30
2026-02-08,West,damaged_item,0,0,520,cust7673@example.com,damaged item issue reported,2026-02-08T23:45:00+05:30
2026-02-08,West,billing,3,3,520,cust196@example.com,billing issue reported,2026-02-08T23:45:00+05:30
2026-02-08,West,product_query,0,3,520,cust2722@example.com,product query issue reported,2026-02-08T23:45:00+05:30
2026-02-09,North,late_delivery,3,3,572,cust5179@example.com,Order dispatched late from the North hub; no update for three days.,2026-02-09T23:45:00+05:30
2026-02-09,North,damaged_item,3,3,572,cust1586@example.com,damaged item issue reported,2026-02-09T23:45:00+05:30
2026-02-09,North,billing,1,1,572,cust6864@example.com,billing issue reported,2026-02-09T23:45:00+05:30
2026-02-09,North,product_query,0,3,572,cust7158@example.com,product query issue reported,2026-02-09T23:45:00+05:30
2026-02-09,South,late_delivery,3,3,484,cust5607@example.com,Order dispatched late from the North hub; no update for three days.,2026-02-09T23:45:00+05:30
2026-02-09,South,damaged_item,2,2,484,cust7281@example.com,damaged item issue reported,2026-02-09T23:45:00+05:30
2026-02-09,South,billing,1,1,484,cust1228@example.com,billing issue reported,2026-02-09T23:45:00+05:30
2026-02-09,South,product_query,0,1,484,cust9484@example.com,product query issue reported,2026-02-09T23:45:00+05:30
2026-02-09,East,late_delivery,4,4,333,cust1576@example.com,Order dispatched late from the North hub; no update for three days.,2026-02-09T23:45:00+05:30
2026-02-09,East,damaged_item,0,0,333,cust7792@example.com,damaged item issue reported,2026-02-09T23:45:00+05:30
2026-02-09,East,billing,1,1,333,cust5283@example.com,billing issue reported,2026-02-09T23:45:00+05:30
2026-02-09,East,product_query,0,3,333,cust4775@example.com,product query issue reported,2026-02-09T23:45:00+05:30
2026-02-09,West,late_delivery,2,2,439,cust3046@example.com,Order dispatched late from the North hub; no update for three days.,2026-02-09T23:45:00+05:30
2026-02-09,West,damaged_item,2,2,439,cust7557@example.com,damaged item issue reported,2026-02-09T23:45:00+05:30
2026-02-09,West,billing,0,0,439,cust3889@example.com,billing issue reported,2026-02-09T23:45:00+05:30
2026-02-09,West,product_query,0,4,439,cust4301@example.com,product query issue reported,2026-02-09T23:45:00+05:30
2026-02-10,North,late_delivery,3,3,572,cust683@example.com,Order dispatched late from the North hub; no update for three days.,2026-02-10T23:45:00+05:30
2026-02-10,North,damaged_item,0,0,572,cust1424@example.com,damaged item issue reported,2026-02-10T23:45:00+05:30
2026-02-10,North,billing,3,3,572,cust5285@example.com,billing issue reported,2026-02-10T23:45:00+05:30
2026-02-10,North,product_query,0,1,572,cust7581@example.com,product query issue reported,2026-02-10T23:45:00+05:30
2026-02-10,South,late_delivery,3,3,485,cust9415@example.com,Order dispatched late from the North hub; no update for three days.,2026-02-10T23:45:00+05:30
2026-02-10,South,damaged_item,0,0,485,cust6207@example.com,damaged item issue reported,2026-02-10T23:45:00+05:30
2026-02-10,South,billing,1,1,485,cust2860@example.com,billing issue reported,2026-02-10T23:45:00+05:30
2026-02-10,South,product_query,0,3,485,cust6042@example.com,product query issue reported,2026-02-10T23:45:00+05:30
2026-02-10,East,late_delivery,1,1,333,cust1885@example.com,Order dispatched late from the North hub; no update for three days.,2026-02-10T23:45:00+05:30
2026-02-10,East,damaged_item,0,0,333,cust465@example.com,damaged item issue reported,2026-02-10T23:45:00+05:30
2026-02-10,East,billing,0,0,333,cust9431@example.com,billing issue reported,2026-02-10T23:45:00+05:30
2026-02-10,East,product_query,0,2,333,cust5006@example.com,product query issue reported,2026-02-10T23:45:00+05:30
2026-02-10,West,late_delivery,1,1,440,cust6122@example.com,Order dispatched late from the North hub; no update for three days.,2026-02-10T23:45:00+05:30
2026-02-10,West,damaged_item,1,1,440,cust2795@example.com,damaged item issue reported,2026-02-10T23:45:00+05:30
2026-02-10,West,billing,0,0,440,cust5331@example.com,billing issue reported,2026-02-10T23:45:00+05:30
2026-02-10,West,product_query,0,4,440,cust5630@example.com,product query issue reported,2026-02-10T23:45:00+05:30
2026-02-11,North,late_delivery,3,3,572,cust2466@example.com,Order dispatched late from the North hub; no update for three days.,2026-02-11T23:45:00+05:30
2026-02-11,North,damaged_item,1,1,572,cust7359@example.com,damaged item issue reported,2026-02-11T23:45:00+05:30
2026-02-11,North,billing,1,1,572,cust4396@example.com,billing issue reported,2026-02-11T23:45:00+05:30
2026-02-11,North,product_query,0,5,572,cust7939@example.com,product query issue reported,2026-02-11T23:45:00+05:30
2026-02-11,South,late_delivery,5,5,485,cust1778@example.com,Order dispatched late from the North hub; no update for three days.,2026-02-11T23:45:00+05:30
2026-02-11,South,damaged_item,1,1,485,cust5114@example.com,damaged item issue reported,2026-02-11T23:45:00+05:30
2026-02-11,South,billing,2,2,485,cust6560@example.com,billing issue reported,2026-02-11T23:45:00+05:30
2026-02-11,South,product_query,0,2,485,cust3796@example.com,product query issue reported,2026-02-11T23:45:00+05:30
2026-02-11,East,late_delivery,1,1,334,cust455@example.com,Order dispatched late from the North hub; no update for three days.,2026-02-11T23:45:00+05:30
2026-02-11,East,damaged_item,1,1,334,cust6935@example.com,damaged item issue reported,2026-02-11T23:45:00+05:30
2026-02-11,East,billing,0,0,334,cust6658@example.com,billing issue reported,2026-02-11T23:45:00+05:30
2026-02-11,East,product_query,0,2,334,cust7773@example.com,product query issue reported,2026-02-11T23:45:00+05:30
2026-02-11,West,late_delivery,4,4,440,cust3234@example.com,Order dispatched late from the North hub; no update for three days.,2026-02-11T23:45:00+05:30
2026-02-11,West,damaged_item,2,2,440,cust8612@example.com,damaged item issue reported,2026-02-11T23:45:00+05:30
2026-02-11,West,billing,2,2,440,cust3874@example.com,billing issue reported,2026-02-11T23:45:00+05:30
2026-02-12,West,product_query,0,3,440,cust8287@example.com,product query issue reported,2026-02-11T23:45:00+05:30
2026-02-12,North,late_delivery,4,4,573,cust5197@example.com,Order dispatched late from the North hub; no update for three days.,2026-02-12T23:45:00+05:30
2026-02-13,North,damaged_item,1,1,573,cust1809@example.com,damaged item issue reported,2026-02-12T23:45:00+05:30
2026-02-12,North,billing,1,1,573,cust68@example.com,billing issue reported,2026-02-12T23:45:00+05:30
2026-02-12,North,product_query,0,0,573,cust2628@example.com,product query issue reported,2026-02-12T23:45:00+05:30
2026-02-12,South,late_delivery,0,0,485,cust3666@example.com,Order dispatched late from the North hub; no update for three days.,2026-02-12T23:45:00+05:30
2026-02-12,South,damaged_item,2,2,485,cust7073@example.com,damaged item issue reported,2026-02-12T23:45:00+05:30
2026-02-12,South,billing,1,1,485,cust2952@example.com,billing issue reported,2026-02-12T23:45:00+05:30
2026-02-12,South,product_query,0,0,485,cust1070@example.com,product query issue reported,2026-02-12T23:45:00+05:30
2026-02-12,East,late_delivery,2,2,334,cust76@example.com,Order dispatched late from the North hub; no update for three days.,2026-02-12T23:45:00+05:30
2026-02-12,East,damaged_item,1,1,334,cust135@example.com,damaged item issue reported,2026-02-12T23:45:00+05:30
2026-02-12,East,billing,0,0,334,cust4196@example.com,billing issue reported,2026-02-12T23:45:00+05:30
2026-02-12,East,product_query,0,2,334,cust4904@example.com,product query issue reported,2026-02-12T23:45:00+05:30
2026-02-12,West,late_delivery,4,4,440,cust4310@example.com,Order dispatched late from the North hub; no update for three days.,2026-02-12T23:45:00+05:30
2026-02-12,West,damaged_item,0,0,440,cust624@example.com,damaged item issue reported,2026-02-12T23:45:00+05:30
2026-02-12,West,billing,0,0,440,cust462@example.com,billing issue reported,2026-02-12T23:45:00+05:30
2026-02-12,West,product_query,0,3,440,cust1358@example.com,product query issue reported,2026-02-12T23:45:00+05:30
2026-02-13,North,late_delivery,5,5,573,cust4849@example.com,Order dispatched late from the North hub; no update for three days.,2026-02-13T23:45:00+05:30
2026-02-13,North,damaged_item,0,0,573,cust773@example.com,damaged item issue reported,2026-02-13T23:45:00+05:30
2026-02-13,North,billing,2,2,573,cust9192@example.com,billing issue reported,2026-02-13T23:45:00+05:30
2026-02-13,North,product_query,0,2,573,cust3476@example.com,product query issue reported,2026-02-13T23:45:00+05:30
2026-02-14,South,late_delivery,4,4,486,cust2047@example.com,Order dispatched late from the North hub; no update for three days.,2026-02-13T23:45:00+05:30
2026-02-13,South,damaged_item,1,1,486,cust6537@example.com,damaged item issue reported,2026-02-13T23:45:00+05:30
2026-02-13,South,billing,1,1,486,cust9879@example.com,billing issue reported,2026-02-13T23:45:00+05:30
2026-02-13,South,product_query,0,0,486,cust7845@example.com,product query issue reported,2026-02-13T23:45:00+05:30
2026-02-13,East,late_delivery,4,4,334,cust9838@example.com,Order dispatched late from the North hub; no update for three days.,2026-02-13T23:45:00+05:30
2026-02-13,East,damaged_item,1,1,334,cust7222@example.com,damaged item issue reported,2026-02-13T23:45:00+05:30
2026-02-13,East,billing,0,0,334,cust7533@example.com,billing issue reported,2026-02-13T23:45:00+05:30
2026-02-13,East,product_query,0,3,334,cust2549@example.com,product query issue reported,2026-02-13T23:45:00+05:30
2026-02-13,West,late_delivery,2,2,441,cust2185@example.com,Order dispatched late from the North hub; no update for three days.,2026-02-13T23:45:00+05:30
2026-02-13,West,damaged_item,0,0,441,cust8996@example.com,damaged item issue reported,2026-02-13T23:45:00+05:30
2026-02-13,West,billing,2,2,441,cust9847@example.com,billing issue reported,2026-02-13T23:45:00+05:30
2026-02-13,West,product_query,0,3,441,cust4371@example.com,product query issue reported,2026-02-13T23:45:00+05:30
2026-02-14,North,late_delivery,0,0,679,cust1139@example.com,Order dispatched late from the North hub; no update for three days.,2026-02-14T23:45:00+05:30
2026-02-14,North,damaged_item,1,1,679,cust7537@example.com,damaged item issue reported,2026-02-14T23:45:00+05:30
2026-02-15,North,billing,3,3,679,cust1108@example.com,billing issue reported,2026-02-14T23:45:00+05:30
2026-02-14,North,product_query,0,5,679,cust7715@example.com,product query issue reported,2026-02-14T23:45:00+05:30
2026-02-14,South,late_delivery,4,4,575,cust2043@example.com,Order dispatched late from the North hub; no update for three days.,2026-02-14T23:45:00+05:30
2026-02-14,South,damaged_item,2,2,575,cust2709@example.com,damaged item issue reported,2026-02-14T23:45:00+05:30
2026-02-14,South,billing,0,0,575,cust9671@example.com,billing issue reported,2026-02-14T23:45:00+05:30
2026-02-14,South,product_query,0,2,575,cust8348@example.com,product query issue reported,2026-02-14T23:45:00+05:30
2026-02-14,East,late_delivery,2,2,396,cust4994@example.com,Order dispatched late from the North hub; no update for three days.,2026-02-14T23:45:00+05:30
2026-02-14,East,damaged_item,1,1,396,cust4943@example.com,damaged item issue reported,2026-02-14T23:45:00+05:30
2026-02-14,East,billing,0,0,396,cust9668@example.com,billing issue reported,2026-02-14T23:45:00+05:30
2026-02-14,East,product_query,0,1,396,cust237@example.com,product query issue reported,2026-02-14T23:45:00+05:30
2026-02-14,West,late_delivery,2,2,522,cust8828@example.com,Order dispatched late from the North hub; no update for three days.,2026-02-14T23:45:00+05:30
2026-02-14,West,damaged_item,1,1,522,cust1350@example.com,damaged item issue reported,2026-02-14T23:45:00+05:30
2026-02-14,West,billing,0,0,522,cust2489@example.com,billing issue reported,2026-02-14T23:45:00+05:30
2026-02-14,West,product_query,0,2,522,cust7982@example.com,product query issue reported,2026-02-14T23:45:00+05:30
2026-02-15,North,late_delivery,3,3,680,cust5992@example.com,Order dispatched late from the North hub; no update for three days.,2026-02-15T23:45:00+05:30
2026-02-15,North,damaged_item,3,3,680,cust6420@example.com,damaged item issue reported,2026-02-15T23:45:00+05:30
2026-02-15,North,billing,2,2,680,cust1835@example.com,billing issue reported,2026-02-15T23:45:00+05:30
2026-02-15,North,product_query,0,1,680,cust9500@example.com,product query issue reported,2026-02-15T23:45:00+05:30
2026-02-15,South,late_delivery,3,3,576,cust5913@example.com,Order dispatched late from the North hub; no update for three days.,2026-02-15T23:45:00+05:30
2026-02-15,South,damaged_item,3,3,576,cust9587@example.com,damaged item issue reported,2026-02-15T23:45:00+05:30
2026-02-15,South,billing,1,1,576,cust7867@example.com,billing issue reported,2026-02-15T23:45:00+05:30
2026-02-15,South,product_query,0,2,576,cust4065@example.com,product query issue reported,2026-02-15T23:45:00+05:30
2026-02-15,East,late_delivery,3,3,396,cust8191@example.com,Order dispatched late from the North hub; no update for three days.,2026-02-15T23:45:00+05:30
2026-02-15,East,damaged_item,0,0,396,cust7204@example.com,damaged item issue reported,2026-02-15T23:45:00+05:30
2026-02-15,East,billing,2,2,396,cust7060@example.com,billing issue reported,2026-02-15T23:45:00+05:30
2026-02-15,East,product_query,0,2,396,cust6493@example.com,product query issue reported,2026-02-15T23:45:00+05:30
2026-02-15,West,late_delivery,4,4,522,cust7476@example.com,Order dispatched late from the North hub; no update for three days.,2026-02-15T23:45:00+05:30
2026-02-15,West,damaged_item,5,5,522,cust2748@example.com,damaged item issue reported,2026-02-15T23:45:00+05:30
2026-02-15,West,billing,3,3,522,cust9590@example.com,billing issue reported,2026-02-15T23:45:00+05:30
2026-02-15,West,product_query,0,1,522,cust4029@example.com,product query issue reported,2026-02-15T23:45:00+05:30
2026-02-16,North,late_delivery,2,2,575,cust140@example.com,Order dispatched late from the North hub; no update for three days.,2026-02-16T23:45:00+05:30
2026-02-16,North,damaged_item,3,3,575,cust9229@example.com,damaged item issue reported,2026-02-16T23:45:00+05:30
2026-02-16,North,billing,1,1,575,cust6011@example.com,billing issue reported,2026-02-16T23:45:00+05:30
2026-02-16,North,product_query,0,4,575,cust8615@example.com,product query issue reported,2026-02-16T23:45:00+05:30
2026-02-16,South,late_delivery,3,3,487,cust4296@example.com,Order dispatched late from the North hub; no update for three days.,2026-02-16T23:45:00+05:30
2026-02-16,South,damaged_item,2,2,487,cust8487@example.com,damaged item issue reported,2026-02-16T23:45:00+05:30
2026-02-16,South,billing,1,1,487,cust1734@example.com,billing issue reported,2026-02-16T23:45:00+05:30
2026-02-16,South,product_query,0,1,487,cust3789@example.com,product query issue reported,2026-02-16T23:45:00+05:30
2026-02-16,East,late_delivery,2,2,335,cust5818@example.com,Order dispatched late from the North hub; no update for three days.,2026-02-16T23:45:00+05:30
2026-02-16,East,damaged_item,0,0,335,cust4738@example.com,damaged item issue reported,2026-02-16T23:45:00+05:30
2026-02-16,East,billing,1,1,335,cust1124@example.com,billing issue reported,2026-02-16T23:45:00+05:30
2026-02-16,East,product_query,0,3,335,cust3093@example.com,product query issue reported,2026-02-16T23:45:00+05:30
2026-02-16,West,late_delivery,4,4,442,cust4135@example.com,Order dispatched late from the North hub; no update for three days.,2026-02-16T23:45:00+05:30
2026-02-16,West,damaged_item,7,7,442,cust4852@example.com,damaged item issue reported,2026-02-16T23:45:00+05:30
2026-02-16,West,billing,2,2,442,cust3364@example.com,billing issue reported,2026-02-16T23:45:00+05:30
2026-02-16,West,product_query,0,4,442,cust6692@example.com,product query issue reported,2026-02-16T23:45:00+05:30
2026-02-17,North,late_delivery,3,3,575,cust4364@example.com,Order dispatched late from the North hub; no update for three days.,2026-02-17T23:45:00+05:30
2026-02-17,North,damaged_item,2,2,575,cust5280@example.com,damaged item issue reported,2026-02-17T23:45:00+05:30
2026-02-17,North,billing,1,1,575,cust8099@example.com,billing issue reported,2026-02-17T23:45:00+05:30
2026-02-17,North,product_query,0,5,575,cust819@example.com,product query issue reported,2026-02-17T23:45:00+05:30
2026-02-17,South,late_delivery,5,5,487,cust8957@example.com,Order dispatched late from the North hub; no update for three days.,2026-02-17T23:45:00+05:30
2026-02-17,South,damaged_item,2,2,487,cust6556@example.com,damaged item issue reported,2026-02-17T23:45:00+05:30
2026-02-17,South,billing,1,1,487,cust2794@example.com,billing issue reported,2026-02-17T23:45:00+05:30
2026-02-17,South,product_query,0,1,487,cust9823@example.com,product query issue reported,2026-02-17T23:45:00+05:30
2026-02-17,East,late_delivery,1,1,335,cust3388@example.com,Order dispatched late from the North hub; no update for three days.,2026-02-17T23:45:00+05:30
2026-02-17,East,damaged_item,0,0,335,cust3771@example.com,damaged item issue reported,2026-02-17T23:45:00+05:30
2026-02-17,East,billing,1,1,335,cust2732@example.com,billing issue reported,2026-02-17T23:45:00+05:30
2026-02-17,East,product_query,0,2,335,cust8047@example.com,product query issue reported,2026-02-17T23:45:00+05:30
2026-02-17,West,late_delivery,3,3,442,cust9451@example.com,Order dispatched late from the North hub; no update for three days.,2026-02-17T23:45:00+05:30
2026-02-17,West,damaged_item,2,2,442,cust3629@example.com,damaged item issue reported,2026-02-17T23:45:00+05:30
2026-02-17,West,billing,3,3,442,cust920@example.com,billing issue reported,2026-02-17T23:45:00+05:30
2026-02-17,West,product_query,0,1,442,cust7149@example.com,product query issue reported,2026-02-17T23:45:00+05:30
2026-02-18,North,late_delivery,6,6,576,cust3598@example.com,Order dispatched late from the North hub; no update for three days.,2026-02-18T23:45:00+05:30
2026-02-18,North,damaged_item,1,1,576,cust5431@example.com,damaged item issue reported,2026-02-18T23:45:00+05:30
2026-02-18,North,billing,2,2,576,cust9503@example.com,billing issue reported,2026-02-18T23:45:00+05:30
2026-02-18,North,product_query,0,2,576,cust3388@example.com,product query issue reported,2026-02-18T23:45:00+05:30
2026-02-18,South,late_delivery,3,3,488,cust9807@example.com,Order dispatched late from the North hub; no update for three days.,2026-02-18T23:45:00+05:30
2026-02-18,South,damaged_item,0,0,488,cust7835@example.com,damaged item issue reported,2026-02-18T23:45:00+05:30
2026-02-18,South,billing,0,0,488,cust6160@example.com,billing issue reported,2026-02-18T23:45:00+05:30
2026-02-18,South,product_query,0,0,488,cust4877@example.com,product query issue reported,2026-02-18T23:45:00+05:30
2026-02-18,East,late_delivery,4,4,336,cust4918@example.com,Order dispatched late from the North hub; no update for three days.,2026-02-18T23:45:00+05:30
2026-02-18,East,damaged_item,1,1,336,cust2213@example.com,damaged item issue reported,2026-02-18T23:45:00+05:30
2026-02-18,East,billing,2,2,336,cust6864@example.com,billing issue reported,2026-02-18T23:45:00+05:30
2026-02-18,East,product_query,0,1,336,cust7213@example.com,product query issue reported,2026-02-18T23:45:00+05:30
2026-02-18,West,late_delivery,3,3,442,cust6070@example.com,Order dispatched late from the North hub; no update for three days.,2026-02-18T23:45:00+05:30
2026-02-18,West,damaged_item,1,1,442,cust6480@example.com,damaged item issue reported,2026-02-18T23:45:00+05:30
2026-02-18,West,billing,2,2,442,cust8636@example.com,billing issue reported,2026-02-18T23:45:00+05:30
2026-02-18,West,product_query,0,3,442,cust9777@example.com,product query issue reported,2026-02-18T23:45:00+05:30
2026-02-19,North,late_delivery,4,4,576,cust9407@example.com,Order dispatched late from the North hub; no update for three days.,2026-02-19T23:45:00+05:30
2026-02-19,North,damaged_item,0,0,576,cust817@example.com,damaged item issue reported,2026-02-19T23:45:00+05:30
2026-02-19,North,billing,5,5,576,cust575@example.com,billing issue reported,2026-02-19T23:45:00+05:30
2026-02-19,North,product_query,0,4,576,cust3593@example.com,product query issue reported,2026-02-19T23:45:00+05:30
2026-02-19,South,late_delivery,1,1,488,cust2588@example.com,Order dispatched late from the North hub; no update for three days.,2026-02-19T23:45:00+05:30
2026-02-19,South,damaged_item,0,0,488,cust1463@example.com,damaged item issue reported,2026-02-19T23:45:00+05:30
2026-02-19,South,billing,1,1,488,cust3823@example.com,billing issue reported,2026-02-19T23:45:00+05:30
2026-02-19,South,product_query,0,2,488,cust3193@example.com,product query issue reported,2026-02-19T23:45:00+05:30
2026-02-19,East,late_delivery,1,1,336,cust9689@example.com,Order dispatched late from the North hub; no update for three days.,2026-02-19T23:45:00+05:30
2026-02-19,East,damaged_item,1,1,336,cust5613@example.com,damaged item issue reported,2026-02-19T23:45:00+05:30
2026-02-19,East,billing,1,1,336,cust5799@example.com,billing issue reported,2026-02-19T23:45:00+05:30
2026-02-19,East,product_query,0,3,336,cust1918@example.com,product query issue reported,2026-02-19T23:45:00+05:30
2026-02-19,West,late_delivery,5,5,443,cust1184@example.com,Order dispatched late from the North hub; no update for three days.,2026-02-19T23:45:00+05:30
2026-02-19,West,damaged_item,1,1,443,cust6718@example.com,damaged item issue reported,2026-02-19T23:45:00+05:30
2026-02-19,West,billing,0,0,443,cust1715@example.com,billing issue reported,2026-02-19T23:45:00+05:30
2026-02-19,West,product_query,0,1,443,cust2637@example.com,product query issue reported,2026-02-19T23:45:00+05:30
2026-02-20,North,late_delivery,2,2,576,cust1746@example.com,Order dispatched late from the North hub; no update for three days.,2026-02-20T23:45:00+05:30
2026-02-20,North,damaged_item,0,0,576,cust8196@example.com,damaged item issue reported,2026-02-20T23:45:00+05:30
2026-02-20,North,billing,1,1,576,cust6277@example.com,billing issue reported,2026-02-20T23:45:00+05:30
2026-02-20,North,product_query,0,2,576,cust8905@example.com,product query issue reported,2026-02-20T23:45:00+05:30
2026-02-20,South,late_delivery,2,2,488,cust9376@example.com,Order dispatched late from the North hub; no update for three days.,2026-02-20T23:45:00+05:30
2026-02-20,South,damaged_item,0,0,488,cust9883@example.com,damaged item issue reported,2026-02-20T23:45:00+05:30
2026-02-20,South,billing,0,0,488,cust6069@example.com,billing issue reported,2026-02-20T23:45:00+05:30
2026-02-20,South,product_query,0,0,488,cust4514@example.com,product query issue reported,2026-02-20T23:45:00+05:30
2026-02-20,East,late_delivery,1,1,336,cust7145@example.com,Order dispatched late from the North hub; no update for three days.,2026-02-20T23:45:00+05:30
2026-02-20,East,damaged_item,0,0,336,cust8655@example.com,damaged item issue reported,2026-02-20T23:45:00+05:30
2026-02-20,East,billing,2,2,336,cust4365@example.com,billing issue reported,2026-02-20T23:45:00+05:30
2026-02-20,East,product_query,0,4,336,cust3873@example.com,product query issue reported,2026-02-20T23:45:00+05:30
2026-02-20,West,late_delivery,6,6,443,cust7480@example.com,Order dispatched late from the North hub; no update for three days.,2026-02-20T23:45:00+05:30
2026-02-20,West,damaged_item,3,3,443,cust3453@example.com,damaged item issue reported,2026-02-20T23:45:00+05:30
2026-02-20,West,billing,1,1,443,cust755@example.com,billing issue reported,2026-02-20T23:45:00+05:30
2026-02-20,West,product_query,0,0,443,cust304@example.com,product query issue reported,2026-02-20T23:45:00+05:30
2026-02-21,North,late_delivery,6,6,683,cust3688@example.com,Order dispatched late from the North hub; no update for three days.,2026-02-21T23:45:00+05:30
2026-02-21,North,damaged_item,0,0,683,cust9598@example.com,damaged item issue reported,2026-02-21T23:45:00+05:30
2026-02-21,North,billing,4,4,683,cust3734@example.com,billing issue reported,2026-02-21T23:45:00+05:30
2026-02-21,North,product_query,0,7,683,cust6241@example.com,product query issue reported,2026-02-21T23:45:00+05:30
2026-02-21,South,late_delivery,4,4,579,cust5520@example.com,Order dispatched late from the North hub; no update for three days.,2026-02-21T23:45:00+05:30
2026-02-21,South,damaged_item,2,2,579,cust6251@example.com,damaged item issue reported,2026-02-21T23:45:00+05:30
2026-02-21,South,billing,1,1,579,cust7981@example.com,billing issue reported,2026-02-21T23:45:00+05:30
2026-02-21,South,product_query,0,7,579,cust814@example.com,product query issue reported,2026-02-21T23:45:00+05:30
2026-02-21,East,late_delivery,5,5,398,cust9576@example.com,Order dispatched late from the North hub; no update for three days.,2026-02-21T23:45:00+05:30
2026-02-21,East,damaged_item,1,1,398,cust8700@example.com,damaged item issue reported,2026-02-21T23:45:00+05:30
2026-02-21,East,billing,0,0,398,cust5557@example.com,billing issue reported,2026-02-21T23:45:00+05:30
2026-02-21,East,product_query,0,2,398,cust4596@example.com,product query issue reported,2026-02-21T23:45:00+05:30
2026-02-21,West,late_delivery,5,5,525,cust2598@example.com,Order dispatched late from the North hub; no update for three days.,2026-02-21T23:45:00+05:30
2026-02-21,West,damaged_item,3,3,525,cust2026@example.com,damaged item issue reported,2026-02-21T23:45:00+05:30
2026-02-21,West,billing,2,2,525,cust3714@example.com,billing issue reported,2026-02-21T23:45:00+05:30
2026-02-21,West,product_query,0,2,525,cust99@example.com,product query issue reported,2026-02-21T23:45:00+05:30
2026-02-22,North,late_delivery,3,3,683,cust7100@example.com,Order dispatched late from the North hub; no update for three days.,2026-02-22T23:45:00+05:30
2026-02-22,North,damaged_item,3,3,683,cust607@example.com,damaged item issue reported,2026-02-22T23:45:00+05:30
2026-02-22,North,billing,0,0,683,cust4076@example.com,billing issue reported,2026-02-22T23:45:00+05:30
2026-02-22,North,product_query,0,5,683,cust9014@example.com,product query issue reported,2026-02-22T23:45:00+05:30
2026-02-22,South,late_delivery,4,4,579,cust1563@example.com,Order dispatched late from the North hub; no update for three days.,2026-02-22T23:45:00+05:30
2026-02-22,South,damaged_item,3,3,579,cust9471@example.com,damaged item issue reported,2026-02-22T23:45:00+05:30
2026-02-22,South,billing,0,0,579,cust7233@example.com,billing issue reported,2026-02-22T23:45:00+05:30
2026-02-22,South,product_query,0,4,579,cust8467@example.com,product query issue reported,2026-02-22T23:45:00+05:30
2026-02-22,East,late_delivery,6,6,398,cust2359@example.com,Order dispatched late from the North hub; no update for three days.,2026-02-22T23:45:00+05:30
2026-02-22,East,damaged_item,0,0,398,cust3627@example.com,damaged item issue reported,2026-02-22T23:45:00+05:30
2026-02-22,East,billing,1,1,398,cust2770@example.com,billing issue reported,2026-02-22T23:45:00+05:30
2026-02-22,East,product_query,0,0,398,cust7504@example.com,product query issue reported,2026-02-22T23:45:00+05:30
2026-02-22,West,late_delivery,5,5,525,cust4312@example.com,Order dispatched late from the North hub; no update for three days.,2026-02-22T23:45:00+05:30
2026-02-22,West,damaged_item,1,1,525,cust8184@example.com,damaged item issue reported,2026-02-22T23:45:00+05:30
2026-02-22,West,billing,0,0,525,cust6541@example.com,billing issue reported,2026-02-22T23:45:00+05:30
2026-02-22,West,product_query,0,2,525,cust8714@example.com,product query issue reported,2026-02-22T23:45:00+05:30
2026-02-23,North,late_delivery,4,4,578,cust5895@example.com,Order dispatched late from the North hub; no update for three days.,2026-02-23T23:45:00+05:30
2026-02-23,North,damaged_item,4,4,578,cust7508@example.com,damaged item issue reported,2026-02-23T23:45:00+05:30
2026-02-23,North,billing,2,2,578,cust610@example.com,billing issue reported,2026-02-23T23:45:00+05:30
2026-02-23,North,product_query,0,4,578,cust8347@example.com,product query issue reported,2026-02-23T23:45:00+05:30
2026-02-23,South,late_delivery,3,3,489,cust7262@example.com,Order dispatched late from the North hub; no update for three days.,2026-02-23T23:45:00+05:30
2026-02-23,South,damaged_item,4,4,489,cust5079@example.com,damaged item issue reported,2026-02-23T23:45:00+05:30
2026-02-23,South,billing,0,0,489,cust8831@example.com,billing issue reported,2026-02-23T23:45:00+05:30
2026-02-23,South,product_query,0,3,489,cust2200@example.com,product query issue reported,2026-02-23T23:45:00+05:30
2026-02-23,East,late_delivery,2,2,337,cust5420@example.com,Order dispatched late from the North hub; no update for three days.,2026-02-23T23:45:00+05:30
2026-02-23,East,damaged_item,0,0,337,cust5177@example.com,damaged item issue reported,2026-02-23T23:45:00+05:30
2026-02-23,East,billing,0,0,337,cust8696@example.com,billing issue reported,2026-02-23T23:45:00+05:30
2026-02-23,East,product_query,0,2,337,cust817@example.com,product query issue reported,2026-02-23T23:45:00+05:30
2026-02-23,West,late_delivery,7,7,444,cust3439@example.com,Order dispatched late from the North hub; no update for three days.,2026-02-23T23:45:00+05:30
2026-02-23,West,damaged_item,2,2,444,cust6743@example.com,damaged item issue reported,2026-02-23T23:45:00+05:30
2026-02-23,West,billing,2,2,444,cust6948@example.com,billing issue reported,2026-02-23T23:45:00+05:30
2026-02-23,West,product_query,0,2,444,cust3890@example.com,product query issue reported,2026-02-23T23:45:00+05:30
2026-02-24,North,late_delivery,4,4,578,cust5740@example.com,Order dispatched late from the North hub; no update for three days.,2026-02-24T23:45:00+05:30
2026-02-24,North,damaged_item,5,5,578,cust7632@example.com,damaged item issue reported,2026-02-24T23:45:00+05:30
2026-02-24,North,billing,1,1,578,cust7395@example.com,billing issue reported,2026-02-24T23:45:00+05:30
2026-02-24,North,product_query,0,2,578,cust999@example.com,product query issue reported,2026-02-24T23:45:00+05:30
2026-02-24,South,late_delivery,3,3,490,cust9474@example.com,Order dispatched late from the North hub; no update for three days.,2026-02-24T23:45:00+05:30
2026-02-24,South,damaged_item,0,0,490,cust9387@example.com,damaged item issue reported,2026-02-24T23:45:00+05:30
2026-02-24,South,billing,3,3,490,cust8874@example.com,billing issue reported,2026-02-24T23:45:00+05:30
2026-02-24,South,product_query,0,1,490,cust2161@example.com,product query issue reported,2026-02-24T23:45:00+05:30
2026-02-24,East,late_delivery,1,1,337,cust393@example.com,Order dispatched late from the North hub; no update for three days.,2026-02-24T23:45:00+05:30
2026-02-24,East,damaged_item,1,1,337,cust6875@example.com,damaged item issue reported,2026-02-24T23:45:00+05:30
2026-02-24,East,billing,0,0,337,cust279@example.com,billing issue reported,2026-02-24T23:45:00+05:30
2026-02-24,East,product_query,0,1,337,cust5547@example.com,product query issue reported,2026-02-24T23:45:00+05:30
2026-02-24,West,late_delivery,2,2,444,cust7127@example.com,Order dispatched late from the North hub; no update for three days.,2026-02-24T23:45:00+05:30
2026-02-24,West,damaged_item,2,2,444,cust1794@example.com,damaged item issue reported,2026-02-24T23:45:00+05:30
2026-02-24,West,billing,0,0,444,cust5684@example.com,billing issue reported,2026-02-24T23:45:00+05:30
2026-02-24,West,product_query,0,1,444,cust4009@example.com,product query issue reported,2026-02-24T23:45:00+05:30
2026-02-25,North,late_delivery,5,5,579,cust7859@example.com,Order dispatched late from the North hub; no update for three days.,2026-02-25T23:45:00+05:30
2026-02-25,North,damaged_item,0,0,579,cust2502@example.com,damaged item issue reported,2026-02-25T23:45:00+05:30
2026-02-25,North,billing,0,0,579,cust407@example.com,billing issue reported,2026-02-25T23:45:00+05:30
2026-02-25,North,product_query,0,4,579,cust1371@example.com,product query issue reported,2026-02-25T23:45:00+05:30
2026-02-25,South,late_delivery,3,3,490,cust5653@example.com,Order dispatched late from the North hub; no update for three days.,2026-02-25T23:45:00+05:30
2026-02-25,South,damaged_item,2,2,490,cust7547@example.com,damaged item issue reported,2026-02-25T23:45:00+05:30
2026-02-25,South,billing,3,3,490,cust1518@example.com,billing issue reported,2026-02-25T23:45:00+05:30
2026-02-25,South,product_query,0,1,490,cust4904@example.com,product query issue reported,2026-02-25T23:45:00+05:30
2026-02-25,East,late_delivery,3,3,337,cust2418@example.com,Order dispatched late from the North hub; no update for three days.,2026-02-25T23:45:00+05:30
2026-02-25,East,damaged_item,1,1,337,cust9659@example.com,damaged item issue reported,2026-02-25T23:45:00+05:30
2026-02-25,East,billing,0,0,337,cust717@example.com,billing issue reported,2026-02-25T23:45:00+05:30
2026-02-25,East,product_query,0,3,337,cust202@example.com,product query issue reported,2026-02-25T23:45:00+05:30
2026-02-25,West,late_delivery,1,1,445,cust1822@example.com,Order dispatched late from the North hub; no update for three days.,2026-02-25T23:45:00+05:30
2026-02-25,West,damaged_item,3,3,445,cust5491@example.com,damaged item issue reported,2026-02-25T23:45:00+05:30
2026-02-25,West,billing,2,2,445,cust3071@example.com,billing issue reported,2026-02-25T23:45:00+05:30
2026-02-25,West,product_query,0,4,445,cust9642@example.com,product query issue reported,2026-02-25T23:45:00+05:30
2026-02-26,North,late_delivery,5,5,579,cust2447@example.com,Order dispatched late from the North hub; no update for three days.,2026-02-26T23:45:00+05:30
2026-02-26,North,damaged_item,1,1,579,cust8791@example.com,damaged item issue reported,2026-02-26T23:45:00+05:30
2026-02-26,North,billing,1,1,579,cust447@example.com,billing issue reported,2026-02-26T23:45:00+05:30
2026-02-26,North,product_query,0,3,579,cust6712@example.com,product query issue reported,2026-02-26T23:45:00+05:30
2026-02-26,South,late_delivery,3,3,490,cust4608@example.com,Order dispatched late from the North hub; no update for three days.,2026-02-26T23:45:00+05:30
2026-02-26,South,damaged_item,1,1,490,cust5818@example.com,damaged item issue reported,2026-02-26T23:45:00+05:30
2026-02-26,South,billing,2,2,490,cust5656@example.com,billing issue reported,2026-02-26T23:45:00+05:30
2026-02-26,South,product_query,0,6,490,cust3452@example.com,product query issue reported,2026-02-26T23:45:00+05:30
2026-02-26,East,late_delivery,1,1,338,cust6602@example.com,Order dispatched late from the North hub; no update for three days.,2026-02-26T23:45:00+05:30
2026-02-26,East,damaged_item,0,0,338,cust6639@example.com,damaged item issue reported,2026-02-26T23:45:00+05:30
2026-02-26,East,billing,0,0,338,cust9404@example.com,billing issue reported,2026-02-26T23:45:00+05:30
2026-02-26,East,product_query,0,2,338,cust3290@example.com,product query issue reported,2026-02-26T23:45:00+05:30
2026-02-26,West,late_delivery,3,3,445,cust6939@example.com,Order dispatched late from the North hub; no update for three days.,2026-02-26T23:45:00+05:30
2026-02-26,West,damaged_item,1,1,445,cust640@example.com,damaged item issue reported,2026-02-26T23:45:00+05:30
2026-02-26,West,billing,1,1,445,cust137@example.com,billing issue reported,2026-02-26T23:45:00+05:30
2026-02-26,West,product_query,0,0,445,cust8613@example.com,product query issue reported,2026-02-26T23:45:00+05:30
2026-02-27,North,late_delivery,5,5,579,cust5537@example.com,Order dispatched late from the North hub; no update for three days.,2026-02-27T23:45:00+05:30
2026-02-27,North,damaged_item,3,3,579,cust4203@example.com,damaged item issue reported,2026-02-27T23:45:00+05:30
2026-02-27,North,billing,4,4,579,cust3264@example.com,billing issue reported,2026-02-27T23:45:00+05:30
2026-02-27,North,product_query,0,5,579,cust4783@example.com,product query issue reported,2026-02-27T23:45:00+05:30
2026-02-27,South,late_delivery,1,1,491,cust7440@example.com,Order dispatched late from the North hub; no update for three days.,2026-02-27T23:45:00+05:30
2026-02-27,South,damaged_item,1,1,491,cust5513@example.com,damaged item issue reported,2026-02-27T23:45:00+05:30
2026-02-27,South,billing,2,2,491,cust6749@example.com,billing issue reported,2026-02-27T23:45:00+05:30
2026-02-28,South,product_query,0,2,491,cust2149@example.com,product query issue reported,2026-02-27T23:45:00+05:30
2026-02-27,East,late_delivery,0,0,338,cust803@example.com,Order dispatched late from the North hub; no update for three days.,2026-02-27T23:45:00+05:30
2026-02-27,East,damaged_item,1,1,338,cust4663@example.com,damaged item issue reported,2026-02-27T23:45:00+05:30
2026-02-27,East,billing,2,2,338,cust2469@example.com,billing issue reported,2026-02-27T23:45:00+05:30
2026-02-27,East,product_query,0,1,338,cust9857@example.com,product query issue reported,2026-02-27T23:45:00+05:30
2026-02-27,West,late_delivery,2,2,445,cust1598@example.com,Order dispatched late from the North hub; no update for three days.,2026-02-27T23:45:00+05:30
2026-02-27,West,damaged_item,1,1,445,cust651@example.com,damaged item issue reported,2026-02-27T23:45:00+05:30
2026-02-27,West,billing,1,1,445,cust3727@example.com,billing issue reported,2026-02-27T23:45:00+05:30
2026-02-27,West,product_query,0,2,445,cust6302@example.com,product query issue reported,2026-02-27T23:45:00+05:30
2026-02-28,North,late_delivery,2,2,686,cust8060@example.com,Order dispatched late from the North hub; no update for three days.,2026-02-28T23:45:00+05:30
2026-02-28,North,damaged_item,1,1,686,cust1555@example.com,damaged item issue reported,2026-02-28T23:45:00+05:30
2026-02-28,North,billing,2,2,686,cust221@example.com,billing issue reported,2026-02-28T23:45:00+05:30
2026-02-28,North,product_query,0,4,686,cust3039@example.com,product query issue reported,2026-02-28T23:45:00+05:30
2026-02-28,South,late_delivery,1,1,582,cust5374@example.com,Order dispatched late from the North hub; no update for three days.,2026-02-28T23:45:00+05:30
2026-02-28,South,damaged_item,3,3,582,cust3827@example.com,damaged item issue reported,2026-02-28T23:45:00+05:30
2026-02-28,South,billing,3,3,582,cust1798@example.com,billing issue reported,2026-02-28T23:45:00+05:30
2026-02-28,South,product_query,0,2,582,cust5024@example.com,product query issue reported,2026-02-28T23:45:00+05:30
2026-02-28,East,late_delivery,4,4,400,cust3812@example.com,Order dispatched late from the North hub; no update for three days.,2026-02-28T23:45:00+05:30
2026-02-28,East,damaged_item,2,2,400,cust3652@example.com,damaged item issue reported,2026-02-28T23:45:00+05:30
2026-02-28,East,billing,2,2,400,cust3269@example.com,billing issue reported,2026-02-28T23:45:00+05:30
2026-02-28,East,product_query,0,1,400,cust7449@example.com,product query issue reported,2026-02-28T23:45:00+05:30
2026-02-28,West,late_delivery,2,2,527,cust4452@example.com,Order dispatched late from the North hub; no update for three days.,2026-02-28T23:45:00+05:30
2026-02-28,West,damaged_item,2,2,527,cust3927@example.com,damaged item issue reported,2026-02-28T23:45:00+05:30
2026-02-28,West,billing,1,1,527,cust9674@example.com,billing issue reported,2026-02-28T23:45:00+05:30
2026-02-28,West,product_query,0,1,527,cust1818@example.com,product query issue reported,2026-02-28T23:45:00+05:30
2026-03-01,North,late_delivery,4,4,687,cust6089@example.com,Order dispatched late from the North hub; no update for three days.,2026-03-01T23:45:00+05:30
2026-03-01,North,damaged_item,1,1,687,cust1815@example.com,damaged item issue reported,2026-03-01T23:45:00+05:30
2026-03-01,North,billing,1,1,687,cust8241@example.com,billing issue reported,2026-03-01T23:45:00+05:30
2026-03-01,North,product_query,0,4,687,cust5129@example.com,product query issue reported,2026-03-01T23:45:00+05:30
2026-03-01,South,late_delivery,6,6,582,cust5844@example.com,Order dispatched late from the North hub; no update for three days.,2026-03-01T23:45:00+05:30
2026-03-01,South,damaged_item,2,2,582,cust3826@example.com,damaged item issue reported,2026-03-01T23:45:00+05:30
2026-03-01,South,billing,2,2,582,cust6020@example.com,billing issue reported,2026-03-01T23:45:00+05:30
2026-03-01,South,product_query,0,2,582,cust9717@example.com,product query issue reported,2026-03-01T23:45:00+05:30
2026-03-01,East,late_delivery,2,2,401,cust2850@example.com,Order dispatched late from the North hub; no update for three days.,2026-03-01T23:45:00+05:30
2026-03-01,East,damaged_item,0,0,401,cust5994@example.com,damaged item issue reported,2026-03-01T23:45:00+05:30
2026-03-01,East,billing,0,0,401,cust6323@example.com,billing issue reported,2026-03-01T23:45:00+05:30
2026-03-01,East,product_query,0,1,401,cust73@example.com,product query issue reported,2026-03-01T23:45:00+05:30
2026-03-01,West,late_delivery,5,5,528,cust2998@example.com,Order dispatched late from the North hub; no update for three days.,2026-03-01T23:45:00+05:30
2026-03-01,West,damaged_item,1,1,528,cust4038@example.com,damaged item issue reported,2026-03-01T23:45:00+05:30
2026-03-01,West,billing,0,0,528,cust6493@example.com,billing issue reported,2026-03-01T23:45:00+05:30
2026-03-01,West,product_query,0,3,528,cust2023@example.com,product query issue reported,2026-03-01T23:45:00+05:30
2026-03-02,North,late_delivery,6,6,581,cust4153@example.com,Order dispatched late from the North hub; no update for three days.,2026-03-02T23:45:00+05:30
2026-03-02,North,damaged_item,5,5,581,cust1114@example.com,damaged item issue reported,2026-03-02T23:45:00+05:30
2026-03-02,North,billing,4,4,581,cust3311@example.com,billing issue reported,2026-03-02T23:45:00+05:30
2026-03-02,North,product_query,0,4,581,cust8511@example.com,product query issue reported,2026-03-02T23:45:00+05:30
2026-03-02,South,late_delivery,1,1,492,cust7313@example.com,Order dispatched late from the North hub; no update for three days.,2026-03-02T23:45:00+05:30
2026-03-02,South,damaged_item,2,2,492,cust290@example.com,damaged item issue reported,2026-03-02T23:45:00+05:30
2026-03-02,South,billing,0,0,492,cust2285@example.com,billing issue reported,2026-03-02T23:45:00+05:30
2026-03-02,South,product_query,0,4,492,cust8553@example.com,product query issue reported,2026-03-02T23:45:00+05:30
2026-03-02,East,late_delivery,3,3,339,cust6624@example.com,Order dispatched late from the North hub; no update for three days.,2026-03-02T23:45:00+05:30
2026-03-02,East,damaged_item,0,0,339,cust5335@example.com,damaged item issue reported,2026-03-02T23:45:00+05:30
2026-03-02,East,billing,0,0,339,cust7270@example.com,billing issue reported,2026-03-02T23:45:00+05:30
2026-03-02,East,product_query,0,4,339,cust2420@example.com,product query issue reported,2026-03-02T23:45:00+05:30
2026-03-02,West,late_delivery,1,1,446,cust2952@example.com,Order dispatched late from the North hub; no update for three days.,2026-03-02T23:45:00+05:30
2026-03-02,West,damaged_item,3,3,446,cust6287@example.com,damaged item issue reported,2026-03-02T23:45:00+05:30
2026-03-02,West,billing,3,3,446,cust6089@example.com,billing issue reported,2026-03-02T23:45:00+05:30
2026-03-02,West,product_query,0,1,446,cust1365@example.com,product query issue reported,2026-03-02T23:45:00+05:30
2026-03-03,North,late_delivery,5,5,581,cust2346@example.com,Order dispatched late from the North hub; no update for three days.,2026-03-03T23:45:00+05:30
2026-03-03,North,damaged_item,0,0,581,cust5702@example.com,damaged item issue reported,2026-03-03T23:45:00+05:30
2026-03-03,North,billing,1,1,581,cust8@example.com,billing issue reported,2026-03-03T23:45:00+05:30
2026-03-03,North,product_query,0,5,581,cust1327@example.com,product query issue reported,2026-03-03T23:45:00+05:30
2026-03-03,South,late_delivery,4,4,492,cust4066@example.com,Order dispatched late from the North hub; no update for three days.,2026-03-03T23:45:00+05:30
2026-03-03,South,damaged_item,0,0,492,cust8526@example.com,damaged item issue reported,2026-03-03T23:45:00+05:30
2026-03-03,South,billing,1,1,492,cust849@example.com,billing issue reported,2026-03-03T23:45:00+05:30
2026-03-03,South,product_query,0,0,492,cust9251@example.com,product query issue reported,2026-03-03T23:45:00+05:30
2026-03-03,East,late_delivery,0,0,339,cust5940@example.com,Order dispatched late from the North hub; no update for three days.,2026-03-03T23:45:00+05:30
2026-03-03,East,damaged_item,3,3,339,cust7789@example.com,damaged item issue reported,2026-03-03T23:45:00+05:30
2026-03-03,East,billing,1,1,339,cust811@example.com,billing issue reported,2026-03-03T23:45:00+05:30
2026-03-03,East,product_query,0,2,339,cust3017@example.com,product query issue reported,2026-03-03T23:45:00+05:30
2026-03-03,West,late_delivery,2,2,446,cust6391@example.com,Order dispatched late from the North hub; no update for three days.,2026-03-03T23:45:00+05:30
2026-03-03,West,damaged_item,3,3,446,cust7606@example.com,damaged item issue reported,2026-03-03T23:45:00+05:30
2026-03-03,West,billing,0,0,446,cust4849@example.com,billing issue reported,2026-03-03T23:45:00+05:30
2026-03-03,West,product_query,0,2,446,cust597@example.com,product query issue reported,2026-03-03T23:45:00+05:30
2026-03-04,North,late_delivery,4,4,710,cust7080@example.com,Order dispatched late from the North hub; no update for three days.,2026-03-04T23:45:00+05:30
2026-03-04,North,damaged_item,0,0,710,cust2920@example.com,damaged item issue reported,2026-03-04T23:45:00+05:30
2026-03-04,North,billing,5,5,710,cust3502@example.com,billing issue reported,2026-03-04T23:45:00+05:30
2026-03-04,North,product_query,0,3,710,cust7265@example.com,product query issue reported,2026-03-04T23:45:00+05:30
2026-03-04,South,late_delivery,4,4,601,cust3284@example.com,Order dispatched late from the North hub; no update for three days.,2026-03-04T23:45:00+05:30
2026-03-04,South,damaged_item,3,3,601,cust1948@example.com,damaged item issue reported,2026-03-04T23:45:00+05:30
2026-03-04,South,billing,0,0,601,cust1708@example.com,billing issue reported,2026-03-04T23:45:00+05:30
2026-03-04,South,product_query,0,5,601,cust8006@example.com,product query issue reported,2026-03-04T23:45:00+05:30
2026-03-04,East,late_delivery,5,5,414,cust9688@example.com,Order dispatched late from the North hub; no update for three days.,2026-03-04T23:45:00+05:30
2026-03-04,East,damaged_item,1,1,414,cust6030@example.com,damaged item issue reported,2026-03-04T23:45:00+05:30
2026-03-04,East,billing,0,0,414,cust8232@example.com,billing issue reported,2026-03-04T23:45:00+05:30
2026-03-04,East,product_query,0,3,414,cust3342@example.com,product query issue reported,2026-03-04T23:45:00+05:30
2026-03-04,West,late_delivery,4,4,545,cust1215@example.com,Order dispatched late from the North hub; no update for three days.,2026-03-04T23:45:00+05:30
2026-03-04,West,damaged_item,3,3,545,cust7495@example.com,damaged item issue reported,2026-03-04T23:45:00+05:30
2026-03-04,West,billing,2,2,545,cust3346@example.com,billing issue reported,2026-03-04T23:45:00+05:30
2026-03-04,West,product_query,0,3,545,cust2658@example.com,product query issue reported,2026-03-04T23:45:00+05:30
2026-03-05,North,late_delivery,4,4,582,cust6392@example.com,Order dispatched late from the North hub; no update for three days.,2026-03-05T23:45:00+05:30
2026-03-05,North,damaged_item,2,2,582,cust2019@example.com,damaged item issue reported,2026-03-05T23:45:00+05:30
2026-03-05,North,billing,0,0,582,cust2795@example.com,billing issue reported,2026-03-05T23:45:00+05:30
2026-03-05,North,product_query,0,4,582,cust7873@example.com,product query issue reported,2026-03-05T23:45:00+05:30
2026-03-05,South,late_delivery,8,8,493,cust6794@example.com,Order dispatched late from the North hub; no update for three days.,2026-03-05T23:45:00+05:30
2026-03-05,South,damaged_item,2,2,493,cust3442@example.com,damaged item issue reported,2026-03-05T23:45:00+05:30
2026-03-05,South,billing,1,1,493,cust5493@example.com,billing issue reported,2026-03-05T23:45:00+05:30
2026-03-06,South,product_query,0,0,493,cust3545@example.com,product query issue reported,2026-03-05T23:45:00+05:30
2026-03-05,East,late_delivery,2,2,339,cust7666@example.com,Order dispatched late from the North hub; no update for three days.,2026-03-05T23:45:00+05:30
2026-03-05,East,damaged_item,0,0,339,cust4857@example.com,damaged item issue reported,2026-03-05T23:45:00+05:30
2026-03-05,East,billing,1,1,339,cust4276@example.com,billing issue reported,2026-03-05T23:45:00+05:30
2026-03-05,East,product_query,0,0,339,cust9952@example.com,product query issue reported,2026-03-05T23:45:00+05:30
2026-03-05,West,late_delivery,3,3,447,cust7102@example.com,Order dispatched late from the North hub; no update for three days.,2026-03-05T23:45:00+05:30
2026-03-05,West,damaged_item,1,1,447,cust277@example.com,damaged item issue reported,2026-03-05T23:45:00+05:30
2026-03-05,West,billing,3,3,447,cust522@example.com,billing issue reported,2026-03-05T23:45:00+05:30
2026-03-05,West,product_query,0,2,447,cust1048@example.com,product query issue reported,2026-03-05T23:45:00+05:30
2026-03-06,North,late_delivery,3,3,582,cust843@example.com,Order dispatched late from the North hub; no update for three days.,2026-03-06T23:45:00+05:30
2026-03-06,North,damaged_item,3,3,582,cust1593@example.com,damaged item issue reported,2026-03-06T23:45:00+05:30
2026-03-07,North,billing,2,2,582,cust9759@example.com,billing issue reported,2026-03-06T23:45:00+05:30
2026-03-06,North,product_query,0,1,582,cust2463@example.com,product query issue reported,2026-03-06T23:45:00+05:30
2026-03-06,South,late_delivery,3,3,493,cust1284@example.com,Order dispatched late from the North hub; no update for three days.,2026-03-06T23:45:00+05:30
2026-03-06,South,damaged_item,1,1,493,cust3332@example.com,damaged item issue reported,2026-03-06T23:45:00+05:30
2026-03-06,South,billing,2,2,493,cust855@example.com,billing issue reported,2026-03-06T23:45:00+05:30
2026-03-06,South,product_query,0,3,493,cust838@example.com,product query issue reported,2026-03-06T23:45:00+05:30
2026-03-06,East,late_delivery,2,2,339,cust2733@example.com,Order dispatched late from the North hub; no update for three days.,2026-03-06T23:45:00+05:30
2026-03-06,East,damaged_item,1,1,339,cust943@example.com,damaged item issue reported,2026-03-06T23:45:00+05:30
2026-03-06,East,billing,0,0,339,cust6735@example.com,billing issue reported,2026-03-06T23:45:00+05:30
2026-03-06,East,product_query,0,2,339,cust4596@example.com,product query issue reported,2026-03-06T23:45:00+05:30
2026-03-07,West,late_delivery,3,3,447,cust4351@example.com,Order dispatched late from the North hub; no update for three days.,2026-03-06T23:45:00+05:30
2026-03-06,West,damaged_item,0,0,447,cust2275@example.com,damaged item issue reported,2026-03-06T23:45:00+05:30
2026-03-06,West,billing,0,0,447,cust444@example.com,billing issue reported,2026-03-06T23:45:00+05:30
2026-03-06,West,product_query,0,2,447,cust583@example.com,product query issue reported,2026-03-06T23:45:00+05:30
2026-03-07,North,late_delivery,7,7,690,cust7161@example.com,Order dispatched late from the North hub; no update for three days.,2026-03-07T23:45:00+05:30
2026-03-07,North,damaged_item,3,3,690,cust1593@example.com,damaged item issue reported,2026-03-07T23:45:00+05:30
2026-03-07,North,billing,2,2,690,cust498@example.com,billing issue reported,2026-03-07T23:45:00+05:30
2026-03-07,North,product_query,0,5,690,cust4780@example.com,product query issue reported,2026-03-07T23:45:00+05:30
2026-03-07,South,late_delivery,7,7,584,cust8012@example.com,Order dispatched late from the North hub; no update for three days.,2026-03-07T23:45:00+05:30
2026-03-07,South,damaged_item,1,1,584,cust7186@example.com,damaged item issue reported,2026-03-07T23:45:00+05:30
2026-03-07,South,billing,2,2,584,cust2442@example.com,billing issue reported,2026-03-07T23:45:00+05:30
2026-03-07,South,product_query,0,3,584,cust561@example.com,product query issue reported,2026-03-07T23:45:00+05:30
2026-03-07,East,late_delivery,3,3,402,cust7320@example.com,Order dispatched late from the North hub; no update for three days.,2026-03-07T23:45:00+05:30
2026-03-07,East,damaged_item,2,2,402,cust9543@example.com,damaged item issue reported,2026-03-07T23:45:00+05:30
2026-03-07,East,billing,0,0,402,cust716@example.com,billing issue reported,2026-03-07T23:45:00+05:30
2026-03-07,East,product_query,0,0,402,cust4803@example.com,product query issue reported,2026-03-07T23:45:00+05:30
2026-03-07,West,late_delivery,3,3,530,cust6073@example.com,Order dispatched late from the North hub; no update for three days.,2026-03-07T23:45:00+05:30
2026-03-07,West,damaged_item,0,0,530,cust6068@example.com,damaged item issue reported,2026-03-07T23:45:00+05:30
2026-03-07,West,billing,0,0,530,cust5289@example.com,billing issue reported,2026-03-07T23:45:00+05:30
2026-03-07,West,product_query,0,2,530,cust4495@example.com,product query issue reported,2026-03-07T23:45:00+05:30
2026-03-08,North,late_delivery,7,7,690,cust904@example.com,Order dispatched late from the North hub; no update for three days.,2026-03-08T23:45:00+05:30
2026-03-08,North,damaged_item,2,2,690,cust3238@example.com,damaged item issue reported,2026-03-08T23:45:00+05:30
2026-03-08,North,billing,1,1,690,cust3322@example.com,billing issue reported,2026-03-08T23:45:00+05:30
2026-03-08,North,product_query,0,1,690,cust2754@example.com,product query issue reported,2026-03-08T23:45:00+05:30
2026-03-08,South,late_delivery,2,2,585,cust9152@example.com,Order dispatched late from the North hub; no update for three days.,2026-03-08T23:45:00+05:30
2026-03-08,South,damaged_item,1,1,585,cust8566@example.com,damaged item issue reported,2026-03-08T23:45:00+05:30
2026-03-08,South,billing,0,0,585,cust4356@example.com,billing issue reported,2026-03-08T23:45:00+05:30
2026-03-08,South,product_query,0,3,585,cust8868@example.com,product query issue reported,2026-03-08T23:45:00+05:30
2026-03-08,East,late_delivery,2,2,402,cust6778@example.com,Order dispatched late from the North hub; no update for three days.,2026-03-08T23:45:00+05:30
2026-03-08,East,damaged_item,2,2,402,cust9705@example.com,damaged item issue reported,2026-03-08T23:45:00+05:30
2026-03-08,East,billing,2,2,402,cust2162@example.com,billing issue reported,2026-03-08T23:45:00+05:30
2026-03-08,East,product_query,0,2,402,cust1938@example.com,product query issue reported,2026-03-08T23:45:00+05:30
2026-03-08,West,late_delivery,6,6,530,cust9692@example.com,Order dispatched late from the North hub; no update for three days.,2026-03-08T23:45:00+05:30
2026-03-08,West,damaged_item,2,2,530,cust612@example.com,damaged item issue reported,2026-03-08T23:45:00+05:30
2026-03-08,West,billing,0,0,530,cust6823@example.com,billing issue reported,2026-03-08T23:45:00+05:30
2026-03-08,West,product_query,0,2,530,cust1165@example.com,product query issue reported,2026-03-08T23:45:00+05:30
2026-03-09,North,late_delivery,7,7,584,cust3873@example.com,Order dispatched late from the North hub; no update for three days.,2026-03-09T23:45:00+05:30
2026-03-10,North,damaged_item,1,1,584,cust2542@example.com,damaged item issue reported,2026-03-09T23:45:00+05:30
2026-03-09,North,billing,1,1,584,cust3879@example.com,billing issue reported,2026-03-09T23:45:00+05:30
2026-03-09,North,product_query,0,3,584,cust9920@example.com,product query issue reported,2026-03-09T23:45:00+05:30
2026-03-09,South,late_delivery,2,2,494,cust7128@example.com,Order dispatched late from the North hub; no update for three days.,2026-03-09T23:45:00+05:30
2026-03-09,South,damaged_item,5,5,494,cust3084@example.com,damaged item issue reported,2026-03-09T23:45:00+05:30
2026-03-09,South,billing,1,1,494,cust8169@example.com,billing issue reported,2026-03-09T23:45:00+05:30
2026-03-09,South,product_query,0,6,494,cust4428@example.com,product query issue reported,2026-03-09T23:45:00+05:30
2026-03-09,East,late_delivery,4,4,340,cust4098@example.com,Order dispatched late from the North hub; no update for three days.,2026-03-09T23:45:00+05:30
2026-03-09,East,damaged_item,0,0,340,cust8469@example.com,damaged item issue reported,2026-03-09T23:45:00+05:30
2026-03-09,East,billing,0,0,340,cust5169@example.com,billing issue reported,2026-03-09T23:45:00+05:30
2026-03-09,East,product_query,0,1,340,cust5177@example.com,product query issue reported,2026-03-09T23:45:00+05:30
2026-03-09,West,late_delivery,7,7,448,cust7647@example.com,Order dispatched late from the North hub; no update for three days.,2026-03-09T23:45:00+05:30
2026-03-09,West,damaged_item,0,0,448,cust1665@example.com,damaged item issue reported,2026-03-09T23:45:00+05:30
2026-03-09,West,billing,1,1,448,cust1193@example.com,billing issue reported,2026-03-09T23:45:00+05:30
2026-03-09,West,product_query,0,1,448,cust8231@example.com,product query issue reported,2026-03-09T23:45:00+05:30
2026-03-10,North,late_delivery,4,4,584,cust6907@example.com,Order dispatched late from the North hub; no update for three days.,2026-03-10T23:45:00+05:30
2026-03-10,North,damaged_item,4,4,584,cust327@example.com,damaged item issue reported,2026-03-10T23:45:00+05:30
2026-03-10,North,billing,0,0,584,cust3495@example.com,billing issue reported,2026-03-10T23:45:00+05:30
2026-03-10,North,product_query,0,1,584,cust6547@example.com,product query issue reported,2026-03-10T23:45:00+05:30
2026-03-10,South,late_delivery,1,1,495,cust4066@example.com,Order dispatched late from the North hub; no update for three days.,2026-03-10T23:45:00+05:30
2026-03-10,South,damaged_item,0,0,495,cust5391@example.com,damaged item issue reported,2026-03-10T23:45:00+05:30
2026-03-10,South,billing,1,1,495,cust4356@example.com,billing issue reported,2026-03-10T23:45:00+05:30
2026-03-10,South,product_query,0,4,495,cust6197@example.com,product query issue reported,2026-03-10T23:45:00+05:30
2026-03-10,East,late_delivery,0,0,340,cust5224@example.com,Order dispatched late from the North hub; no update for three days.,2026-03-10T23:45:00+05:30
2026-03-10,East,damaged_item,2,2,340,cust4991@example.com,damaged item issue reported,2026-03-10T23:45:00+05:30
2026-03-10,East,billing,1,1,340,cust975@example.com,billing issue reported,2026-03-10T23:45:00+05:30
2026-03-10,East,product_query,0,3,340,cust9449@example.com,product query issue reported,2026-03-10T23:45:00+05:30
2026-03-10,West,late_delivery,1,1,449,cust771@example.com,Order dispatched late from the North hub; no update for three days.,2026-03-10T23:45:00+05:30
2026-03-10,West,damaged_item,2,2,449,cust6886@example.com,damaged item issue reported,2026-03-10T23:45:00+05:30
2026-03-10,West,billing,2,2,449,cust4808@example.com,billing issue reported,2026-03-10T23:45:00+05:30
2026-03-10,West,product_query,0,1,449,cust7185@example.com,product query issue reported,2026-03-10T23:45:00+05:30
2026-03-11,North,late_delivery,1,1,584,cust1575@example.com,Order dispatched late from the North hub; no update for three days.,2026-03-11T23:45:00+05:30
2026-03-11,North,damaged_item,2,2,584,cust375@example.com,damaged item issue reported,2026-03-11T23:45:00+05:30
2026-03-11,North,billing,3,3,584,cust2082@example.com,billing issue reported,2026-03-11T23:45:00+05:30
2026-03-11,North,product_query,0,1,584,cust8472@example.com,product query issue reported,2026-03-11T23:45:00+05:30
2026-03-11,South,late_delivery,6,6,495,cust83@example.com,Order dispatched late from the North hub; no update for three days.,2026-03-11T23:45:00+05:30
2026-03-11,South,damaged_item,0,0,495,cust6313@example.com,damaged item issue reported,2026-03-11T23:45:00+05:30
2026-03-11,South,billing,0,0,495,cust3030@example.com,billing issue reported,2026-03-11T23:45:00+05:30
2026-03-11,South,product_query,0,0,495,cust94@example.com,product query issue reported,2026-03-11T23:45:00+05:30
2026-03-11,East,late_delivery,2,2,341,cust4368@example.com,Order dispatched late from the North hub; no update for three days.,2026-03-11T23:45:00+05:30
2026-03-11,East,damaged_item,3,3,341,cust4510@example.com,damaged item issue reported,2026-03-11T23:45:00+05:30
2026-03-11,East,billing,2,2,341,cust5775@example.com,billing issue reported,2026-03-11T23:45:00+05:30
2026-03-11,East,product_query,0,2,341,cust7240@example.com,product query issue reported,2026-03-11T23:45:00+05:30
2026-03-11,West,late_delivery,4,4,449,cust3864@example.com,Order dispatched late from the North hub; no update for three days.,2026-03-11T23:45:00+05:30
2026-03-11,West,damaged_item,0,0,449,cust2426@example.com,damaged item issue reported,2026-03-11T23:45:00+05:30
2026-03-11,West,billing,2,2,449,cust7361@example.com,billing issue reported,2026-03-11T23:45:00+05:30
2026-03-11,West,product_query,0,4,449,cust5713@example.com,product query issue reported,2026-03-11T23:45:00+05:30
2026-03-12,North,late_delivery,7,7,585,cust6715@example.com,Order dispatched late from the North hub; no update for three days.,2026-03-12T23:45:00+05:30
2026-03-12,North,damaged_item,3,3,585,cust8923@example.com,damaged item issue reported,2026-03-12T23:45:00+05:30
2026-03-12,North,billing,1,1,585,cust9498@example.com,billing issue reported,2026-03-12T23:45:00+05:30
2026-03-12,North,product_query,0,2,585,cust7804@example.com,product query issue reported,2026-03-12T23:45:00+05:30
2026-03-12,South,late_delivery,4,4,495,cust8700@example.com,Order dispatched late from the North hub; no update for three days.,2026-03-12T23:45:00+05:30
2026-03-12,South,damaged_item,1,1,495,cust6756@example.com,damaged item issue reported,2026-03-12T23:45:00+05:30
2026-03-12,South,billing,0,0,495,cust8079@example.com,billing issue reported,2026-03-12T23:45:00+05:30
2026-03-12,South,product_query,0,3,495,cust4749@example.com,product query issue reported,2026-03-12T23:45:00+05:30
2026-03-12,East,late_delivery,2,2,341,cust8314@example.com,Order dispatched late from the North hub; no update for three days.,2026-03-12T23:45:00+05:30
2026-03-12,East,damaged_item,1,1,341,cust4081@example.com,damaged item issue reported,2026-03-12T23:45:00+05:30
2026-03-12,East,billing,2,2,341,cust1240@example.com,billing issue reported,2026-03-12T23:45:00+05:30
2026-03-12,East,product_query,0,1,341,cust4212@example.com,product query issue reported,2026-03-12T23:45:00+05:30
2026-03-12,West,late_delivery,2,2,449,cust6906@example.com,Order dispatched late from the North hub; no update for three days.,2026-03-12T23:45:00+05:30
2026-03-12,West,damaged_item,0,0,449,cust4724@example.com,damaged item issue reported,2026-03-12T23:45:00+05:30
2026-03-12,West,billing,2,2,449,cust4514@example.com,billing issue reported,2026-03-12T23:45:00+05:30
2026-03-12,West,product_query,0,3,449,cust8454@example.com,product query issue reported,2026-03-12T23:45:00+05:30
2026-03-13,North,late_delivery,2,2,585,cust4038@example.com,Order dispatched late from the North hub; no update for three days.,2026-03-13T23:45:00+05:30
2026-03-13,North,damaged_item,6,6,585,cust4741@example.com,damaged item issue reported,2026-03-13T23:45:00+05:30
2026-03-13,North,billing,2,2,585,cust7245@example.com,billing issue reported,2026-03-13T23:45:00+05:30
2026-03-13,North,product_query,0,1,585,cust4419@example.com,product query issue reported,2026-03-13T23:45:00+05:30
2026-03-13,South,late_delivery,4,4,496,cust3836@example.com,Order dispatched late from the North hub; no update for three days.,2026-03-13T23:45:00+05:30
2026-03-13,South,damaged_item,1,1,496,cust7239@example.com,damaged item issue reported,2026-03-13T23:45:00+05:30
2026-03-13,South,billing,1,1,496,cust9089@example.com,billing issue reported,2026-03-13T23:45:00+05:30
2026-03-13,South,product_query,0,0,496,cust8919@example.com,product query issue reported,2026-03-13T23:45:00+05:30
2026-03-13,East,late_delivery,4,4,341,cust9823@example.com,Order dispatched late from the North hub; no update for three days.,2026-03-13T23:45:00+05:30
2026-03-13,East,damaged_item,0,0,341,cust6406@example.com,damaged item issue reported,2026-03-13T23:45:00+05:30
2026-03-13,East,billing,1,1,341,cust1382@example.com,billing issue reported,2026-03-13T23:45:00+05:30
2026-03-13,East,product_query,0,2,341,cust1086@example.com,product query issue reported,2026-03-13T23:45:00+05:30
2026-03-13,West,late_delivery,4,4,450,cust1044@example.com,Order dispatched late from the North hub; no update for three days.,2026-03-13T23:45:00+05:30
2026-03-13,West,damaged_item,0,0,450,cust2045@example.com,damaged item issue reported,2026-03-13T23:45:00+05:30
2026-03-13,West,billing,1,1,450,cust4472@example.com,billing issue reported,2026-03-13T23:45:00+05:30
2026-03-13,West,product_query,0,1,450,cust7771@example.com,product query issue reported,2026-03-13T23:45:00+05:30
2026-03-14,North,late_delivery,6,6,693,cust5100@example.com,Order dispatched late from the North hub; no update for three days.,2026-03-14T23:45:00+05:30
2026-03-14,North,damaged_item,3,3,693,cust9144@example.com,damaged item issue reported,2026-03-14T23:45:00+05:30
2026-03-14,North,billing,1,1,693,cust4306@example.com,billing issue reported,2026-03-14T23:45:00+05:30
2026-03-14,North,product_query,0,5,693,cust6906@example.com,product query issue reported,2026-03-14T23:45:00+05:30
2026-03-14,South,late_delivery,4,4,587,cust4864@example.com,Order dispatched late from the North hub; no update for three days.,2026-03-14T23:45:00+05:30
2026-03-14,South,damaged_item,2,2,587,cust7779@example.com,damaged item issue reported,2026-03-14T23:45:00+05:30
2026-03-14,South,billing,1,1,587,cust7013@example.com,billing issue reported,2026-03-14T23:45:00+05:30
2026-03-14,South,product_query,0,2,587,cust7032@example.com,product query issue reported,2026-03-14T23:45:00+05:30
2026-03-14,East,late_delivery,5,5,404,cust5241@example.com,Order dispatched late from the North hub; no update for three days.,2026-03-14T23:45:00+05:30
2026-03-14,East,damaged_item,2,2,404,cust613@example.com,damaged item issue reported,2026-03-14T23:45:00+05:30
2026-03-14,East,billing,0,0,404,cust2341@example.com,billing issue reported,2026-03-14T23:45:00+05:30
2026-03-14,East,product_query,0,2,404,cust9973@example.com,product query issue reported,2026-03-14T23:45:00+05:30
2026-03-14,West,late_delivery,6,6,533,cust8768@example.com,Order dispatched late from the North hub; no update for three days.,2026-03-14T23:45:00+05:30
2026-03-14,West,damaged_item,2,2,533,cust3317@example.com,damaged item issue reported,2026-03-14T23:45:00+05:30
2026-03-14,West,billing,1,1,533,cust7489@example.com,billing issue reported,2026-03-14T23:45:00+05:30
2026-03-14,West,product_query,0,2,533,cust3668@example.com,product query issue reported,2026-03-14T23:45:00+05:30
2026-03-15,North,late_delivery,4,4,694,cust2129@example.com,Order dispatched late from the North hub; no update for three days.,2026-03-15T23:45:00+05:30
2026-03-15,North,damaged_item,2,2,694,cust8099@example.com,damaged item issue reported,2026-03-15T23:45:00+05:30
2026-03-16,North,billing,1,1,694,cust197@example.com,billing issue reported,2026-03-15T23:45:00+05:30
2026-03-15,North,product_query,0,2,694,cust63@example.com,product query issue reported,2026-03-15T23:45:00+05:30
2026-03-15,South,late_delivery,4,4,587,cust3164@example.com,Order dispatched late from the North hub; no update for three days.,2026-03-15T23:45:00+05:30
2026-03-15,South,damaged_item,0,0,587,cust4740@example.com,damaged item issue reported,2026-03-15T23:45:00+05:30
2026-03-15,South,billing,1,1,587,cust625@example.com,billing issue reported,2026-03-15T23:45:00+05:30
2026-03-15,South,product_query,0,7,587,cust6461@example.com,product query issue reported,2026-03-15T23:45:00+05:30
2026-03-15,East,late_delivery,3,3,404,cust9631@example.com,Order dispatched late from the North hub; no update for three days.,2026-03-15T23:45:00+05:30
2026-03-15,East,damaged_item,2,2,404,cust8700@example.com,damaged item issue reported,2026-03-15T23:45:00+05:30
2026-03-15,East,billing,3,3,404,cust7479@example.com,billing issue reported,2026-03-15T23:45:00+05:30
2026-03-15,East,product_query,0,3,404,cust6188@example.com,product query issue reported,2026-03-15T23:45:00+05:30
2026-03-15,West,late_delivery,4,4,533,cust5310@example.com,Order dispatched late from the North hub; no update for three days.,2026-03-15T23:45:00+05:30
2026-03-15,West,damaged_item,3,3,533,cust7719@example.com,damaged item issue reported,2026-03-15T23:45:00+05:30
2026-03-15,West,billing,3,3,533,cust2456@example.com,billing issue reported,2026-03-15T23:45:00+05:30
2026-03-15,West,product_query,0,2,533,cust346@example.com,product query issue reported,2026-03-15T23:45:00+05:30
2026-03-16,North,late_delivery,5,5,586,cust1444@example.com,Order dispatched late from the North hub; no update for three days.,2026-03-16T23:45:00+05:30
2026-03-16,North,damaged_item,4,4,586,cust2504@example.com,damaged item issue reported,2026-03-16T23:45:00+05:30
2026-03-16,North,billing,2,2,586,cust2974@example.com,billing issue reported,2026-03-16T23:45:00+05:30
2026-03-16,North,product_query,0,2,586,cust3624@example.com,product query issue reported,2026-03-16T23:45:00+05:30
2026-03-16,South,late_delivery,8,8,497,cust8886@example.com,Order dispatched late from the North hub; no update for three days.,2026-03-16T23:45:00+05:30
2026-03-16,South,damaged_item,4,4,497,cust3742@example.com,damaged item issue reported,2026-03-16T23:45:00+05:30
2026-03-16,South,billing,3,3,497,cust8105@example.com,billing issue reported,2026-03-16T23:45:00+05:30
2026-03-16,South,product_query,0,1,497,cust7611@example.com,product query issue reported,2026-03-16T23:45:00+05:30
2026-03-16,East,late_delivery,3,3,342,cust1579@example.com,Order dispatched late from the North hub; no update for three days.,2026-03-16T23:45:00+05:30
2026-03-16,East,damaged_item,1,1,342,cust9604@example.com,damaged item issue reported,2026-03-16T23:45:00+05:30
2026-03-16,East,billing,1,1,342,cust2265@example.com,billing issue reported,2026-03-16T23:45:00+05:30
2026-03-16,East,product_query,0,2,342,cust2915@example.com,product query issue reported,2026-03-16T23:45:00+05:30
2026-03-16,West,late_delivery,4,4,450,cust9073@example.com,Order dispatched late from the North hub; no update for three days.,2026-03-16T23:45:00+05:30
2026-03-16,West,damaged_item,2,2,450,cust6657@example.com,damaged item issue reported,2026-03-16T23:45:00+05:30
2026-03-16,West,billing,1,1,450,cust7459@example.com,billing issue reported,2026-03-16T23:45:00+05:30
2026-03-16,West,product_query,0,1,450,cust1007@example.com,product query issue reported,2026-03-16T23:45:00+05:30
2026-03-17,North,late_delivery,4,4,587,cust3188@example.com,Order dispatched late from the North hub; no update for three days.,2026-03-17T23:45:00+05:30
2026-03-17,North,damaged_item,2,2,587,cust9016@example.com,damaged item issue reported,2026-03-17T23:45:00+05:30
2026-03-17,North,billing,2,2,587,cust2165@example.com,billing issue reported,2026-03-17T23:45:00+05:30
2026-03-17,North,product_query,0,3,587,cust3760@example.com,product query issue reported,2026-03-17T23:45:00+05:30
2026-03-17,South,late_delivery,3,3,497,cust3575@example.com,Order dispatched late from the North hub; no update for three days.,2026-03-17T23:45:00+05:30
2026-03-17,South,damaged_item,3,3,497,cust7569@example.com,damaged item issue reported,2026-03-17T23:45:00+05:30
2026-03-17,South,billing,2,2,497,cust1528@example.com,billing issue reported,2026-03-17T23:45:00+05:30
2026-03-17,South,product_query,0,3,497,cust154@example.com,product query issue reported,2026-03-17T23:45:00+05:30
2026-03-17,East,late_delivery,1,1,342,cust3277@example.com,Order dispatched late from the North hub; no update for three days.,2026-03-17T23:45:00+05:30
2026-03-17,East,damaged_item,4,4,342,cust1860@example.com,damaged item issue reported,2026-03-17T23:45:00+05:30
2026-03-17,East,billing,1,1,342,cust7915@example.com,billing issue reported,2026-03-17T23:45:00+05:30
2026-03-17,East,product_query,0,0,342,cust5151@example.com,product query issue reported,2026-03-17T23:45:00+05:30
2026-03-17,West,late_delivery,3,3,451,cust4345@example.com,Order dispatched late from the North hub; no update for three days.,2026-03-17T23:45:00+05:30
2026-03-17,West,damaged_item,2,2,451,cust7180@example.com,damaged item issue reported,2026-03-17T23:45:00+05:30
2026-03-17,West,billing,1,1,451,cust845@example.com,billing issue reported,2026-03-17T23:45:00+05:30
2026-03-17,West,product_query,0,2,451,cust7312@example.com,product query issue reported,2026-03-17T23:45:00+05:30
2026-03-18,North,late_delivery,2,2,587,cust8903@example.com,Order dispatched late from the North hub; no update for three days.,2026-03-18T23:45:00+05:30
2026-03-18,North,damaged_item,1,1,587,cust2756@example.com,damaged item issue reported,2026-03-18T23:45:00+05:30
2026-03-18,North,billing,1,1,587,cust5041@example.com,billing issue reported,2026-03-18T23:45:00+05:30
2026-03-18,North,product_query,0,3,587,cust8408@example.com,product query issue reported,2026-03-18T23:45:00+05:30
2026-03-18,South,late_delivery,5,5,497,cust4168@example.com,Order dispatched late from the North hub; no update for three days.,2026-03-18T23:45:00+05:30
2026-03-18,South,damaged_item,4,4,497,cust4726@example.com,damaged item issue reported,2026-03-18T23:45:00+05:30
2026-03-18,South,billing,3,3,497,cust5953@example.com,billing issue reported,2026-03-18T23:45:00+05:30
2026-03-18,South,product_query,0,3,497,cust2825@example.com,product query issue reported,2026-03-18T23:45:00+05:30
2026-03-18,East,late_delivery,2,2,342,cust4934@example.com,Order dispatched late from the North hub; no update for three days.,2026-03-18T23:45:00+05:30
2026-03-18,East,damaged_item,0,0,342,cust6229@example.com,damaged item issue reported,2026-03-18T23:45:00+05:30
2026-03-18,East,billing,1,1,342,cust8646@example.com,billing issue reported,2026-03-18T23:45:00+05:30
2026-03-18,East,product_query,0,1,342,cust5275@example.com,product query issue reported,2026-03-18T23:45:00+05:30
2026-03-18,West,late_delivery,2,2,451,cust2749@example.com,Order dispatched late from the North hub; no update for three days.,2026-03-18T23:45:00+05:30
2026-03-18,West,damaged_item,0,0,451,cust3392@example.com,damaged item issue reported,2026-03-18T23:45:00+05:30
2026-03-18,West,billing,0,0,451,cust9460@example.com,billing issue reported,2026-03-18T23:45:00+05:30
2026-03-18,West,product_query,0,0,451,cust4529@example.com,product query issue reported,2026-03-18T23:45:00+05:30
2026-03-19,North,late_delivery,4,4,587,cust5669@example.com,Order dispatched late from the North hub; no update for three days.,2026-03-19T23:45:00+05:30
2026-03-19,North,damaged_item,3,3,587,cust2885@example.com,damaged item issue reported,2026-03-19T23:45:00+05:30
2026-03-19,North,billing,0,0,587,cust2971@example.com,billing issue reported,2026-03-19T23:45:00+05:30
2026-03-19,North,product_query,0,4,587,cust3008@example.com,product query issue reported,2026-03-19T23:45:00+05:30
2026-03-19,South,late_delivery,3,3,497,cust386@example.com,Order dispatched late from the North hub; no update for three days.,2026-03-19T23:45:00+05:30
2026-03-19,South,damaged_item,4,4,497,cust5441@example.com,damaged item issue reported,2026-03-19T23:45:00+05:30
2026-03-19,South,billing,1,1,497,cust6039@example.com,billing issue reported,2026-03-19T23:45:00+05:30
2026-03-19,South,product_query,0,5,497,cust4632@example.com,product query issue reported,2026-03-19T23:45:00+05:30
2026-03-19,East,late_delivery,5,5,342,cust243@example.com,Order dispatched late from the North hub; no update for three days.,2026-03-19T23:45:00+05:30
2026-03-19,East,damaged_item,1,1,342,cust8952@example.com,damaged item issue reported,2026-03-19T23:45:00+05:30
2026-03-19,East,billing,0,0,342,cust7749@example.com,billing issue reported,2026-03-19T23:45:00+05:30
2026-03-19,East,product_query,0,2,342,cust6137@example.com,product query issue reported,2026-03-19T23:45:00+05:30
2026-03-19,West,late_delivery,2,2,451,cust1508@example.com,Order dispatched late from the North hub; no update for three days.,2026-03-19T23:45:00+05:30
2026-03-19,West,damaged_item,4,4,451,cust6070@example.com,damaged item issue reported,2026-03-19T23:45:00+05:30
2026-03-19,West,billing,0,0,451,cust6611@example.com,billing issue reported,2026-03-19T23:45:00+05:30
2026-03-19,West,product_query,0,4,451,cust7687@example.com,product query issue reported,2026-03-19T23:45:00+05:30
2026-03-20,North,late_delivery,7,7,588,cust3650@example.com,Order dispatched late from the North hub; no update for three days.,2026-03-20T23:45:00+05:30
2026-03-20,North,damaged_item,4,4,588,cust7336@example.com,damaged item issue reported,2026-03-20T23:45:00+05:30
2026-03-20,North,billing,3,3,588,cust1359@example.com,billing issue reported,2026-03-20T23:45:00+05:30
2026-03-20,North,product_query,0,3,588,cust1305@example.com,product query issue reported,2026-03-20T23:45:00+05:30
2026-03-20,South,late_delivery,5,5,498,cust55@example.com,Order dispatched late from the North hub; no update for three days.,2026-03-20T23:45:00+05:30
2026-03-20,South,damaged_item,0,0,498,cust1700@example.com,damaged item issue reported,2026-03-20T23:45:00+05:30
2026-03-20,South,billing,0,0,498,cust4524@example.com,billing issue reported,2026-03-20T23:45:00+05:30
2026-03-20,South,product_query,0,2,498,cust364@example.com,product query issue reported,2026-03-20T23:45:00+05:30
2026-03-20,East,late_delivery,2,2,343,cust2834@example.com,Order dispatched late from the North hub; no update for three days.,2026-03-20T23:45:00+05:30
2026-03-20,East,damaged_item,0,0,343,cust3577@example.com,damaged item issue reported,2026-03-20T23:45:00+05:30
2026-03-20,East,billing,1,1,343,cust7865@example.com,billing issue reported,2026-03-20T23:45:00+05:30
2026-03-20,East,product_query,0,2,343,cust9228@example.com,product query issue reported,2026-03-20T23:45:00+05:30
2026-03-20,West,late_delivery,2,2,451,cust4994@example.com,Order dispatched late from the North hub; no update for three days.,2026-03-20T23:45:00+05:30
2026-03-20,West,damaged_item,0,0,451,cust6829@example.com,damaged item issue reported,2026-03-20T23:45:00+05:30
2026-03-20,West,billing,1,1,451,cust5938@example.com,billing issue reported,2026-03-20T23:45:00+05:30
2026-03-20,West,product_query,0,5,451,cust6253@example.com,product query issue reported,2026-03-20T23:45:00+05:30
2026-03-21,North,late_delivery,4,4,696,cust9514@example.com,Order dispatched late from the North hub; no update for three days.,2026-03-21T23:45:00+05:30
2026-03-21,North,damaged_item,6,6,696,cust4637@example.com,damaged item issue reported,2026-03-21T23:45:00+05:30
2026-03-21,North,billing,1,1,696,cust9766@example.com,billing issue reported,2026-03-21T23:45:00+05:30
2026-03-21,North,product_query,0,3,696,cust2936@example.com,product query issue reported,2026-03-21T23:45:00+05:30
2026-03-21,South,late_delivery,1,1,590,cust2807@example.com,Order dispatched late from the North hub; no update for three days.,2026-03-21T23:45:00+05:30
2026-03-21,South,damaged_item,0,0,590,cust3136@example.com,damaged item issue reported,2026-03-21T23:45:00+05:30
2026-03-21,South,billing,2,2,590,cust6506@example.com,billing issue reported,2026-03-21T23:45:00+05:30
2026-03-21,South,product_query,0,1,590,cust747@example.com,product query issue reported,2026-03-21T23:45:00+05:30
2026-03-21,East,late_delivery,3,3,406,cust4566@example.com,Order dispatched late from the North hub; no update for three days.,2026-03-21T23:45:00+05:30
2026-03-22,East,damaged_item,0,0,406,cust2387@example.com,damaged item issue reported,2026-03-21T23:45:00+05:30
2026-03-21,East,billing,1,1,406,cust468@example.com,billing issue reported,2026-03-21T23:45:00+05:30
2026-03-21,East,product_query,0,3,406,cust6238@example.com,product query issue reported,2026-03-21T23:45:00+05:30
2026-03-21,West,late_delivery,5,5,535,cust5756@example.com,Order dispatched late from the North hub; no update for three days.,2026-03-21T23:45:00+05:30
2026-03-21,West,damaged_item,4,4,535,cust9411@example.com,damaged item issue reported,2026-03-21T23:45:00+05:30
2026-03-21,West,billing,0,0,535,cust3140@example.com,billing issue reported,2026-03-21T23:45:00+05:30
2026-03-21,West,product_query,0,0,535,cust5221@example.com,product query issue reported,2026-03-21T23:45:00+05:30
2026-03-22,North,late_delivery,3,3,696,cust7232@example.com,Order dispatched late from the North hub; no update for three days.,2026-03-22T23:45:00+05:30
2026-03-22,North,damaged_item,4,4,696,cust3409@example.com,damaged item issue reported,2026-03-22T23:45:00+05:30
2026-03-22,North,billing,2,2,696,cust4025@example.com,billing issue reported,2026-03-22T23:45:00+05:30
2026-03-22,North,product_query,0,2,696,cust2699@example.com,product query issue reported,2026-03-22T23:45:00+05:30
2026-03-22,South,late_delivery,1,1,590,cust5055@example.com,Order dispatched late from the North hub; no update for three days.,2026-03-22T23:45:00+05:30
2026-03-22,South,damaged_item,0,0,590,cust3260@example.com,damaged item issue reported,2026-03-22T23:45:00+05:30
2026-03-22,South,billing,2,2,590,cust9803@example.com,billing issue reported,2026-03-22T23:45:00+05:30
2026-03-22,South,product_query,0,2,590,cust3515@example.com,product query issue reported,2026-03-22T23:45:00+05:30
2026-03-22,East,late_delivery,2,2,406,cust4199@example.com,Order dispatched late from the North hub; no update for three days.,2026-03-22T23:45:00+05:30
2026-03-22,East,damaged_item,3,3,406,cust5147@example.com,damaged item issue reported,2026-03-22T23:45:00+05:30
2026-03-22,East,billing,1,1,406,cust4472@example.com,billing issue reported,2026-03-22T23:45:00+05:30
2026-03-22,East,product_query,0,2,406,cust4087@example.com,product query issue reported,2026-03-22T23:45:00+05:30
2026-03-22,West,late_delivery,1,1,535,cust9799@example.com,Order dispatched late from the North hub; no update for three days.,2026-03-22T23:45:00+05:30
2026-03-22,West,damaged_item,2,2,535,cust442@example.com,damaged item issue reported,2026-03-22T23:45:00+05:30
2026-03-22,West,billing,0,0,535,cust1864@example.com,billing issue reported,2026-03-22T23:45:00+05:30
2026-03-22,West,product_query,0,1,535,cust7759@example.com,product query issue reported,2026-03-22T23:45:00+05:30
2026-03-23,North,late_delivery,5,5,589,cust6473@example.com,Order dispatched late from the North hub; no update for three days.,2026-03-23T23:45:00+05:30
2026-03-23,North,damaged_item,3,3,589,cust8696@example.com,damaged item issue reported,2026-03-23T23:45:00+05:30
2026-03-23,North,billing,1,1,589,cust4251@example.com,billing issue reported,2026-03-23T23:45:00+05:30
2026-03-23,North,product_query,0,1,589,cust1818@example.com,product query issue reported,2026-03-23T23:45:00+05:30
2026-03-23,South,late_delivery,2,2,499,cust1680@example.com,Order dispatched late from the North hub; no update for three days.,2026-03-23T23:45:00+05:30
2026-03-23,South,damaged_item,2,2,499,cust6162@example.com,damaged item issue reported,2026-03-23T23:45:00+05:30
2026-03-23,South,billing,2,2,499,cust6798@example.com,billing issue reported,2026-03-23T23:45:00+05:30
2026-03-23,South,product_query,0,0,499,cust7163@example.com,product query issue reported,2026-03-23T23:45:00+05:30
2026-03-23,East,late_delivery,3,3,343,cust606@example.com,Order dispatched late from the North hub; no update for three days.,2026-03-23T23:45:00+05:30
2026-03-23,East,damaged_item,0,0,343,cust3648@example.com,damaged item issue reported,2026-03-23T23:45:00+05:30
2026-03-23,East,billing,1,1,343,cust2374@example.com,billing issue reported,2026-03-23T23:45:00+05:30
2026-03-23,East,product_query,0,1,343,cust9566@example.com,product query issue reported,2026-03-23T23:45:00+05:30
2026-03-24,West,late_delivery,3,3,452,cust5229@example.com,Order dispatched late from the North hub; no update for three days.,2026-03-23T23:45:00+05:30
2026-03-23,West,damaged_item,0,0,452,cust3324@example.com,damaged item issue reported,2026-03-23T23:45:00+05:30
2026-03-23,West,billing,3,3,452,cust6301@example.com,billing issue reported,2026-03-23T23:45:00+05:30
2026-03-23,West,product_query,0,1,452,cust8665@example.com,product query issue reported,2026-03-23T23:45:00+05:30
2026-03-24,North,late_delivery,5,5,589,cust3571@example.com,Order dispatched late from the North hub; no update for three days.,2026-03-24T23:45:00+05:30
2026-03-24,North,damaged_item,1,1,589,cust8020@example.com,damaged item issue reported,2026-03-24T23:45:00+05:30
2026-03-24,North,billing,0,0,589,cust9434@example.com,billing issue reported,2026-03-24T23:45:00+05:30
2026-03-24,North,product_query,0,3,589,cust4915@example.com,product query issue reported,2026-03-24T23:45:00+05:30
2026-03-24,South,late_delivery,1,1,499,cust5049@example.com,Order dispatched late from the North hub; no update for three days.,2026-03-24T23:45:00+05:30
2026-03-24,South,damaged_item,0,0,499,cust4837@example.com,damaged item issue reported,2026-03-24T23:45:00+05:30
2026-03-24,South,billing,1,1,499,cust3595@example.com,billing issue reported,2026-03-24T23:45:00+05:30
2026-03-24,South,product_query,0,3,499,cust2771@example.com,product query issue reported,2026-03-24T23:45:00+05:30
2026-03-24,East,late_delivery,1,1,343,cust5189@example.com,Order dispatched late from the North hub; no update for three days.,2026-03-24T23:45:00+05:30
2026-03-24,East,damaged_item,1,1,343,cust5684@example.com,damaged item issue reported,2026-03-24T23:45:00+05:30
2026-03-24,East,billing,1,1,343,cust4800@example.com,billing issue reported,2026-03-24T23:45:00+05:30
2026-03-24,East,product_query,0,3,343,cust6370@example.com,product query issue reported,2026-03-24T23:45:00+05:30
2026-03-24,West,late_delivery,1,1,453,cust6399@example.com,Order dispatched late from the North hub; no update for three days.,2026-03-24T23:45:00+05:30
2026-03-24,West,damaged_item,2,2,453,cust2724@example.com,damaged item issue reported,2026-03-24T23:45:00+05:30
2026-03-24,West,billing,2,2,453,cust3631@example.com,billing issue reported,2026-03-24T23:45:00+05:30
2026-03-24,West,product_query,0,2,453,cust2011@example.com,product query issue reported,2026-03-24T23:45:00+05:30
2026-03-25,North,late_delivery,4,4,589,cust3937@example.com,Order dispatched late from the North hub; no update for three days.,2026-03-25T23:45:00+05:30
2026-03-25,North,damaged_item,6,6,589,cust6274@example.com,damaged item issue reported,2026-03-25T23:45:00+05:30
2026-03-25,North,billing,2,2,589,cust9508@example.com,billing issue reported,2026-03-25T23:45:00+05:30
2026-03-25,North,product_query,0,2,589,cust3774@example.com,product query issue reported,2026-03-25T23:45:00+05:30
2026-03-25,South,late_delivery,5,5,499,cust2569@example.com,Order dispatched late from the North hub; no update for three days.,2026-03-25T23:45:00+05:30
2026-03-25,South,damaged_item,1,1,499,cust4294@example.com,damaged item issue reported,2026-03-25T23:45:00+05:30
2026-03-25,South,billing,1,1,499,cust8305@example.com,billing issue reported,2026-03-25T23:45:00+05:30
2026-03-25,South,product_query,0,2,499,cust1396@example.com,product query issue reported,2026-03-25T23:45:00+05:30
2026-03-25,East,late_delivery,1,1,344,cust8235@example.com,Order dispatched late from the North hub; no update for three days.,2026-03-25T23:45:00+05:30
2026-03-25,East,damaged_item,1,1,344,cust6823@example.com,damaged item issue reported,2026-03-25T23:45:00+05:30
2026-03-25,East,billing,0,0,344,cust4003@example.com,billing issue reported,2026-03-25T23:45:00+05:30
2026-03-25,East,product_query,0,2,344,cust6422@example.com,product query issue reported,2026-03-25T23:45:00+05:30
2026-03-25,West,late_delivery,4,4,453,cust5986@example.com,Order dispatched late from the North hub; no update for three days.,2026-03-25T23:45:00+05:30
2026-03-25,West,damaged_item,0,0,453,cust1302@example.com,damaged item issue reported,2026-03-25T23:45:00+05:30
2026-03-25,West,billing,0,0,453,cust7505@example.com,billing issue reported,2026-03-25T23:45:00+05:30
2026-03-25,West,product_query,0,0,453,cust640@example.com,product query issue reported,2026-03-25T23:45:00+05:30
2026-03-26,North,late_delivery,2,2,590,cust3584@example.com,Order dispatched late from the North hub; no update for three days.,2026-03-26T23:45:00+05:30
2026-03-26,North,damaged_item,2,2,590,cust6618@example.com,damaged item issue reported,2026-03-26T23:45:00+05:30
2026-03-26,North,billing,1,1,590,cust2203@example.com,billing issue reported,2026-03-26T23:45:00+05:30
2026-03-27,North,product_query,0,1,590,cust2335@example.com,product query issue reported,2026-03-26T23:45:00+05:30
2026-03-26,South,late_delivery,3,3,499,cust9948@example.com,Order dispatched late from the North hub; no update for three days.,2026-03-26T23:45:00+05:30
2026-03-26,South,damaged_item,4,4,499,cust7457@example.com,damaged item issue reported,2026-03-26T23:45:00+05:30
2026-03-26,South,billing,2,2,499,cust4287@example.com,billing issue reported,2026-03-26T23:45:00+05:30
2026-03-26,South,product_query,0,5,499,cust4283@example.com,product query issue reported,2026-03-26T23:45:00+05:30
2026-03-26,East,late_delivery,1,1,344,cust9572@example.com,Order dispatched late from the North hub; no update for three days.,2026-03-26T23:45:00+05:30
2026-03-26,East,damaged_item,0,0,344,cust6151@example.com,damaged item issue reported,2026-03-26T23:45:00+05:30
2026-03-26,East,billing,0,0,344,cust4545@example.com,billing issue reported,2026-03-26T23:45:00+05:30
2026-03-26,East,product_query,0,2,344,cust4718@example.com,product query issue reported,2026-03-26T23:45:00+05:30
2026-03-26,West,late_delivery,1,1,453,cust3901@example.com,Order dispatched late from the North hub; no update for three days.,2026-03-26T23:45:00+05:30
2026-03-26,West,damaged_item,1,1,453,cust2529@example.com,damaged item issue reported,2026-03-26T23:45:00+05:30
2026-03-26,West,billing,1,1,453,cust9489@example.com,billing issue reported,2026-03-26T23:45:00+05:30
2026-03-26,West,product_query,0,2,453,cust9371@example.com,product query issue reported,2026-03-26T23:45:00+05:30
2026-03-27,North,late_delivery,4,4,590,cust3088@example.com,Order dispatched late from the North hub; no update for three days.,2026-03-27T23:45:00+05:30
2026-03-27,North,damaged_item,2,2,590,cust869@example.com,damaged item issue reported,2026-03-27T23:45:00+05:30
2026-03-27,North,billing,0,0,590,cust4235@example.com,billing issue reported,2026-03-27T23:45:00+05:30
2026-03-27,North,product_query,0,1,590,cust728@example.com,product query issue reported,2026-03-27T23:45:00+05:30
2026-03-27,South,late_delivery,2,2,500,cust2371@example.com,Order dispatched late from the North hub; no update for three days.,2026-03-27T23:45:00+05:30
2026-03-27,South,damaged_item,1,1,500,cust7348@example.com,damaged item issue reported,2026-03-27T23:45:00+05:30
2026-03-27,South,billing,2,2,500,cust7256@example.com,billing issue reported,2026-03-27T23:45:00+05:30
2026-03-27,South,product_query,0,4,500,cust525@example.com,product query issue reported,2026-03-27T23:45:00+05:30
2026-03-27,East,late_delivery,4,4,344,cust7162@example.com,Order dispatched late from the North hub; no update for three days.,2026-03-27T23:45:00+05:30
2026-03-28,East,damaged_item,0,0,344,cust5922@example.com,damaged item issue reported,2026-03-27T23:45:00+05:30
2026-03-27,East,billing,1,1,344,cust7774@example.com,billing issue reported,2026-03-27T23:45:00+05:30
2026-03-27,East,product_query,0,1,344,cust8128@example.com,product query issue reported,2026-03-27T23:45:00+05:30
2026-03-27,West,late_delivery,2,2,453,cust3236@example.com,Order dispatched late from the North hub; no update for three days.,2026-03-27T23:45:00+05:30
2026-03-27,West,damaged_item,4,4,453,cust4595@example.com,damaged item issue reported,2026-03-27T23:45:00+05:30
2026-03-27,West,billing,1,1,453,cust1414@example.com,billing issue reported,2026-03-27T23:45:00+05:30
2026-03-27,West,product_query,0,4,453,cust6138@example.com,product query issue reported,2026-03-27T23:45:00+05:30
2026-03-28,North,late_delivery,6,6,699,cust4617@example.com,Order dispatched late from the North hub; no update for three days.,2026-03-28T23:45:00+05:30
2026-03-28,North,damaged_item,4,4,699,cust5491@example.com,damaged item issue reported,2026-03-28T23:45:00+05:30
2026-03-28,North,billing,2,2,699,cust7153@example.com,billing issue reported,2026-03-28T23:45:00+05:30
2026-03-28,North,product_query,0,4,699,cust527@example.com,product query issue reported,2026-03-28T23:45:00+05:30
2026-03-28,South,late_delivery,9,9,592,cust2084@example.com,Order dispatched late from the North hub; no update for three days.,2026-03-28T23:45:00+05:30
2026-03-28,South,damaged_item,0,0,592,cust1470@example.com,damaged item issue reported,2026-03-28T23:45:00+05:30
2026-03-28,South,billing,2,2,592,cust816@example.com,billing issue reported,2026-03-28T23:45:00+05:30
2026-03-28,South,product_query,0,3,592,cust2252@example.com,product query issue reported,2026-03-28T23:45:00+05:30
2026-03-28,East,late_delivery,1,1,407,cust3184@example.com,Order dispatched late from the North hub; no update for three days.,2026-03-28T23:45:00+05:30
2026-03-28,East,damaged_item,1,1,407,cust7477@example.com,damaged item issue reported,2026-03-28T23:45:00+05:30
2026-03-28,East,billing,0,0,407,cust6762@example.com,billing issue reported,2026-03-28T23:45:00+05:30
2026-03-28,East,product_query,0,2,407,cust6602@example.com,product query issue reported,2026-03-28T23:45:00+05:30
2026-03-29,West,late_delivery,3,3,537,cust208@example.com,Order dispatched late from the North hub; no update for three days.,2026-03-28T23:45:00+05:30
2026-03-28,West,damaged_item,3,3,537,cust9575@example.com,damaged item issue reported,2026-03-28T23:45:00+05:30
2026-03-28,West,billing,1,1,537,cust2202@example.com,billing issue reported,2026-03-28T23:45:00+05:30
2026-03-28,West,product_query,0,6,537,cust4346@example.com,product query issue reported,2026-03-28T23:45:00+05:30
2026-03-29,North,late_delivery,6,6,699,cust1143@example.com,Order dispatched late from the North hub; no update for three days.,2026-03-29T23:45:00+05:30
2026-03-29,North,damaged_item,2,2,699,cust9935@example.com,damaged item issue reported,2026-03-29T23:45:00+05:30
2026-03-29,North,billing,2,2,699,cust5979@example.com,billing issue reported,2026-03-29T23:45:00+05:30
2026-03-29,North,product_query,0,4,699,cust899@example.com,product query issue reported,2026-03-29T23:45:00+05:30
2026-03-29,South,late_delivery,2,2,592,cust7158@example.com,Order dispatched late from the North hub; no update for three days.,2026-03-29T23:45:00+05:30
2026-03-29,South,damaged_item,1,1,592,cust9915@example.com,damaged item issue reported,2026-03-29T23:45:00+05:30
2026-03-29,South,billing,1,1,592,cust4517@example.com,billing issue reported,2026-03-29T23:45:00+05:30
2026-03-29,South,product_query,0,4,592,cust6253@example.com,product query issue reported,2026-03-29T23:45:00+05:30
2026-03-29,East,late_delivery,6,6,408,cust358@example.com,Order dispatched late from the North hub; no update for three days.,2026-03-29T23:45:00+05:30
2026-03-29,East,damaged_item,2,2,408,cust6949@example.com,damaged item issue reported,2026-03-29T23:45:00+05:30
2026-03-29,East,billing,0,0,408,cust1491@example.com,billing issue reported,2026-03-29T23:45:00+05:30
2026-03-29,East,product_query,0,3,408,cust3269@example.com,product query issue reported,2026-03-29T23:45:00+05:30
2026-03-29,West,late_delivery,4,4,537,cust5842@example.com,Order dispatched late from the North hub; no update for three days.,2026-03-29T23:45:00+05:30
2026-03-29,West,damaged_item,2,2,537,cust4647@example.com,damaged item issue reported,2026-03-29T23:45:00+05:30
2026-03-29,West,billing,1,1,537,cust2950@example.com,billing issue reported,2026-03-29T23:45:00+05:30
2026-03-29,West,product_query,0,3,537,cust9771@example.com,product query issue reported,2026-03-29T23:45:00+05:30
2026-03-30,North,late_delivery,5,5,591,cust3358@example.com,Order dispatched late from the North hub; no update for three days.,2026-03-30T23:45:00+05:30
2026-03-30,North,damaged_item,2,2,591,cust1239@example.com,damaged item issue reported,2026-03-30T23:45:00+05:30
2026-03-30,North,billing,1,1,591,cust7404@example.com,billing issue reported,2026-03-30T23:45:00+05:30
2026-03-30,North,product_query,0,3,591,cust3044@example.com,product query issue reported,2026-03-30T23:45:00+05:30
2026-03-30,South,late_delivery,3,3,500,cust5749@example.com,Order dispatched late from the North hub; no update for three days.,2026-03-30T23:45:00+05:30
2026-03-30,South,damaged_item,1,1,500,cust7986@example.com,damaged item issue reported,2026-03-30T23:45:00+05:30
2026-03-30,South,billing,1,1,500,cust7080@example.com,billing issue reported,2026-03-30T23:45:00+05:30
2026-03-30,South,product_query,0,4,500,cust7225@example.com,product query issue reported,2026-03-30T23:45:00+05:30
2026-03-30,East,late_delivery,0,0,344,cust5803@example.com,Order dispatched late from the North hub; no update for three days.,2026-03-30T23:45:00+05:30
2026-03-30,East,damaged_item,3,3,344,cust6420@example.com,damaged item issue reported,2026-03-30T23:45:00+05:30
2026-03-30,East,billing,0,0,344,cust9341@example.com,billing issue reported,2026-03-30T23:45:00+05:30
2026-03-30,East,product_query,0,3,344,cust275@example.com,product query issue reported,2026-03-30T23:45:00+05:30
2026-03-30,West,late_delivery,0,0,454,cust7577@example.com,Order dispatched late from the North hub; no update for three days.,2026-03-30T23:45:00+05:30
2026-03-30,West,damaged_item,1,1,454,cust3681@example.com,damaged item issue reported,2026-03-30T23:45:00+05:30
2026-03-30,West,billing,0,0,454,cust5820@example.com,billing issue reported,2026-03-30T23:45:00+05:30
2026-03-30,West,product_query,0,1,454,cust2208@example.com,product query issue reported,2026-03-30T23:45:00+05:30
2026-03-31,North,late_delivery,3,3,591,cust3233@example.com,Order dispatched late from the North hub; no update for three days.,2026-03-31T23:45:00+05:30
2026-03-31,North,damaged_item,2,2,591,cust5497@example.com,damaged item issue reported,2026-03-31T23:45:00+05:30
2026-03-31,North,billing,1,1,591,cust3143@example.com,billing issue reported,2026-03-31T23:45:00+05:30
2026-03-31,North,product_query,0,3,591,cust3379@example.com,product query issue reported,2026-03-31T23:45:00+05:30
2026-03-31,South,late_delivery,3,3,501,cust8697@example.com,Order dispatched late from the North hub; no update for three days.,2026-03-31T23:45:00+05:30
2026-03-31,South,damaged_item,2,2,501,cust7410@example.com,damaged item issue reported,2026-03-31T23:45:00+05:30
2026-03-31,South,billing,1,1,501,cust5353@example.com,billing issue reported,2026-03-31T23:45:00+05:30
2026-03-31,South,product_query,0,2,501,cust4017@example.com,product query issue reported,2026-03-31T23:45:00+05:30
2026-03-31,East,late_delivery,2,2,345,cust3810@example.com,Order dispatched late from the North hub; no update for three days.,2026-03-31T23:45:00+05:30
2026-03-31,East,damaged_item,4,4,345,cust1704@example.com,damaged item issue reported,2026-03-31T23:45:00+05:30
2026-03-31,East,billing,2,2,345,cust9791@example.com,billing issue reported,2026-03-31T23:45:00+05:30
2026-03-31,East,product_query,0,2,345,cust9434@example.com,product query issue reported,2026-03-31T23:45:00+05:30
2026-03-31,West,late_delivery,5,5,454,cust6173@example.com,Order dispatched late from the North hub; no update for three days.,2026-03-31T23:45:00+05:30
2026-03-31,West,damaged_item,1,1,454,cust5248@example.com,damaged item issue reported,2026-03-31T23:45:00+05:30
2026-03-31,West,billing,1,1,454,cust570@example.com,billing issue reported,2026-03-31T23:45:00+05:30
2026-03-31,West,product_query,0,2,454,cust1973@example.com,product query issue reported,2026-03-31T23:45:00+05:30
2026-04-01,North,late_delivery,4,4,591,cust2685@example.com,Order dispatched late from the North hub; no update for three days.,2026-04-01T23:45:00+05:30
2026-04-01,North,damaged_item,4,4,591,cust138@example.com,damaged item issue reported,2026-04-01T23:45:00+05:30
2026-04-01,North,billing,2,2,591,cust301@example.com,billing issue reported,2026-04-01T23:45:00+05:30
2026-04-01,North,product_query,0,3,591,cust4346@example.com,product query issue reported,2026-04-01T23:45:00+05:30
2026-04-01,South,late_delivery,6,6,501,cust1865@example.com,Order dispatched late from the North hub; no update for three days.,2026-04-01T23:45:00+05:30
2026-04-01,South,damaged_item,1,1,501,cust8935@example.com,damaged item issue reported,2026-04-01T23:45:00+05:30
2026-04-01,South,billing,1,1,501,cust8471@example.com,billing issue reported,2026-04-01T23:45:00+05:30
2026-04-01,South,product_query,0,0,501,cust5562@example.com,product query issue reported,2026-04-01T23:45:00+05:30
2026-04-01,East,late_delivery,0,0,345,cust4441@example.com,Order dispatched late from the North hub; no update for three days.,2026-04-01T23:45:00+05:30
2026-04-01,East,damaged_item,2,2,345,cust9889@example.com,damaged item issue reported,2026-04-01T23:45:00+05:30
2026-04-01,East,billing,0,0,345,cust1121@example.com,billing issue reported,2026-04-01T23:45:00+05:30
2026-04-01,East,product_query,0,2,345,cust4511@example.com,product query issue reported,2026-04-01T23:45:00+05:30
2026-04-01,West,late_delivery,6,6,454,cust813@example.com,Order dispatched late from the North hub; no update for three days.,2026-04-01T23:45:00+05:30
2026-04-01,West,damaged_item,0,0,454,cust7256@example.com,damaged item issue reported,2026-04-01T23:45:00+05:30
2026-04-01,West,billing,1,1,454,cust9529@example.com,billing issue reported,2026-04-01T23:45:00+05:30
2026-04-01,West,product_query,0,2,454,cust2198@example.com,product query issue reported,2026-04-01T23:45:00+05:30
2026-04-02,North,late_delivery,2,2,592,cust4520@example.com,Order dispatched late from the North hub; no update for three days.,2026-04-02T23:45:00+05:30
2026-04-02,North,damaged_item,0,0,592,cust3474@example.com,damaged item issue reported,2026-04-02T23:45:00+05:30
2026-04-02,North,billing,3,3,592,cust2235@example.com,billing issue reported,2026-04-02T23:45:00+05:30
2026-04-02,North,product_query,0,2,592,cust4927@example.com,product query issue reported,2026-04-02T23:45:00+05:30
2026-04-02,South,late_delivery,6,6,501,cust2276@example.com,Order dispatched late from the North hub; no update for three days.,2026-04-02T23:45:00+05:30
2026-04-02,South,damaged_item,0,0,501,cust8567@example.com,damaged item issue reported,2026-04-02T23:45:00+05:30
2026-04-02,South,billing,0,0,501,cust4154@example.com,billing issue reported,2026-04-02T23:45:00+05:30
2026-04-02,South,product_query,0,4,501,cust712@example.com,product query issue reported,2026-04-02T23:45:00+05:30
2026-04-02,East,late_delivery,2,2,345,cust5602@example.com,Order dispatched late from the North hub; no update for three days.,2026-04-02T23:45:00+05:30
2026-04-02,East,damaged_item,0,0,345,cust7178@example.com,damaged item issue reported,2026-04-02T23:45:00+05:30
2026-04-02,East,billing,0,0,345,cust7269@example.com,billing issue reported,2026-04-02T23:45:00+05:30
2026-04-02,East,product_query,0,0,345,cust9470@example.com,product query issue reported,2026-04-02T23:45:00+05:30
2026-04-02,West,late_delivery,2,2,455,cust9189@example.com,Order dispatched late from the North hub; no update for three days.,2026-04-02T23:45:00+05:30
2026-04-02,West,damaged_item,2,2,455,cust3706@example.com,damaged item issue reported,2026-04-02T23:45:00+05:30
2026-04-02,West,billing,3,3,455,cust8260@example.com,billing issue reported,2026-04-02T23:45:00+05:30
2026-04-02,West,product_query,0,1,455,cust6275@example.com,product query issue reported,2026-04-02T23:45:00+05:30
2026-04-03,North,late_delivery,2,2,592,cust2756@example.com,Order dispatched late from the North hub; no update for three days.,2026-04-03T23:45:00+05:30
2026-04-03,North,damaged_item,2,2,592,cust1281@example.com,damaged item issue reported,2026-04-03T23:45:00+05:30
2026-04-03,North,billing,2,2,592,cust8531@example.com,billing issue reported,2026-04-03T23:45:00+05:30
2026-04-03,North,product_query,0,4,592,cust4932@example.com,product query issue reported,2026-04-03T23:45:00+05:30
2026-04-03,South,late_delivery,1,1,501,cust250@example.com,Order dispatched late from the North hub; no update for three days.,2026-04-03T23:45:00+05:30
2026-04-03,South,damaged_item,2,2,501,cust8174@example.com,damaged item issue reported,2026-04-03T23:45:00+05:30
2026-04-03,South,billing,3,3,501,cust5957@example.com,billing issue reported,2026-04-03T23:45:00+05:30
2026-04-03,South,product_query,0,1,501,cust2478@example.com,product query issue reported,2026-04-03T23:45:00+05:30
2026-04-03,East,late_delivery,3,3,345,cust5382@example.com,Order dispatched late from the North hub; no update for three days.,2026-04-03T23:45:00+05:30
2026-04-03,East,damaged_item,0,0,345,cust4400@example.com,damaged item issue reported,2026-04-03T23:45:00+05:30
2026-04-03,East,billing,0,0,345,cust7861@example.com,billing issue reported,2026-04-03T23:45:00+05:30
2026-04-03,East,product_query,0,0,345,cust8859@example.com,product query issue reported,2026-04-03T23:45:00+05:30
2026-04-03,West,late_delivery,0,0,455,cust6527@example.com,Order dispatched late from the North hub; no update for three days.,2026-04-03T23:45:00+05:30
2026-04-03,West,damaged_item,2,2,455,cust3057@example.com,damaged item issue reported,2026-04-03T23:45:00+05:30
2026-04-03,West,billing,0,0,455,cust8087@example.com,billing issue reported,2026-04-03T23:45:00+05:30
2026-04-03,West,product_query,0,2,455,cust9533@example.com,product query issue reported,2026-04-03T23:45:00+05:30
2026-04-04,North,late_delivery,4,4,701,cust2323@example.com,Order dispatched late from the North hub; no update for three days.,2026-04-04T23:45:00+05:30
2026-04-04,North,damaged_item,2,2,701,cust97@example.com,damaged item issue reported,2026-04-04T23:45:00+05:30
2026-04-04,North,billing,0,0,701,cust6774@example.com,billing issue reported,2026-04-04T23:45:00+05:30
2026-04-04,North,product_query,0,3,701,cust8555@example.com,product query issue reported,2026-04-04T23:45:00+05:30
2026-04-04,South,late_delivery,4,4,594,cust9789@example.com,Order dispatched late from the North hub; no update for three days.,2026-04-04T23:45:00+05:30
2026-04-04,South,damaged_item,1,1,594,cust5527@example.com,damaged item issue reported,2026-04-04T23:45:00+05:30
2026-04-04,South,billing,3,3,594,cust3579@example.com,billing issue reported,2026-04-04T23:45:00+05:30
2026-04-04,South,product_query,0,4,594,cust6295@example.com,product query issue reported,2026-04-04T23:45:00+05:30
2026-04-04,East,late_delivery,0,0,409,cust9043@example.com,Order dispatched late from the North hub; no update for three days.,2026-04-04T23:45:00+05:30
2026-04-04,East,damaged_item,2,2,409,cust3404@example.com,damaged item issue reported,2026-04-04T23:45:00+05:30
2026-04-04,East,billing,0,0,409,cust9857@example.com,billing issue reported,2026-04-04T23:45:00+05:30
2026-04-04,East,product_query,0,2,409,cust1374@example.com,product query issue reported,2026-04-04T23:45:00+05:30
2026-04-04,West,late_delivery,3,3,539,cust850@example.com,Order dispatched late from the North hub; no update for three days.,2026-04-04T23:45:00+05:30
2026-04-04,West,damaged_item,3,3,539,cust23@example.com,damaged item issue reported,2026-04-04T23:45:00+05:30
2026-04-04,West,billing,0,0,539,cust4526@example.com,billing issue reported,2026-04-04T23:45:00+05:30
2026-04-04,West,product_query,0,2,539,cust4094@example.com,product query issue reported,2026-04-04T23:45:00+05:30
2026-04-05,North,late_delivery,5,5,701,cust2227@example.com,Order dispatched late from the North hub; no update for three days.,2026-04-05T23:45:00+05:30
2026-04-05,North,damaged_item,0,0,701,cust5174@example.com,damaged item issue reported,2026-04-05T23:45:00+05:30
2026-04-05,North,billing,1,1,701,cust4117@example.com,billing issue reported,2026-04-05T23:45:00+05:30
2026-04-05,North,product_query,0,2,701,cust5351@example.com,product query issue reported,2026-04-05T23:45:00+05:30
2026-04-05,South,late_delivery,4,4,594,cust1002@example.com,Order dispatched late from the North hub; no update for three days.,2026-04-05T23:45:00+05:30
2026-04-05,South,damaged_item,3,3,594,cust5276@example.com,damaged item issue reported,2026-04-05T23:45:00+05:30
2026-04-05,South,billing,0,0,594,cust4118@example.com,billing issue reported,2026-04-05T23:45:00+05:30
2026-04-05,South,product_query,0,3,594,cust9497@example.com,product query issue reported,2026-04-05T23:45:00+05:30
2026-04-05,East,late_delivery,10,10,409,cust2084@example.com,Order dispatched late from the North hub; no update for three days.,2026-04-05T23:45:00+05:30
2026-04-05,East,damaged_item,4,4,409,cust6513@example.com,damaged item issue reported,2026-04-05T23:45:00+05:30
2026-04-05,East,billing,1,1,409,cust4414@example.com,billing issue reported,2026-04-05T23:45:00+05:30
2026-04-05,East,product_query,0,4,409,cust953@example.com,product query issue reported,2026-04-05T23:45:00+05:30
2026-04-05,West,late_delivery,7,7,539,cust2052@example.com,Order dispatched late from the North hub; no update for three days.,2026-04-05T23:45:00+05:30
2026-04-05,West,damaged_item,5,5,539,cust8437@example.com,damaged item issue reported,2026-04-05T23:45:00+05:30
2026-04-05,West,billing,0,0,539,cust3059@example.com,billing issue reported,2026-04-05T23:45:00+05:30
2026-04-05,West,product_query,0,2,539,cust4765@example.com,product query issue reported,2026-04-05T23:45:00+05:30
2026-04-06,North,late_delivery,2,2,593,cust8000@example.com,Order dispatched late from the North hub; no update for three days.,2026-04-06T23:45:00+05:30
2026-04-06,North,damaged_item,5,5,593,cust6948@example.com,damaged item issue reported,2026-04-06T23:45:00+05:30
2026-04-06,North,billing,3,3,593,cust9191@example.com,billing issue reported,2026-04-06T23:45:00+05:30
2026-04-06,North,product_query,0,2,593,cust313@example.com,product query issue reported,2026-04-06T23:45:00+05:30
2026-04-06,South,late_delivery,3,3,502,cust5336@example.com,Order dispatched late from the North hub; no update for three days.,2026-04-06T23:45:00+05:30
2026-04-06,South,damaged_item,1,1,502,cust8573@example.com,damaged item issue reported,2026-04-06T23:45:00+05:30
2026-04-06,South,billing,1,1,502,cust2683@example.com,billing issue reported,2026-04-06T23:45:00+05:30
2026-04-06,South,product_query,0,3,502,cust7791@example.com,product query issue reported,2026-04-06T23:45:00+05:30
2026-04-06,East,late_delivery,2,2,346,cust2000@example.com,Order dispatched late from the North hub; no update for three days.,2026-04-06T23:45:00+05:30
2026-04-06,East,damaged_item,2,2,346,cust5088@example.com,damaged item issue reported,2026-04-06T23:45:00+05:30
2026-04-06,East,billing,1,1,346,cust6527@example.com,billing issue reported,2026-04-06T23:45:00+05:30
2026-04-06,East,product_query,0,2,346,cust6881@example.com,product query issue reported,2026-04-06T23:45:00+05:30
2026-04-06,West,late_delivery,6,6,455,cust4690@example.com,Order dispatched late from the North hub; no update for three days.,2026-04-06T23:45:00+05:30
2026-04-06,West,damaged_item,1,1,455,cust5236@example.com,damaged item issue reported,2026-04-06T23:45:00+05:30
2026-04-06,West,billing,2,2,455,cust2374@example.com,billing issue reported,2026-04-06T23:45:00+05:30
2026-04-06,West,product_query,0,2,455,cust8610@example.com,product query issue reported,2026-04-06T23:45:00+05:30
2026-04-07,North,late_delivery,3,3,593,cust4882@example.com,Order dispatched late from the North hub; no update for three days.,2026-04-07T23:45:00+05:30
2026-04-07,North,damaged_item,2,2,593,cust6824@example.com,damaged item issue reported,2026-04-07T23:45:00+05:30
2026-04-07,North,billing,0,0,593,cust1509@example.com,billing issue reported,2026-04-07T23:45:00+05:30
2026-04-07,North,product_query,0,4,593,cust9305@example.com,product query issue reported,2026-04-07T23:45:00+05:30
2026-04-07,South,late_delivery,2,2,502,cust5623@example.com,Order dispatched late from the North hub; no update for three days.,2026-04-07T23:45:00+05:30
2026-04-07,South,damaged_item,4,4,502,cust4847@example.com,damaged item issue reported,2026-04-07T23:45:00+05:30
2026-04-07,South,billing,2,2,502,cust6874@example.com,billing issue reported,2026-04-07T23:45:00+05:30
2026-04-07,South,product_query,0,2,502,cust9015@example.com,product query issue reported,2026-04-07T23:45:00+05:30
2026-04-07,East,late_delivery,1,1,346,cust4152@example.com,Order dispatched late from the North hub; no update for three days.,2026-04-07T23:45:00+05:30
2026-04-07,East,damaged_item,0,0,346,cust2236@example.com,damaged item issue reported,2026-04-07T23:45:00+05:30
2026-04-07,East,billing,0,0,346,cust6585@example.com,billing issue reported,2026-04-07T23:45:00+05:30
2026-04-07,East,product_query,0,2,346,cust2067@example.com,product query issue reported,2026-04-07T23:45:00+05:30
2026-04-07,West,late_delivery,4,4,456,cust467@example.com,Order dispatched late from the North hub; no update for three days.,2026-04-07T23:45:00+05:30
2026-04-07,West,damaged_item,1,1,456,cust3859@example.com,damaged item issue reported,2026-04-07T23:45:00+05:30
2026-04-07,West,billing,2,2,456,cust2297@example.com,billing issue reported,2026-04-07T23:45:00+05:30
2026-04-07,West,product_query,0,2,456,cust838@example.com,product query issue reported,2026-04-07T23:45:00+05:30
2026-04-08,North,late_delivery,5,5,593,cust9278@example.com,Order dispatched late from the North hub; no update for three days.,2026-04-08T23:45:00+05:30
2026-04-08,North,damaged_item,2,2,593,cust7830@example.com,damaged item issue reported,2026-04-08T23:45:00+05:30
2026-04-08,North,billing,1,1,593,cust3586@example.com,billing issue reported,2026-04-08T23:45:00+05:30
2026-04-08,North,product_query,0,3,593,cust1174@example.com,product query issue reported,2026-04-08T23:45:00+05:30
2026-04-08,South,late_delivery,6,6,503,cust3916@example.com,Order dispatched late from the North hub; no update for three days.,2026-04-08T23:45:00+05:30
2026-04-08,South,damaged_item,1,1,503,cust8644@example.com,damaged item issue reported,2026-04-08T23:45:00+05:30
2026-04-08,South,billing,2,2,503,cust8178@example.com,billing issue reported,2026-04-08T23:45:00+05:30
2026-04-08,South,product_query,0,1,503,cust6524@example.com,product query issue reported,2026-04-08T23:45:00+05:30
2026-04-08,East,late_delivery,1,1,346,cust700@example.com,Order dispatched late from the North hub; no update for three days.,2026-04-08T23:45:00+05:30
2026-04-08,East,damaged_item,2,2,346,cust7548@example.com,damaged item issue reported,2026-04-08T23:45:00+05:30
2026-04-08,East,billing,3,3,346,cust9435@example.com,billing issue reported,2026-04-08T23:45:00+05:30
2026-04-08,East,product_query,0,0,346,cust4056@example.com,product query issue reported,2026-04-08T23:45:00+05:30
2026-04-08,West,late_delivery,1,1,456,cust2275@example.com,Order dispatched late from the North hub; no update for three days.,2026-04-08T23:45:00+05:30
2026-04-08,West,damaged_item,3,3,456,cust4710@example.com,damaged item issue reported,2026-04-08T23:45:00+05:30
2026-04-08,West,billing,2,2,456,cust7157@example.com,billing issue reported,2026-04-08T23:45:00+05:30
2026-04-08,West,product_query,0,1,456,cust9203@example.com,product query issue reported,2026-04-08T23:45:00+05:30
2026-04-09,North,late_delivery,3,3,593,cust2990@example.com,Order dispatched late from the North hub; no update for three days.,2026-04-09T23:45:00+05:30
2026-04-09,North,damaged_item,2,2,593,cust8400@example.com,damaged item issue reported,2026-04-09T23:45:00+05:30
2026-04-09,North,billing,2,2,593,cust9226@example.com,billing issue reported,2026-04-09T23:45:00+05:30
2026-04-09,North,product_query,0,1,593,cust5098@example.com,product query issue reported,2026-04-09T23:45:00+05:30
2026-04-09,South,late_delivery,4,4,503,cust6634@example.com,Order dispatched late from the North hub; no update for three days.,2026-04-09T23:45:00+05:30
2026-04-09,South,damaged_item,2,2,503,cust2748@example.com,damaged item issue reported,2026-04-09T23:45:00+05:30
2026-04-09,South,billing,3,3,503,cust341@example.com,billing issue reported,2026-04-09T23:45:00+05:30
2026-04-09,South,product_query,0,1,503,cust1738@example.com,product query issue reported,2026-04-09T23:45:00+05:30
2026-04-09,East,late_delivery,2,2,346,cust1104@example.com,Order dispatched late from the North hub; no update for three days.,2026-04-09T23:45:00+05:30
2026-04-09,East,damaged_item,0,0,346,cust9801@example.com,damaged item issue reported,2026-04-09T23:45:00+05:30
2026-04-09,East,billing,0,0,346,cust7094@example.com,billing issue reported,2026-04-09T23:45:00+05:30
2026-04-09,East,product_query,0,2,346,cust6348@example.com,product query issue reported,2026-04-09T23:45:00+05:30
2026-04-09,West,late_delivery,1,1,456,cust3472@example.com,Order dispatched late from the North hub; no update for three days.,2026-04-09T23:45:00+05:30
2026-04-09,West,damaged_item,1,1,456,cust5435@example.com,damaged item issue reported,2026-04-09T23:45:00+05:30
2026-04-09,West,billing,3,3,456,cust1489@example.com,billing issue reported,2026-04-09T23:45:00+05:30
2026-04-09,West,product_query,0,0,456,cust9686@example.com,product query issue reported,2026-04-09T23:45:00+05:30
2026-04-10,North,late_delivery,3,3,594,cust4474@example.com,Order dispatched late from the North hub; no update for three days.,2026-04-10T23:45:00+05:30
2026-04-10,North,damaged_item,0,0,594,cust5865@example.com,damaged item issue reported,2026-04-10T23:45:00+05:30
2026-04-10,North,billing,2,2,594,cust4795@example.com,billing issue reported,2026-04-10T23:45:00+05:30
2026-04-10,North,product_query,0,2,594,cust4752@example.com,product query issue reported,2026-04-10T23:45:00+05:30
2026-04-10,South,late_delivery,2,2,503,cust7565@example.com,Order dispatched late from the North hub; no update for three days.,2026-04-10T23:45:00+05:30
2026-04-10,South,damaged_item,1,1,503,cust1652@example.com,damaged item issue reported,2026-04-10T23:45:00+05:30
2026-04-10,South,billing,2,2,503,cust1713@example.com,billing issue reported,2026-04-10T23:45:00+05:30
2026-04-10,South,product_query,0,2,503,cust3291@example.com,product query issue reported,2026-04-10T23:45:00+05:30
2026-04-10,East,late_delivery,2,2,346,cust954@example.com,Order dispatched late from the North hub; no update for three days.,2026-04-10T23:45:00+05:30
2026-04-10,East,damaged_item,2,2,346,cust58@example.com,damaged item issue reported,2026-04-10T23:45:00+05:30
2026-04-10,East,billing,0,0,346,cust6319@example.com,billing issue reported,2026-04-10T23:45:00+05:30
2026-04-10,East,product_query,0,2,346,cust7490@example.com,product query issue reported,2026-04-10T23:45:00+05:30
2026-04-10,West,late_delivery,3,3,456,cust3726@example.com,Order dispatched late from the North hub; no update for three days.,2026-04-10T23:45:00+05:30
2026-04-10,West,damaged_item,2,2,456,cust1332@example.com,damaged item issue reported,2026-04-10T23:45:00+05:30
2026-04-10,West,billing,0,0,456,cust2554@example.com,billing issue reported,2026-04-10T23:45:00+05:30
2026-04-10,West,product_query,0,1,456,cust3523@example.com,product query issue reported,2026-04-10T23:45:00+05:30
2026-04-11,North,late_delivery,8,8,703,cust6854@example.com,Order dispatched late from the North hub; no update for three days.,2026-04-11T23:45:00+05:30
2026-04-11,North,damaged_item,3,3,703,cust2536@example.com,damaged item issue reported,2026-04-11T23:45:00+05:30
2026-04-11,North,billing,0,0,703,cust7743@example.com,billing issue reported,2026-04-11T23:45:00+05:30
2026-04-11,North,product_query,0,3,703,cust2813@example.com,product query issue reported,2026-04-11T23:45:00+05:30
2026-04-11,South,late_delivery,7,7,596,cust494@example.com,Order dispatched late from the North hub; no update for three days.,2026-04-11T23:45:00+05:30
2026-04-11,South,damaged_item,0,0,596,cust8501@example.com,damaged item issue reported,2026-04-11T23:45:00+05:30
2026-04-11,South,billing,1,1,596,cust5663@example.com,billing issue reported,2026-04-11T23:45:00+05:30
2026-04-11,South,product_query,0,5,596,cust2121@example.com,product query issue reported,2026-04-11T23:45:00+05:30
2026-04-11,East,late_delivery,1,1,410,cust2010@example.com,Order dispatched late from the North hub; no update for three days.,2026-04-11T23:45:00+05:30
2026-04-11,East,damaged_item,1,1,410,cust9574@example.com,damaged item issue reported,2026-04-11T23:45:00+05:30
2026-04-11,East,billing,0,0,410,cust1277@example.com,billing issue reported,2026-04-11T23:45:00+05:30
2026-04-11,East,product_query,0,3,410,cust7945@example.com,product query issue reported,2026-04-11T23:45:00+05:30
2026-04-11,West,late_delivery,2,2,540,cust183@example.com,Order dispatched late from the North hub; no update for three days.,2026-04-11T23:45:00+05:30
2026-04-11,West,damaged_item,0,0,540,cust3501@example.com,damaged item issue reported,2026-04-11T23:45:00+05:30
2026-04-11,West,billing,2,2,540,cust1035@example.com,billing issue reported,2026-04-11T23:45:00+05:30
2026-04-11,West,product_query,0,3,540,cust6595@example.com,product query issue reported,2026-04-11T23:45:00+05:30
2026-04-12,North,late_delivery,6,6,703,cust5006@example.com,Order dispatched late from the North hub; no update for three days.,2026-04-12T23:45:00+05:30
2026-04-12,North,damaged_item,0,0,703,cust1712@example.com,damaged item issue reported,2026-04-12T23:45:00+05:30
2026-04-12,North,billing,2,2,703,cust2018@example.com,billing issue reported,2026-04-12T23:45:00+05:30
2026-04-12,North,product_query,0,4,703,cust2113@example.com,product query issue reported,2026-04-12T23:45:00+05:30
2026-04-12,South,late_delivery,3,3,596,cust1276@example.com,Order dispatched late from the North hub; no update for three days.,2026-04-12T23:45:00+05:30
2026-04-12,South,damaged_item,2,2,596,cust510@example.com,damaged item issue reported,2026-04-12T23:45:00+05:30
2026-04-12,South,billing,1,1,596,cust9485@example.com,billing issue reported,2026-04-12T23:45:00+05:30
2026-04-12,South,product_query,0,3,596,cust4094@example.com,product query issue reported,2026-04-12T23:45:00+05:30
2026-04-12,East,late_delivery,3,3,410,cust3155@example.com,Order dispatched late from the North hub; no update for three days.,2026-04-12T23:45:00+05:30
2026-04-12,East,damaged_item,0,0,410,cust3169@example.com,damaged item issue reported,2026-04-12T23:45:00+05:30
2026-04-12,East,billing,1,1,410,cust5497@example.com,billing issue reported,2026-04-12T23:45:00+05:30
2026-04-12,East,product_query,0,1,410,cust3384@example.com,product query issue reported,2026-04-12T23:45:00+05:30
2026-04-12,West,late_delivery,3,3,540,cust8415@example.com,Order dispatched late from the North hub; no update for three days.,2026-04-12T23:45:00+05:30
2026-04-12,West,damaged_item,4,4,540,cust6462@example.com,damaged item issue reported,2026-04-12T23:45:00+05:30
2026-04-12,West,billing,2,2,540,cust6912@example.com,billing issue reported,2026-04-12T23:45:00+05:30
2026-04-12,West,product_query,0,0,540,cust8098@example.com,product query issue reported,2026-04-12T23:45:00+05:30
2026-04-13,North,late_delivery,6,6,594,cust8456@example.com,Order dispatched late from the North hub; no update for three days.,2026-04-13T23:45:00+05:30
2026-04-13,North,damaged_item,2,2,594,cust1624@example.com,damaged item issue reported,2026-04-13T23:45:00+05:30
2026-04-13,North,billing,2,2,594,cust2514@example.com,billing issue reported,2026-04-13T23:45:00+05:30
2026-04-13,North,product_query,0,1,594,cust6975@example.com,product query issue reported,2026-04-13T23:45:00+05:30
2026-04-13,South,late_delivery,0,0,503,cust8044@example.com,Order dispatched late from the North hub; no update for three days.,2026-04-13T23:45:00+05:30
2026-04-13,South,damaged_item,0,0,503,cust2887@example.com,damaged item issue reported,2026-04-13T23:45:00+05:30
2026-04-13,South,billing,4,4,503,cust3075@example.com,billing issue reported,2026-04-13T23:45:00+05:30
2026-04-13,South,product_query,0,1,503,cust2371@example.com,product query issue reported,2026-04-13T23:45:00+05:30
2026-04-13,East,late_delivery,8,8,347,cust7895@example.com,Order dispatched late from the North hub; no update for three days.,2026-04-13T23:45:00+05:30
2026-04-13,East,damaged_item,1,1,347,cust5096@example.com,damaged item issue reported,2026-04-13T23:45:00+05:30
2026-04-13,East,billing,1,1,347,cust7230@example.com,billing issue reported,2026-04-13T23:45:00+05:30
2026-04-13,East,product_query,0,2,347,cust2800@example.com,product query issue reported,2026-04-13T23:45:00+05:30
2026-04-13,West,late_delivery,2,2,457,cust5393@example.com,Order dispatched late from the North hub; no update for three days.,2026-04-13T23:45:00+05:30
2026-04-13,West,damaged_item,1,1,457,cust7353@example.com,damaged item issue reported,2026-04-13T23:45:00+05:30
2026-04-14,West,billing,0,0,457,cust7902@example.com,billing issue reported,2026-04-13T23:45:00+05:30
2026-04-13,West,product_query,0,3,457,cust419@example.com,product query issue reported,2026-04-13T23:45:00+05:30
2026-04-14,North,late_delivery,1,1,725,cust1783@example.com,Order dispatched late from the North hub; no update for three days.,2026-04-14T23:45:00+05:30
2026-04-14,North,damaged_item,4,4,725,cust4263@example.com,damaged item issue reported,2026-04-14T23:45:00+05:30
2026-04-14,North,billing,2,2,725,cust4977@example.com,billing issue reported,2026-04-14T23:45:00+05:30
2026-04-14,North,product_query,0,1,725,cust9544@example.com,product query issue reported,2026-04-14T23:45:00+05:30
2026-04-14,South,late_delivery,3,3,615,cust8555@example.com,Order dispatched late from the North hub; no update for three days.,2026-04-14T23:45:00+05:30
2026-04-14,South,damaged_item,1,1,615,cust7081@example.com,damaged item issue reported,2026-04-14T23:45:00+05:30
2026-04-14,South,billing,2,2,615,cust4920@example.com,billing issue reported,2026-04-14T23:45:00+05:30
2026-04-14,South,product_query,0,3,615,cust5056@example.com,product query issue reported,2026-04-14T23:45:00+05:30
2026-04-14,East,late_delivery,4,4,423,cust1276@example.com,Order dispatched late from the North hub; no update for three days.,2026-04-14T23:45:00+05:30
2026-04-14,East,damaged_item,0,0,423,cust8852@example.com,damaged item issue reported,2026-04-14T23:45:00+05:30
2026-04-14,East,billing,3,3,423,cust4071@example.com,billing issue reported,2026-04-14T23:45:00+05:30
2026-04-14,East,product_query,0,3,423,cust1752@example.com,product query issue reported,2026-04-14T23:45:00+05:30
2026-04-14,West,late_delivery,3,3,557,cust3462@example.com,Order dispatched late from the North hub; no update for three days.,2026-04-14T23:45:00+05:30
2026-04-14,West,damaged_item,1,1,557,cust1894@example.com,damaged item issue reported,2026-04-14T23:45:00+05:30
2026-04-14,West,billing,2,2,557,cust4115@example.com,billing issue reported,2026-04-14T23:45:00+05:30
2026-04-14,West,product_query,0,2,557,cust3@example.com,product query issue reported,2026-04-14T23:45:00+05:30
2026-04-15,North,late_delivery,9,9,595,cust5177@example.com,Order dispatched late from the North hub; no update for three days.,2026-04-15T23:45:00+05:30
2026-04-15,North,damaged_item,2,2,595,cust6079@example.com,damaged item issue reported,2026-04-15T23:45:00+05:30
2026-04-15,North,billing,5,5,595,cust7209@example.com,billing issue reported,2026-04-15T23:45:00+05:30
2026-04-15,North,product_query,0,2,595,cust276@example.com,product query issue reported,2026-04-15T23:45:00+05:30
2026-04-15,South,late_delivery,3,3,504,cust1616@example.com,Order dispatched late from the North hub; no update for three days.,2026-04-15T23:45:00+05:30
2026-04-15,South,damaged_item,5,5,504,cust8086@example.com,damaged item issue reported,2026-04-15T23:45:00+05:30
2026-04-15,South,billing,1,1,504,cust9893@example.com,billing issue reported,2026-04-15T23:45:00+05:30
2026-04-15,South,product_query,0,3,504,cust8188@example.com,product query issue reported,2026-04-15T23:45:00+05:30
2026-04-15,East,late_delivery,2,2,347,cust9337@example.com,Order dispatched late from the North hub; no update for three days.,2026-04-15T23:45:00+05:30
2026-04-15,East,damaged_item,1,1,347,cust484@example.com,damaged item issue reported,2026-04-15T23:45:00+05:30
2026-04-15,East,billing,0,0,347,cust7322@example.com,billing issue reported,2026-04-15T23:45:00+05:30
2026-04-15,East,product_query,0,1,347,cust1107@example.com,product query issue reported,2026-04-15T23:45:00+05:30
2026-04-15,West,late_delivery,4,4,457,cust3618@example.com,Order dispatched late from the North hub; no update for three days.,2026-04-15T23:45:00+05:30
2026-04-15,West,damaged_item,1,1,457,cust3087@example.com,damaged item issue reported,2026-04-15T23:45:00+05:30
2026-04-15,West,billing,0,0,457,cust488@example.com,billing issue reported,2026-04-15T23:45:00+05:30
2026-04-15,West,product_query,0,3,457,cust6843@example.com,product query issue reported,2026-04-15T23:45:00+05:30
2026-04-16,North,late_delivery,2,2,595,cust6565@example.com,Order dispatched late from the North hub; no update for three days.,2026-04-16T23:45:00+05:30
2026-04-16,North,damaged_item,1,1,595,cust5191@example.com,damaged item issue reported,2026-04-16T23:45:00+05:30
2026-04-16,North,billing,0,0,595,cust5653@example.com,billing issue reported,2026-04-16T23:45:00+05:30
2026-04-16,North,product_query,0,3,595,cust2353@example.com,product query issue reported,2026-04-16T23:45:00+05:30
2026-04-16,South,late_delivery,3,3,504,cust6077@example.com,Order dispatched late from the North hub; no update for three days.,2026-04-16T23:45:00+05:30
2026-04-16,South,damaged_item,1,1,504,cust4675@example.com,damaged item issue reported,2026-04-16T23:45:00+05:30
2026-04-16,South,billing,1,1,504,cust5542@example.com,billing issue reported,2026-04-16T23:45:00+05:30
2026-04-16,South,product_query,0,3,504,cust9878@example.com,product query issue reported,2026-04-16T23:45:00+05:30
2026-04-16,East,late_delivery,4,4,347,cust8400@example.com,Order dispatched late from the North hub; no update for three days.,2026-04-16T23:45:00+05:30
2026-04-16,East,damaged_item,0,0,347,cust596@example.com,damaged item issue reported,2026-04-16T23:45:00+05:30
2026-04-16,East,billing,1,1,347,cust1091@example.com,billing issue reported,2026-04-16T23:45:00+05:30
2026-04-16,East,product_query,0,2,347,cust5255@example.com,product query issue reported,2026-04-16T23:45:00+05:30
2026-04-16,West,late_delivery,1,1,457,cust8147@example.com,Order dispatched late from the North hub; no update for three days.,2026-04-16T23:45:00+05:30
2026-04-16,West,damaged_item,0,0,457,cust2075@example.com,damaged item issue reported,2026-04-16T23:45:00+05:30
2026-04-16,West,billing,0,0,457,cust2548@example.com,billing issue reported,2026-04-16T23:45:00+05:30
2026-04-16,West,product_query,0,3,457,cust7546@example.com,product query issue reported,2026-04-16T23:45:00+05:30
2026-04-17,North,late_delivery,0,0,595,cust3429@example.com,Order dispatched late from the North hub; no update for three days.,2026-04-17T23:45:00+05:30
2026-04-17,North,damaged_item,1,1,595,cust2667@example.com,damaged item issue reported,2026-04-17T23:45:00+05:30
2026-04-18,North,billing,0,0,595,cust7274@example.com,billing issue reported,2026-04-17T23:45:00+05:30
2026-04-17,North,product_query,0,3,595,cust2869@example.com,product query issue reported,2026-04-17T23:45:00+05:30
2026-04-17,South,late_delivery,5,5,504,cust1887@example.com,Order dispatched late from the North hub; no update for three days.,2026-04-17T23:45:00+05:30
2026-04-17,South,damaged_item,4,4,504,cust3806@example.com,damaged item issue reported,2026-04-17T23:45:00+05:30
2026-04-17,South,billing,1,1,504,cust464@example.com,billing issue reported,2026-04-17T23:45:00+05:30
2026-04-17,South,product_query,0,4,504,cust1200@example.com,product query issue reported,2026-04-17T23:45:00+05:30
2026-04-17,East,late_delivery,3,3,347,cust5858@example.com,Order dispatched late from the North hub; no update for three days.,2026-04-17T23:45:00+05:30
2026-04-17,East,damaged_item,2,2,347,cust1167@example.com,damaged item issue reported,2026-04-17T23:45:00+05:30
2026-04-17,East,billing,1,1,347,cust9506@example.com,billing issue reported,2026-04-17T23:45:00+05:30
2026-04-17,East,product_query,0,6,347,cust9816@example.com,product query issue reported,2026-04-17T23:45:00+05:30
2026-04-17,West,late_delivery,3,3,457,cust1110@example.com,Order dispatched late from the North hub; no update for three days.,2026-04-17T23:45:00+05:30
2026-04-17,West,damaged_item,1,1,457,cust2675@example.com,damaged item issue reported,2026-04-17T23:45:00+05:30
2026-04-17,West,billing,1,1,457,cust2394@example.com,billing issue reported,2026-04-17T23:45:00+05:30
2026-04-17,West,product_query,0,2,457,cust6499@example.com,product query issue reported,2026-04-17T23:45:00+05:30
2026-04-18,North,late_delivery,7,7,705,cust8185@example.com,Order dispatched late from the North hub; no update for three days.,2026-04-18T23:45:00+05:30
2026-04-18,North,damaged_item,1,1,705,cust9394@example.com,damaged item issue reported,2026-04-18T23:45:00+05:30
2026-04-18,North,billing,6,6,705,cust5960@example.com,billing issue reported,2026-04-18T23:45:00+05:30
2026-04-18,North,product_query,0,8,705,cust2444@example.com,product query issue reported,2026-04-18T23:45:00+05:30
2026-04-18,South,late_delivery,5,5,597,cust3685@example.com,Order dispatched late from the North hub; no update for three days.,2026-04-18T23:45:00+05:30
2026-04-18,South,damaged_item,0,0,597,cust5531@example.com,damaged item issue reported,2026-04-18T23:45:00+05:30
2026-04-18,South,billing,0,0,597,cust7373@example.com,billing issue reported,2026-04-18T23:45:00+05:30
2026-04-18,South,product_query,0,5,597,cust3756@example.com,product query issue reported,2026-04-18T23:45:00+05:30
2026-04-18,East,late_delivery,1,1,411,cust9336@example.com,Order dispatched late from the North hub; no update for three days.,2026-04-18T23:45:00+05:30
2026-04-18,East,damaged_item,0,0,411,cust6171@example.com,damaged item issue reported,2026-04-18T23:45:00+05:30
2026-04-18,East,billing,0,0,411,cust6177@example.com,billing issue reported,2026-04-18T23:45:00+05:30
2026-04-18,East,product_query,0,1,411,cust8019@example.com,product query issue reported,2026-04-18T23:45:00+05:30
2026-04-18,West,late_delivery,2,2,542,cust8353@example.com,Order dispatched late from the North hub; no update for three days.,2026-04-18T23:45:00+05:30
2026-04-18,West,damaged_item,0,0,542,cust8177@example.com,damaged item issue reported,2026-04-18T23:45:00+05:30
2026-04-18,West,billing,1,1,542,cust4251@example.com,billing issue reported,2026-04-18T23:45:00+05:30
2026-04-18,West,product_query,0,4,542,cust1755@example.com,product query issue reported,2026-04-18T23:45:00+05:30
2026-04-19,North,late_delivery,4,4,705,cust5911@example.com,Order dispatched late from the North hub; no update for three days.,2026-04-19T23:45:00+05:30
2026-04-19,North,damaged_item,2,2,705,cust8703@example.com,damaged item issue reported,2026-04-19T23:45:00+05:30
2026-04-19,North,billing,1,1,705,cust4305@example.com,billing issue reported,2026-04-19T23:45:00+05:30
2026-04-19,North,product_query,0,1,705,cust1538@example.com,product query issue reported,2026-04-19T23:45:00+05:30
2026-04-19,South,late_delivery,3,3,597,cust8239@example.com,Order dispatched late from the North hub; no update for three days.,2026-04-19T23:45:00+05:30
2026-04-19,South,damaged_item,1,1,597,cust6977@example.com,damaged item issue reported,2026-04-19T23:45:00+05:30
2026-04-19,South,billing,3,3,597,cust4881@example.com,billing issue reported,2026-04-19T23:45:00+05:30
2026-04-19,South,product_query,0,3,597,cust3505@example.com,product query issue reported,2026-04-19T23:45:00+05:30
2026-04-19,East,late_delivery,5,5,411,cust4067@example.com,Order dispatched late from the North hub; no update for three days.,2026-04-19T23:45:00+05:30
2026-04-19,East,damaged_item,3,3,411,cust6668@example.com,damaged item issue reported,2026-04-19T23:45:00+05:30
2026-04-19,East,billing,2,2,411,cust677@example.com,billing issue reported,2026-04-19T23:45:00+05:30
2026-04-19,East,product_query,0,2,411,cust7093@example.com,product query issue reported,2026-04-19T23:45:00+05:30
2026-04-19,West,late_delivery,5,5,542,cust1493@example.com,Order dispatched late from the North hub; no update for three days.,2026-04-19T23:45:00+05:30
2026-04-19,West,damaged_item,0,0,542,cust8765@example.com,damaged item issue reported,2026-04-19T23:45:00+05:30
2026-04-19,West,billing,1,1,542,cust997@example.com,billing issue reported,2026-04-19T23:45:00+05:30
2026-04-19,West,product_query,0,3,542,cust5543@example.com,product query issue reported,2026-04-19T23:45:00+05:30
2026-04-20,North,late_delivery,6,6,596,cust3953@example.com,Order dispatched late from the North hub; no update for three days.,2026-04-20T23:45:00+05:30
2026-04-20,North,damaged_item,4,4,596,cust4390@example.com,damaged item issue reported,2026-04-20T23:45:00+05:30
2026-04-20,North,billing,2,2,596,cust3346@example.com,billing issue reported,2026-04-20T23:45:00+05:30
2026-04-20,North,product_query,0,4,596,cust4175@example.com,product query issue reported,2026-04-20T23:45:00+05:30
2026-04-20,South,late_delivery,2,2,505,cust6709@example.com,Order dispatched late from the North hub; no update for three days.,2026-04-20T23:45:00+05:30
2026-04-20,South,damaged_item,1,1,505,cust3331@example.com,damaged item issue reported,2026-04-20T23:45:00+05:30
2026-04-20,South,billing,0,0,505,cust6233@example.com,billing issue reported,2026-04-20T23:45:00+05:30
2026-04-20,South,product_query,0,3,505,cust6598@example.com,product query issue reported,2026-04-20T23:45:00+05:30
2026-04-20,East,late_delivery,1,1,347,cust7705@example.com,Order dispatched late from the North hub; no update for three days.,2026-04-20T23:45:00+05:30
2026-04-20,East,damaged_item,1,1,347,cust6227@example.com,damaged item issue reported,2026-04-20T23:45:00+05:30
2026-04-20,East,billing,0,0,347,cust9857@example.com,billing issue reported,2026-04-20T23:45:00+05:30
2026-04-20,East,product_query,0,0,347,cust7308@example.com,product query issue reported,2026-04-20T23:45:00+05:30
2026-04-20,West,late_delivery,2,2,458,cust9875@example.com,Order dispatched late from the North hub; no update for three days.,2026-04-20T23:45:00+05:30
2026-04-20,West,damaged_item,1,1,458,cust4139@example.com,damaged item issue reported,2026-04-20T23:45:00+05:30
2026-04-20,West,billing,1,1,458,cust5645@example.com,billing issue reported,2026-04-20T23:45:00+05:30
2026-04-20,West,product_query,0,2,458,cust2110@example.com,product query issue reported,2026-04-20T23:45:00+05:30
2026-04-21,North,late_delivery,1,1,596,cust3286@example.com,Order dispatched late from the North hub; no update for three days.,2026-04-21T23:45:00+05:30
2026-04-21,North,damaged_item,5,5,596,cust2154@example.com,damaged item issue reported,2026-04-21T23:45:00+05:30
2026-04-21,North,billing,2,2,596,cust7613@example.com,billing issue reported,2026-04-21T23:45:00+05:30
2026-04-21,North,product_query,0,1,596,cust5314@example.com,product query issue reported,2026-04-21T23:45:00+05:30
2026-04-21,South,late_delivery,6,6,505,cust6114@example.com,Order dispatched late from the North hub; no update for three days.,2026-04-21T23:45:00+05:30
2026-04-21,South,damaged_item,0,0,505,cust4094@example.com,damaged item issue reported,2026-04-21T23:45:00+05:30
2026-04-21,South,billing,0,0,505,cust9855@example.com,billing issue reported,2026-04-21T23:45:00+05:30
2026-04-21,South,product_query,0,1,505,cust4503@example.com,product query issue reported,2026-04-21T23:45:00+05:30
2026-04-21,East,late_delivery,1,1,347,cust6044@example.com,Order dispatched late from the North hub; no update for three days.,2026-04-21T23:45:00+05:30
2026-04-21,East,damaged_item,2,2,347,cust6322@example.com,damaged item issue reported,2026-04-21T23:45:00+05:30
2026-04-21,East,billing,0,0,347,cust5468@example.com,billing issue reported,2026-04-21T23:45:00+05:30
2026-04-21,East,product_query,0,0,347,cust6739@example.com,product query issue reported,2026-04-21T23:45:00+05:30
2026-04-21,West,late_delivery,5,5,458,cust912@example.com,Order dispatched late from the North hub; no update for three days.,2026-04-21T23:45:00+05:30
2026-04-21,West,damaged_item,1,1,458,cust9948@example.com,damaged item issue reported,2026-04-21T23:45:00+05:30
2026-04-21,West,billing,1,1,458,cust9631@example.com,billing issue reported,2026-04-21T23:45:00+05:30
2026-04-21,West,product_query,0,1,458,cust2335@example.com,product query issue reported,2026-04-21T23:45:00+05:30
2026-04-22,North,late_delivery,4,4,596,cust8820@example.com,Order dispatched late from the North hub; no update for three days.,2026-04-22T23:45:00+05:30
2026-04-22,North,damaged_item,2,2,596,cust1144@example.com,damaged item issue reported,2026-04-22T23:45:00+05:30
2026-04-22,North,billing,0,0,596,cust9826@example.com,billing issue reported,2026-04-22T23:45:00+05:30
2026-04-22,North,product_query,0,4,596,cust6762@example.com,product query issue reported,2026-04-22T23:45:00+05:30
2026-04-22,South,late_delivery,7,7,505,cust6603@example.com,Order dispatched late from the North hub; no update for three days.,2026-04-22T23:45:00+05:30
2026-04-22,South,damaged_item,0,0,505,cust9342@example.com,damaged item issue reported,2026-04-22T23:45:00+05:30
2026-04-22,South,billing,1,1,505,cust2317@example.com,billing issue reported,2026-04-22T23:45:00+05:30
2026-04-22,South,product_query,0,4,505,cust4649@example.com,product query issue reported,2026-04-22T23:45:00+05:30
2026-04-22,East,late_delivery,1,1,347,cust8530@example.com,Order dispatched late from the North hub; no update for three days.,2026-04-22T23:45:00+05:30
2026-04-22,East,damaged_item,4,4,347,cust6873@example.com,damaged item issue reported,2026-04-22T23:45:00+05:30
2026-04-22,East,billing,1,1,347,cust9089@example.com,billing issue reported,2026-04-22T23:45:00+05:30
2026-04-22,East,product_query,0,2,347,cust9615@example.com,product query issue reported,2026-04-22T23:45:00+05:30
2026-04-22,West,late_delivery,6,6,458,cust1201@example.com,Order dispatched late from the North hub; no update for three days.,2026-04-22T23:45:00+05:30
2026-04-22,West,damaged_item,2,2,458,cust6626@example.com,damaged item issue reported,2026-04-22T23:45:00+05:30
2026-04-22,West,billing,1,1,458,cust207@example.com,billing issue reported,2026-04-22T23:45:00+05:30
2026-04-22,West,product_query,0,0,458,cust3590@example.com,product query issue reported,2026-04-22T23:45:00+05:30
2026-04-23,North,late_delivery,5,5,596,cust6408@example.com,Order dispatched late from the North hub; no update for three days.,2026-04-23T23:45:00+05:30
2026-04-23,North,damaged_item,2,2,596,cust5909@example.com,damaged item issue reported,2026-04-23T23:45:00+05:30
2026-04-23,North,billing,1,1,596,cust1118@example.com,billing issue reported,2026-04-23T23:45:00+05:30
2026-04-23,North,product_query,0,2,596,cust9749@example.com,product query issue reported,2026-04-23T23:45:00+05:30
2026-04-23,South,late_delivery,2,2,505,cust881@example.com,Order dispatched late from the North hub; no update for three days.,2026-04-23T23:45:00+05:30
2026-04-23,South,damaged_item,1,1,505,cust386@example.com,damaged item issue reported,2026-04-23T23:45:00+05:30
2026-04-23,South,billing,2,2,505,cust2559@example.com,billing issue reported,2026-04-23T23:45:00+05:30
2026-04-23,South,product_query,0,6,505,cust9643@example.com,product query issue reported,2026-04-23T23:45:00+05:30
2026-04-23,East,late_delivery,1,1,348,cust3414@example.com,Order dispatched late from the North hub; no update for three days.,2026-04-23T23:45:00+05:30
2026-04-23,East,damaged_item,1,1,348,cust2662@example.com,damaged item issue reported,2026-04-23T23:45:00+05:30
2026-04-23,East,billing,1,1,348,cust2025@example.com,billing issue reported,2026-04-23T23:45:00+05:30
2026-04-23,East,product_query,0,1,348,cust513@example.com,product query issue reported,2026-04-23T23:45:00+05:30
2026-04-23,West,late_delivery,3,3,458,cust9669@example.com,Order dispatched late from the North hub; no update for three days.,2026-04-23T23:45:00+05:30
2026-04-23,West,damaged_item,0,0,458,cust3318@example.com,damaged item issue reported,2026-04-23T23:45:00+05:30
2026-04-23,West,billing,0,0,458,cust7165@example.com,billing issue reported,2026-04-23T23:45:00+05:30
2026-04-23,West,product_query,0,1,458,cust5105@example.com,product query issue reported,2026-04-23T23:45:00+05:30
2026-04-24,North,late_delivery,6,6,596,cust9781@example.com,Order dispatched late from the North hub; no update for three days.,2026-04-24T23:45:00+05:30
2026-04-24,North,damaged_item,0,0,596,cust5589@example.com,damaged item issue reported,2026-04-24T23:45:00+05:30
2026-04-24,North,billing,2,2,596,cust9613@example.com,billing issue reported,2026-04-24T23:45:00+05:30
2026-04-24,North,product_query,0,2,596,cust836@example.com,product query issue reported,2026-04-24T23:45:00+05:30
2026-04-24,South,late_delivery,3,3,505,cust8504@example.com,Order dispatched late from the North hub; no update for three days.,2026-04-24T23:45:00+05:30
2026-04-24,South,damaged_item,1,1,505,cust7865@example.com,damaged item issue reported,2026-04-24T23:45:00+05:30
2026-04-24,South,billing,3,3,505,cust4174@example.com,billing issue reported,2026-04-24T23:45:00+05:30
2026-04-24,South,product_query,0,3,505,cust3392@example.com,product query issue reported,2026-04-24T23:45:00+05:30
2026-04-24,East,late_delivery,2,2,348,cust3846@example.com,Order dispatched late from the North hub; no update for three days.,2026-04-24T23:45:00+05:30
2026-04-24,East,damaged_item,1,1,348,cust4751@example.com,damaged item issue reported,2026-04-24T23:45:00+05:30
2026-04-24,East,billing,3,3,348,cust8124@example.com,billing issue reported,2026-04-24T23:45:00+05:30
2026-04-24,East,product_query,0,1,348,cust3435@example.com,product query issue reported,2026-04-24T23:45:00+05:30
2026-04-24,West,late_delivery,2,2,458,cust9291@example.com,Order dispatched late from the North hub; no update for three days.,2026-04-24T23:45:00+05:30
2026-04-24,West,damaged_item,2,2,458,cust9208@example.com,damaged item issue reported,2026-04-24T23:45:00+05:30
2026-04-24,West,billing,2,2,458,cust1213@example.com,billing issue reported,2026-04-24T23:45:00+05:30
2026-04-24,West,product_query,0,4,458,cust5102@example.com,product query issue reported,2026-04-24T23:45:00+05:30
2026-04-25,North,late_delivery,4,4,706,cust4796@example.com,Order dispatched late from the North hub; no update for three days.,2026-04-25T23:45:00+05:30
2026-04-25,North,damaged_item,0,0,706,cust9405@example.com,damaged item issue reported,2026-04-25T23:45:00+05:30
2026-04-25,North,billing,3,3,706,cust7044@example.com,billing issue reported,2026-04-25T23:45:00+05:30
2026-04-25,North,product_query,0,1,706,cust6202@example.com,product query issue reported,2026-04-25T23:45:00+05:30
2026-04-25,South,late_delivery,1,1,598,cust7997@example.com,Order dispatched late from the North hub; no update for three days.,2026-04-25T23:45:00+05:30
2026-04-25,South,damaged_item,1,1,598,cust8081@example.com,damaged item issue reported,2026-04-25T23:45:00+05:30
2026-04-25,South,billing,2,2,598,cust8562@example.com,billing issue reported,2026-04-25T23:45:00+05:30
2026-04-25,South,product_query,0,1,598,cust3201@example.com,product query issue reported,2026-04-25T23:45:00+05:30
2026-04-25,East,late_delivery,4,4,412,cust3186@example.com,Order dispatched late from the North hub; no update for three days.,2026-04-25T23:45:00+05:30
2026-04-25,East,damaged_item,0,0,412,cust543@example.com,damaged item issue reported,2026-04-25T23:45:00+05:30
2026-04-25,East,billing,0,0,412,cust4305@example.com,billing issue reported,2026-04-25T23:45:00+05:30
2026-04-25,East,product_query,0,2,412,cust2087@example.com,product query issue reported,2026-04-25T23:45:00+05:30
2026-04-25,West,late_delivery,2,2,542,cust7304@example.com,Order dispatched late from the North hub; no update for three days.,2026-04-25T23:45:00+05:30
2026-04-25,West,damaged_item,3,3,542,cust9219@example.com,damaged item issue reported,2026-04-25T23:45:00+05:30
2026-04-25,West,billing,1,1,542,cust7164@example.com,billing issue reported,2026-04-25T23:45:00+05:30
2026-04-25,West,product_query,0,2,542,cust2869@example.com,product query issue reported,2026-04-25T23:45:00+05:30
2026-04-26,North,late_delivery,6,6,706,cust503@example.com,Order dispatched late from the North hub; no update for three days.,2026-04-26T23:45:00+05:30
2026-04-26,North,damaged_item,2,2,706,cust8921@example.com,damaged item issue reported,2026-04-26T23:45:00+05:30
2026-04-26,North,billing,1,1,706,cust7981@example.com,billing issue reported,2026-04-26T23:45:00+05:30
2026-04-26,North,product_query,0,1,706,cust1484@example.com,product query issue reported,2026-04-26T23:45:00+05:30
2026-04-26,South,late_delivery,8,8,598,cust7161@example.com,Order dispatched late from the North hub; no update for three days.,2026-04-26T23:45:00+05:30
2026-04-26,South,damaged_item,0,0,598,cust2679@example.com,damaged item issue reported,2026-04-26T23:45:00+05:30
2026-04-26,South,billing,1,1,598,cust6781@example.com,billing issue reported,2026-04-26T23:45:00+05:30
2026-04-27,South,product_query,0,4,598,cust1879@example.com,product query issue reported,2026-04-26T23:45:00+05:30
2026-04-26,East,late_delivery,9,9,412,cust7746@example.com,Order dispatched late from the North hub; no update for three days.,2026-04-26T23:45:00+05:30
2026-04-26,East,damaged_item,0,0,412,cust2489@example.com,damaged item issue reported,2026-04-26T23:45:00+05:30
2026-04-26,East,billing,1,1,412,cust87@example.com,billing issue reported,2026-04-26T23:45:00+05:30
2026-04-26,East,product_query,0,2,412,cust3390@example.com,product query issue reported,2026-04-26T23:45:00+05:30
2026-04-26,West,late_delivery,7,7,543,cust7620@example.com,Order dispatched late from the North hub; no update for three days.,2026-04-26T23:45:00+05:30
2026-04-26,West,damaged_item,1,1,543,cust1812@example.com,damaged item issue reported,2026-04-26T23:45:00+05:30
2026-04-26,West,billing,1,1,543,cust6133@example.com,billing issue reported,2026-04-26T23:45:00+05:30
2026-04-26,West,product_query,0,4,543,cust7611@example.com,product query issue reported,2026-04-26T23:45:00+05:30
2026-04-27,North,late_delivery,3,3,597,cust9731@example.com,Order dispatched late from the North hub; no update for three days.,2026-04-27T23:45:00+05:30
2026-04-27,North,damaged_item,1,1,597,cust5006@example.com,damaged item issue reported,2026-04-27T23:45:00+05:30
2026-04-27,North,billing,2,2,597,cust3171@example.com,billing issue reported,2026-04-27T23:45:00+05:30
2026-04-27,North,product_query,0,4,597,cust9846@example.com,product query issue reported,2026-04-27T23:45:00+05:30
2026-04-28,South,late_delivery,1,1,505,cust2770@example.com,Order dispatched late from the North hub; no update for three days.,2026-04-27T23:45:00+05:30
2026-04-27,South,damaged_item,3,3,505,cust7651@example.com,damaged item issue reported,2026-04-27T23:45:00+05:30
2026-04-27,South,billing,1,1,505,cust7534@example.com,billing issue reported,2026-04-27T23:45:00+05:30
2026-04-27,South,product_query,0,3,505,cust1983@example.com,product query issue reported,2026-04-27T23:45:00+05:30
2026-04-27,East,late_delivery,1,1,348,cust6728@example.com,Order dispatched late from the North hub; no update for three days.,2026-04-27T23:45:00+05:30
2026-04-27,East,damaged_item,0,0,348,cust1023@example.com,damaged item issue reported,2026-04-27T23:45:00+05:30
2026-04-27,East,billing,3,3,348,cust709@example.com,billing issue reported,2026-04-27T23:45:00+05:30
2026-04-27,East,product_query,0,0,348,cust4302@example.com,product query issue reported,2026-04-27T23:45:00+05:30
2026-04-27,West,late_delivery,3,3,458,cust4401@example.com,Order dispatched late from the North hub; no update for three days.,2026-04-27T23:45:00+05:30
2026-04-27,West,damaged_item,1,1,458,cust3685@example.com,damaged item issue reported,2026-04-27T23:45:00+05:30
2026-04-27,West,billing,0,0,458,cust8116@example.com,billing issue reported,2026-04-27T23:45:00+05:30
2026-04-27,West,product_query,0,2,458,cust96@example.com,product query issue reported,2026-04-27T23:45:00+05:30
2026-04-28,North,late_delivery,7,7,597,cust2252@example.com,Order dispatched late from the North hub; no update for three days.,2026-04-28T23:45:00+05:30
2026-04-28,North,damaged_item,0,0,597,cust263@example.com,damaged item issue reported,2026-04-28T23:45:00+05:30
2026-04-28,North,billing,1,1,597,cust2542@example.com,billing issue reported,2026-04-28T23:45:00+05:30
2026-04-28,North,product_query,0,4,597,cust3231@example.com,product query issue reported,2026-04-28T23:45:00+05:30
2026-04-28,South,late_delivery,4,4,505,cust6566@example.com,Order dispatched late from the North hub; no update for three days.,2026-04-28T23:45:00+05:30
2026-04-28,South,damaged_item,0,0,505,cust1875@example.com,damaged item issue reported,2026-04-28T23:45:00+05:30
2026-04-28,South,billing,1,1,505,cust8263@example.com,billing issue reported,2026-04-28T23:45:00+05:30
2026-04-28,South,product_query,0,6,505,cust1843@example.com,product query issue reported,2026-04-28T23:45:00+05:30
2026-04-28,East,late_delivery,4,4,348,cust3048@example.com,Order dispatched late from the North hub; no update for three days.,2026-04-28T23:45:00+05:30
2026-04-28,East,damaged_item,1,1,348,cust8658@example.com,damaged item issue reported,2026-04-28T23:45:00+05:30
2026-04-28,East,billing,1,1,348,cust580@example.com,billing issue reported,2026-04-28T23:45:00+05:30
2026-04-29,East,product_query,0,3,348,cust2461@example.com,product query issue reported,2026-04-28T23:45:00+05:30
2026-04-28,West,late_delivery,4,4,458,cust4226@example.com,Order dispatched late from the North hub; no update for three days.,2026-04-28T23:45:00+05:30
2026-04-28,West,damaged_item,1,1,458,cust831@example.com,damaged item issue reported,2026-04-28T23:45:00+05:30
2026-04-28,West,billing,2,2,458,cust8222@example.com,billing issue reported,2026-04-28T23:45:00+05:30
2026-04-28,West,product_query,0,1,458,cust3344@example.com,product query issue reported,2026-04-28T23:45:00+05:30
2026-04-29,North,late_delivery,1,1,597,cust3321@example.com,Order dispatched late from the North hub; no update for three days.,2026-04-29T23:45:00+05:30
2026-04-29,North,damaged_item,2,2,597,cust8444@example.com,damaged item issue reported,2026-04-29T23:45:00+05:30
2026-04-29,North,billing,2,2,597,cust7746@example.com,billing issue reported,2026-04-29T23:45:00+05:30
2026-04-29,North,product_query,0,5,597,cust6883@example.com,product query issue reported,2026-04-29T23:45:00+05:30
2026-04-29,South,late_delivery,5,5,506,cust3068@example.com,Order dispatched late from the North hub; no update for three days.,2026-04-29T23:45:00+05:30
2026-04-29,South,damaged_item,1,1,506,cust9219@example.com,damaged item issue reported,2026-04-29T23:45:00+05:30
2026-04-29,South,billing,4,4,506,cust1902@example.com,billing issue reported,2026-04-29T23:45:00+05:30
2026-04-29,South,product_query,0,1,506,cust8020@example.com,product query issue reported,2026-04-29T23:45:00+05:30
2026-04-29,East,late_delivery,1,1,348,cust5952@example.com,Order dispatched late from the North hub; no update for three days.,2026-04-29T23:45:00+05:30
2026-04-29,East,damaged_item,0,0,348,cust9919@example.com,damaged item issue reported,2026-04-29T23:45:00+05:30
2026-04-29,East,billing,0,0,348,cust4850@example.com,billing issue reported,2026-04-29T23:45:00+05:30
2026-04-29,East,product_query,0,1,348,cust2640@example.com,product query issue reported,2026-04-29T23:45:00+05:30
2026-04-29,West,late_delivery,4,4,459,cust3737@example.com,Order dispatched late from the North hub; no update for three days.,2026-04-29T23:45:00+05:30
2026-04-29,West,damaged_item,1,1,459,cust4149@example.com,damaged item issue reported,2026-04-29T23:45:00+05:30
2026-04-29,West,billing,0,0,459,cust9667@example.com,billing issue reported,2026-04-29T23:45:00+05:30
2026-04-29,West,product_query,0,5,459,cust5323@example.com,product query issue reported,2026-04-29T23:45:00+05:30
2026-04-30,North,late_delivery,4,4,597,cust4659@example.com,Order dispatched late from the North hub; no update for three days.,2026-04-30T23:45:00+05:30
2026-04-30,North,damaged_item,0,0,597,cust1147@example.com,damaged item issue reported,2026-04-30T23:45:00+05:30
2026-05-01,North,billing,1,1,597,cust7674@example.com,billing issue reported,2026-04-30T23:45:00+05:30
2026-04-30,North,product_query,0,2,597,cust7710@example.com,product query issue reported,2026-04-30T23:45:00+05:30
2026-05-01,South,late_delivery,1,1,506,cust9658@example.com,Order dispatched late from the North hub; no update for three days.,2026-04-30T23:45:00+05:30
2026-04-30,South,damaged_item,4,4,506,cust5733@example.com,damaged item issue reported,2026-04-30T23:45:00+05:30
2026-04-30,South,billing,0,0,506,cust5026@example.com,billing issue reported,2026-04-30T23:45:00+05:30
2026-04-30,South,product_query,0,2,506,cust2511@example.com,product query issue reported,2026-04-30T23:45:00+05:30
2026-04-30,East,late_delivery,1,1,348,cust9212@example.com,Order dispatched late from the North hub; no update for three days.,2026-04-30T23:45:00+05:30
2026-04-30,East,damaged_item,0,0,348,cust7359@example.com,damaged item issue reported,2026-04-30T23:45:00+05:30
2026-04-30,East,billing,1,1,348,cust6572@example.com,billing issue reported,2026-04-30T23:45:00+05:30
2026-04-30,East,product_query,0,1,348,cust1212@example.com,product query issue reported,2026-04-30T23:45:00+05:30
2026-04-30,West,late_delivery,0,0,459,cust8622@example.com,Order dispatched late from the North hub; no update for three days.,2026-04-30T23:45:00+05:30
2026-04-30,West,damaged_item,1,1,459,cust8281@example.com,damaged item issue reported,2026-04-30T23:45:00+05:30
2026-04-30,West,billing,0,0,459,cust5898@example.com,billing issue reported,2026-04-30T23:45:00+05:30
2026-04-30,West,product_query,0,2,459,cust5274@example.com,product query issue reported,2026-04-30T23:45:00+05:30
2026-05-01,North,late_delivery,4,4,728,cust4787@example.com,Order dispatched late from the North hub; no update for three days.,2026-05-01T23:45:00+05:30
2026-05-01,North,damaged_item,3,3,728,cust3138@example.com,damaged item issue reported,2026-05-01T23:45:00+05:30
2026-05-01,North,billing,3,3,728,cust7780@example.com,billing issue reported,2026-05-01T23:45:00+05:30
2026-05-01,North,product_query,0,5,728,cust4399@example.com,product query issue reported,2026-05-01T23:45:00+05:30
2026-05-01,South,late_delivery,7,7,617,cust2710@example.com,Order dispatched late from the North hub; no update for three days.,2026-05-01T23:45:00+05:30
2026-05-01,South,damaged_item,3,3,617,cust4636@example.com,damaged item issue reported,2026-05-01T23:45:00+05:30
2026-05-01,South,billing,0,0,617,cust8911@example.com,billing issue reported,2026-05-01T23:45:00+05:30
2026-05-01,South,product_query,0,5,617,cust4363@example.com,product query issue reported,2026-05-01T23:45:00+05:30
2026-05-01,East,late_delivery,5,5,425,cust9844@example.com,Order dispatched late from the North hub; no update for three days.,2026-05-01T23:45:00+05:30
2026-05-01,East,damaged_item,1,1,425,cust2406@example.com,damaged item issue reported,2026-05-01T23:45:00+05:30
2026-05-02,East,billing,1,1,425,cust2221@example.com,billing issue reported,2026-05-01T23:45:00+05:30
2026-05-01,East,product_query,0,1,425,cust7928@example.com,product query issue reported,2026-05-01T23:45:00+05:30
2026-05-01,West,late_delivery,1,1,560,cust1331@example.com,Order dispatched late from the North hub; no update for three days.,2026-05-01T23:45:00+05:30
2026-05-01,West,damaged_item,4,4,560,cust8822@example.com,damaged item issue reported,2026-05-01T23:45:00+05:30
2026-05-01,West,billing,1,1,560,cust9434@example.com,billing issue reported,2026-05-01T23:45:00+05:30
2026-05-01,West,product_query,0,1,560,cust4551@example.com,product query issue reported,2026-05-01T23:45:00+05:30
2026-05-02,North,late_delivery,5,5,707,cust4052@example.com,Order dispatched late from the North hub; no update for three days.,2026-05-02T23:45:00+05:30
2026-05-02,North,damaged_item,6,6,707,cust7571@example.com,damaged item issue reported,2026-05-02T23:45:00+05:30
2026-05-02,North,billing,2,2,707,cust2066@example.com,billing issue reported,2026-05-02T23:45:00+05:30
2026-05-02,North,product_query,0,1,707,cust195@example.com,product query issue reported,2026-05-02T23:45:00+05:30
2026-05-02,South,late_delivery,2,2,599,cust5346@example.com,Order dispatched late from the North hub; no update for three days.,2026-05-02T23:45:00+05:30
2026-05-02,South,damaged_item,0,0,599,cust7830@example.com,damaged item issue reported,2026-05-02T23:45:00+05:30
2026-05-02,South,billing,1,1,599,cust4070@example.com,billing issue reported,2026-05-02T23:45:00+05:30
2026-05-02,South,product_query,0,7,599,cust488@example.com,product query issue reported,2026-05-02T23:45:00+05:30
2026-05-02,East,late_delivery,3,3,412,cust745@example.com,Order dispatched late from the North hub; no update for three days.,2026-05-02T23:45:00+05:30
2026-05-02,East,damaged_item,0,0,412,cust2847@example.com,damaged item issue reported,2026-05-02T23:45:00+05:30
2026-05-02,East,billing,1,1,412,cust3508@example.com,billing issue reported,2026-05-02T23:45:00+05:30
2026-05-02,East,product_query,0,1,412,cust6130@example.com,product query issue reported,2026-05-02T23:45:00+05:30
2026-05-02,West,late_delivery,2,2,543,cust9374@example.com,Order dispatched late from the North hub; no update for three days.,2026-05-02T23:45:00+05:30
2026-05-02,West,damaged_item,1,1,543,cust7371@example.com,damaged item issue reported,2026-05-02T23:45:00+05:30
2026-05-02,West,billing,0,0,543,cust2854@example.com,billing issue reported,2026-05-02T23:45:00+05:30
2026-05-02,West,product_query,0,2,543,cust1892@example.com,product query issue reported,2026-05-02T23:45:00+05:30
2026-05-03,North,late_delivery,7,7,707,cust6822@example.com,Order dispatched late from the North hub; no update for three days.,2026-05-03T23:45:00+05:30
2026-05-03,North,damaged_item,4,4,707,cust6116@example.com,damaged item issue reported,2026-05-03T23:45:00+05:30
2026-05-03,North,billing,3,3,707,cust8842@example.com,billing issue reported,2026-05-03T23:45:00+05:30
2026-05-03,North,product_query,0,2,707,cust7434@example.com,product query issue reported,2026-05-03T23:45:00+05:30
2026-05-03,South,late_delivery,2,2,599,cust7887@example.com,Order dispatched late from the North hub; no update for three days.,2026-05-03T23:45:00+05:30
2026-05-03,South,damaged_item,3,3,599,cust3033@example.com,damaged item issue reported,2026-05-03T23:45:00+05:30
2026-05-03,South,billing,2,2,599,cust3069@example.com,billing issue reported,2026-05-03T23:45:00+05:30
2026-05-03,South,product_query,0,2,599,cust4469@example.com,product query issue reported,2026-05-03T23:45:00+05:30
2026-05-03,East,late_delivery,3,3,412,cust919@example.com,Order dispatched late from the North hub; no update for three days.,2026-05-03T23:45:00+05:30
2026-05-03,East,damaged_item,1,1,412,cust9027@example.com,damaged item issue reported,2026-05-03T23:45:00+05:30
2026-05-03,East,billing,1,1,412,cust9482@example.com,billing issue reported,2026-05-03T23:45:00+05:30
2026-05-03,East,product_query,0,4,412,cust6613@example.com,product query issue reported,2026-05-03T23:45:00+05:30
2026-05-03,West,late_delivery,4,4,543,cust119@example.com,Order dispatched late from the North hub; no update for three days.,2026-05-03T23:45:00+05:30
2026-05-03,West,damaged_item,2,2,543,cust3276@example.com,damaged item issue reported,2026-05-03T23:45:00+05:30
2026-05-03,West,billing,1,1,543,cust4031@example.com,billing issue reported,2026-05-03T23:45:00+05:30
2026-05-03,West,product_query,0,0,543,cust1866@example.com,product query issue reported,2026-05-03T23:45:00+05:30
2026-05-04,North,late_delivery,3,3,597,cust9193@example.com,Order dispatched late from the North hub; no update for three days.,2026-05-04T23:45:00+05:30
2026-05-04,North,damaged_item,5,5,597,cust1164@example.com,damaged item issue reported,2026-05-04T23:45:00+05:30
2026-05-04,North,billing,0,0,597,cust2524@example.com,billing issue reported,2026-05-04T23:45:00+05:30
2026-05-04,North,product_query,0,5,597,cust1154@example.com,product query issue reported,2026-05-04T23:45:00+05:30
2026-05-04,South,late_delivery,3,3,506,cust4579@example.com,Order dispatched late from the North hub; no update for three days.,2026-05-04T23:45:00+05:30
2026-05-04,South,damaged_item,1,1,506,cust1443@example.com,damaged item issue reported,2026-05-04T23:45:00+05:30
2026-05-04,South,billing,2,2,506,cust7050@example.com,billing issue reported,2026-05-04T23:45:00+05:30
2026-05-04,South,product_query,0,5,506,cust4533@example.com,product query issue reported,2026-05-04T23:45:00+05:30
2026-05-04,East,late_delivery,2,2,348,cust8116@example.com,Order dispatched late from the North hub; no update for three days.,2026-05-04T23:45:00+05:30
2026-05-04,East,damaged_item,2,2,348,cust3273@example.com,damaged item issue reported,2026-05-04T23:45:00+05:30
2026-05-04,East,billing,0,0,348,cust7828@example.com,billing issue reported,2026-05-04T23:45:00+05:30
2026-05-04,East,product_query,0,1,348,cust8008@example.com,product query issue reported,2026-05-04T23:45:00+05:30
2026-05-04,West,late_delivery,3,3,459,cust2196@example.com,Order dispatched late from the North hub; no update for three days.,2026-05-04T23:45:00+05:30
2026-05-04,West,damaged_item,0,0,459,cust6397@example.com,damaged item issue reported,2026-05-04T23:45:00+05:30
2026-05-04,West,billing,2,2,459,cust8707@example.com,billing issue reported,2026-05-04T23:45:00+05:30
2026-05-04,West,product_query,0,0,459,cust662@example.com,product query issue reported,2026-05-04T23:45:00+05:30
2026-05-05,North,late_delivery,7,7,597,cust2501@example.com,Order dispatched late from the North hub; no update for three days.,2026-05-05T23:45:00+05:30
2026-05-05,North,damaged_item,3,3,597,cust8016@example.com,damaged item issue reported,2026-05-05T23:45:00+05:30
2026-05-05,North,billing,1,1,597,cust3045@example.com,billing issue reported,2026-05-05T23:45:00+05:30
2026-05-05,North,product_query,0,1,597,cust8776@example.com,product query issue reported,2026-05-05T23:45:00+05:30
2026-05-05,South,late_delivery,4,4,506,cust3054@example.com,Order dispatched late from the North hub; no update for three days.,2026-05-05T23:45:00+05:30
2026-05-05,South,damaged_item,4,4,506,cust6281@example.com,damaged item issue reported,2026-05-05T23:45:00+05:30
2026-05-05,South,billing,1,1,506,cust9142@example.com,billing issue reported,2026-05-05T23:45:00+05:30
2026-05-05,South,product_query,0,4,506,cust2268@example.com,product query issue reported,2026-05-05T23:45:00+05:30
2026-05-05,East,late_delivery,0,0,348,cust3953@example.com,Order dispatched late from the North hub; no update for three days.,2026-05-05T23:45:00+05:30
2026-05-05,East,damaged_item,0,0,348,cust7457@example.com,damaged item issue reported,2026-05-05T23:45:00+05:30
2026-05-05,East,billing,0,0,348,cust2476@example.com,billing issue reported,2026-05-05T23:45:00+05:30
2026-05-05,East,product_query,0,2,348,cust1624@example.com,product query issue reported,2026-05-05T23:45:00+05:30
2026-05-05,West,late_delivery,6,6,459,cust1315@example.com,Order dispatched late from the North hub; no update for three days.,2026-05-05T23:45:00+05:30
2026-05-05,West,damaged_item,0,0,459,cust4168@example.com,damaged item issue reported,2026-05-05T23:45:00+05:30
2026-05-05,West,billing,3,3,459,cust5616@example.com,billing issue reported,2026-05-05T23:45:00+05:30
2026-05-05,West,product_query,0,2,459,cust9771@example.com,product query issue reported,2026-05-05T23:45:00+05:30
2026-05-06,North,late_delivery,1,1,597,cust4735@example.com,Order dispatched late from the North hub; no update for three days.,2026-05-06T23:45:00+05:30
2026-05-06,North,damaged_item,5,5,597,cust4610@example.com,damaged item issue reported,2026-05-06T23:45:00+05:30
2026-05-06,North,billing,4,4,597,cust9174@example.com,billing issue reported,2026-05-06T23:45:00+05:30
2026-05-06,North,product_query,0,2,597,cust7360@example.com,product query issue reported,2026-05-06T23:45:00+05:30
2026-05-06,South,late_delivery,5,5,506,cust6499@example.com,Order dispatched late from the North hub; no update for three days.,2026-05-06T23:45:00+05:30
2026-05-06,South,damaged_item,0,0,506,cust8304@example.com,damaged item issue reported,2026-05-06T23:45:00+05:30
2026-05-06,South,billing,3,3,506,cust7552@example.com,billing issue reported,2026-05-06T23:45:00+05:30
2026-05-06,South,product_query,0,1,506,cust2412@example.com,product query issue reported,2026-05-06T23:45:00+05:30
2026-05-06,East,late_delivery,2,2,348,cust6629@example.com,Order dispatched late from the North hub; no update for three days.,2026-05-06T23:45:00+05:30
2026-05-06,East,damaged_item,0,0,348,cust3819@example.com,damaged item issue reported,2026-05-06T23:45:00+05:30
2026-05-06,East,billing,1,1,348,cust4497@example.com,billing issue reported,2026-05-06T23:45:00+05:30
2026-05-06,East,product_query,0,0,348,cust5305@example.com,product query issue reported,2026-05-06T23:45:00+05:30
2026-05-06,West,late_delivery,4,4,459,cust4108@example.com,Order dispatched late from the North hub; no update for three days.,2026-05-06T23:45:00+05:30
2026-05-06,West,damaged_item,2,2,459,cust2781@example.com,damaged item issue reported,2026-05-06T23:45:00+05:30
2026-05-06,West,billing,3,3,459,cust2749@example.com,billing issue reported,2026-05-06T23:45:00+05:30
2026-05-06,West,product_query,0,1,459,cust1556@example.com,product query issue reported,2026-05-06T23:45:00+05:30
2026-05-07,North,late_delivery,5,5,597,cust2282@example.com,Order dispatched late from the North hub; no update for three days.,2026-05-07T23:45:00+05:30
2026-05-07,North,damaged_item,0,0,597,cust7979@example.com,damaged item issue reported,2026-05-07T23:45:00+05:30
2026-05-07,North,billing,1,1,597,cust1648@example.com,billing issue reported,2026-05-07T23:45:00+05:30
2026-05-07,North,product_query,0,1,597,cust4629@example.com,product query issue reported,2026-05-07T23:45:00+05:30
2026-05-07,South,late_delivery,1,1,506,cust4854@example.com,Order dispatched late from the North hub; no update for three days.,2026-05-07T23:45:00+05:30
2026-05-07,South,damaged_item,1,1,506,cust2331@example.com,damaged item issue reported,2026-05-07T23:45:00+05:30
2026-05-07,South,billing,1,1,506,cust3971@example.com,billing issue reported,2026-05-07T23:45:00+05:30
2026-05-07,South,product_query,0,0,506,cust9125@example.com,product query issue reported,2026-05-07T23:45:00+05:30
2026-05-07,East,late_delivery,2,2,348,cust7707@example.com,Order dispatched late from the North hub; no update for three days.,2026-05-07T23:45:00+05:30
2026-05-07,East,damaged_item,0,0,348,cust3929@example.com,damaged item issue reported,2026-05-07T23:45:00+05:30
2026-05-07,East,billing,1,1,348,cust8239@example.com,billing issue reported,2026-05-07T23:45:00+05:30
2026-05-07,East,product_query,0,1,348,cust451@example.com,product query issue reported,2026-05-07T23:45:00+05:30
2026-05-07,West,late_delivery,3,3,459,cust6108@example.com,Order dispatched late from the North hub; no update for three days.,2026-05-07T23:45:00+05:30
2026-05-07,West,damaged_item,4,4,459,cust1766@example.com,damaged item issue reported,2026-05-07T23:45:00+05:30
2026-05-07,West,billing,1,1,459,cust6176@example.com,billing issue reported,2026-05-07T23:45:00+05:30
2026-05-07,West,product_query,0,3,459,cust9507@example.com,product query issue reported,2026-05-07T23:45:00+05:30
2026-05-08,North,late_delivery,4,4,705,cust547@example.com,Order dispatched late from the North hub; no update for three days.,2026-05-08T23:45:00+05:30
2026-05-08,North,damaged_item,5,5,705,cust8960@example.com,damaged item issue reported,2026-05-08T23:45:00+05:30
2026-05-08,North,billing,3,3,705,cust3263@example.com,billing issue reported,2026-05-08T23:45:00+05:30
2026-05-08,North,product_query,0,0,705,cust8573@example.com,product query issue reported,2026-05-08T23:45:00+05:30
2026-05-08,South,late_delivery,8,8,597,cust4652@example.com,Order dispatched late from the North hub; no update for three days.,2026-05-08T23:45:00+05:30
2026-05-08,South,damaged_item,4,4,597,cust3599@example.com,damaged item issue reported,2026-05-08T23:45:00+05:30
2026-05-08,South,billing,2,2,597,cust9788@example.com,billing issue reported,2026-05-08T23:45:00+05:30
2026-05-08,South,product_query,0,1,597,cust9609@example.com,product query issue reported,2026-05-08T23:45:00+05:30
2026-05-08,East,late_delivery,2,2,411,cust5590@example.com,Order dispatched late from the North hub; no update for three days.,2026-05-08T23:45:00+05:30
2026-05-08,East,damaged_item,1,1,411,cust8427@example.com,damaged item issue reported,2026-05-08T23:45:00+05:30
2026-05-08,East,billing,0,0,411,cust4231@example.com,billing issue reported,2026-05-08T23:45:00+05:30
2026-05-08,East,product_query,0,0,411,cust7743@example.com,product query issue reported,2026-05-08T23:45:00+05:30
2026-05-08,West,late_delivery,2,2,542,cust7098@example.com,Order dispatched late from the North hub; no update for three days.,2026-05-08T23:45:00+05:30
2026-05-08,West,damaged_item,3,3,542,cust4337@example.com,damaged item issue reported,2026-05-08T23:45:00+05:30
2026-05-08,West,billing,1,1,542,cust8052@example.com,billing issue reported,2026-05-08T23:45:00+05:30
2026-05-08,West,product_query,0,3,542,cust1262@example.com,product query issue reported,2026-05-08T23:45:00+05:30
2026-05-09,North,late_delivery,7,7,835,cust6619@example.com,Order dispatched late from the North hub; no update for three days.,2026-05-09T23:45:00+05:30
2026-05-09,North,damaged_item,3,3,835,cust1439@example.com,damaged item issue reported,2026-05-09T23:45:00+05:30
2026-05-09,North,billing,2,2,835,cust5315@example.com,billing issue reported,2026-05-09T23:45:00+05:30
2026-05-09,North,product_query,0,4,835,cust3818@example.com,product query issue reported,2026-05-09T23:45:00+05:30
2026-05-09,South,late_delivery,7,7,707,cust5373@example.com,Order dispatched late from the North hub; no update for three days.,2026-05-09T23:45:00+05:30
2026-05-09,South,damaged_item,4,4,707,cust8062@example.com,damaged item issue reported,2026-05-09T23:45:00+05:30
2026-05-09,South,billing,1,1,707,cust2053@example.com,billing issue reported,2026-05-09T23:45:00+05:30
2026-05-09,South,product_query,0,2,707,cust6808@example.com,product query issue reported,2026-05-09T23:45:00+05:30
2026-05-09,East,late_delivery,5,5,487,cust5209@example.com,Order dispatched late from the North hub; no update for three days.,2026-05-09T23:45:00+05:30
2026-05-09,East,damaged_item,1,1,487,cust5861@example.com,damaged item issue reported,2026-05-09T23:45:00+05:30
2026-05-09,East,billing,0,0,487,cust1986@example.com,billing issue reported,2026-05-09T23:45:00+05:30
2026-05-09,East,product_query,0,5,487,cust9853@example.com,product query issue reported,2026-05-09T23:45:00+05:30
2026-05-09,West,late_delivery,8,8,641,cust8698@example.com,Order dispatched late from the North hub; no update for three days.,2026-05-09T23:45:00+05:30
2026-05-09,West,damaged_item,0,0,641,cust4015@example.com,damaged item issue reported,2026-05-09T23:45:00+05:30
2026-05-09,West,billing,0,0,641,cust5277@example.com,billing issue reported,2026-05-09T23:45:00+05:30
2026-05-09,West,product_query,0,1,641,cust6072@example.com,product query issue reported,2026-05-09T23:45:00+05:30
2026-05-10,North,late_delivery,6,6,835,cust3096@example.com,Order dispatched late from the North hub; no update for three days.,2026-05-10T23:45:00+05:30
2026-05-10,North,damaged_item,4,4,835,cust4730@example.com,damaged item issue reported,2026-05-10T23:45:00+05:30
2026-05-10,North,billing,2,2,835,cust8083@example.com,billing issue reported,2026-05-10T23:45:00+05:30
2026-05-10,North,product_query,0,1,835,cust22@example.com,product query issue reported,2026-05-10T23:45:00+05:30
2026-05-10,South,late_delivery,6,6,707,cust2763@example.com,Order dispatched late from the North hub; no update for three days.,2026-05-10T23:45:00+05:30
2026-05-10,South,damaged_item,2,2,707,cust2766@example.com,damaged item issue reported,2026-05-10T23:45:00+05:30
2026-05-10,South,billing,0,0,707,cust428@example.com,billing issue reported,2026-05-10T23:45:00+05:30
2026-05-10,South,product_query,0,0,707,cust8436@example.com,product query issue reported,2026-05-10T23:45:00+05:30
2026-05-10,East,late_delivery,3,3,487,cust9618@example.com,Order dispatched late from the North hub; no update for three days.,2026-05-10T23:45:00+05:30
2026-05-10,East,damaged_item,3,3,487,cust6488@example.com,damaged item issue reported,2026-05-10T23:45:00+05:30
2026-05-10,East,billing,1,1,487,cust7561@example.com,billing issue reported,2026-05-10T23:45:00+05:30
2026-05-10,East,product_query,0,1,487,cust7754@example.com,product query issue reported,2026-05-10T23:45:00+05:30
2026-05-10,West,late_delivery,1,1,641,cust21@example.com,Order dispatched late from the North hub; no update for three days.,2026-05-10T23:45:00+05:30
2026-05-10,West,damaged_item,2,2,641,cust6925@example.com,damaged item issue reported,2026-05-10T23:45:00+05:30
2026-05-10,West,billing,2,2,641,cust6213@example.com,billing issue reported,2026-05-10T23:45:00+05:30
2026-05-10,West,product_query,0,2,641,cust1067@example.com,product query issue reported,2026-05-10T23:45:00+05:30
2026-05-11,North,late_delivery,6,6,705,cust6603@example.com,Order dispatched late from the North hub; no update for three days.,2026-05-11T23:45:00+05:30
2026-05-11,North,damaged_item,1,1,705,cust1599@example.com,damaged item issue reported,2026-05-11T23:45:00+05:30
2026-05-11,North,billing,1,1,705,cust5527@example.com,billing issue reported,2026-05-11T23:45:00+05:30
2026-05-11,North,product_query,0,5,705,cust95@example.com,product query issue reported,2026-05-11T23:45:00+05:30
2026-05-11,South,late_delivery,3,3,597,cust4414@example.com,Order dispatched late from the North hub; no update for three days.,2026-05-11T23:45:00+05:30
2026-05-11,South,damaged_item,1,1,597,cust628@example.com,damaged item issue reported,2026-05-11T23:45:00+05:30
2026-05-11,South,billing,0,0,597,cust4677@example.com,billing issue reported,2026-05-11T23:45:00+05:30
2026-05-12,South,product_query,0,0,597,cust1943@example.com,product query issue reported,2026-05-11T23:45:00+05:30
2026-05-12,East,late_delivery,2,2,411,cust6249@example.com,Order dispatched late from the North hub; no update for three days.,2026-05-11T23:45:00+05:30
2026-05-11,East,damaged_item,5,5,411,cust375@example.com,damaged item issue reported,2026-05-11T23:45:00+05:30
2026-05-11,East,billing,2,2,411,cust2151@example.com,billing issue reported,2026-05-11T23:45:00+05:30
2026-05-11,East,product_query,0,1,411,cust2055@example.com,product query issue reported,2026-05-11T23:45:00+05:30
2026-05-11,West,late_delivery,4,4,542,cust6016@example.com,Order dispatched late from the North hub; no update for three days.,2026-05-11T23:45:00+05:30
2026-05-11,West,damaged_item,1,1,542,cust8636@example.com,damaged item issue reported,2026-05-11T23:45:00+05:30
2026-05-11,West,billing,1,1,542,cust6370@example.com,billing issue reported,2026-05-11T23:45:00+05:30
2026-05-11,West,product_query,0,2,542,cust7501@example.com,product query issue reported,2026-05-11T23:45:00+05:30
2026-05-12,North,late_delivery,4,4,705,cust9067@example.com,Order dispatched late from the North hub; no update for three days.,2026-05-12T23:45:00+05:30
2026-05-12,North,damaged_item,4,4,705,cust4751@example.com,damaged item issue reported,2026-05-12T23:45:00+05:30
2026-05-12,North,billing,0,0,705,cust3816@example.com,billing issue reported,2026-05-12T23:45:00+05:30
2026-05-12,North,product_query,0,4,705,cust5014@example.com,product query issue reported,2026-05-12T23:45:00+05:30
2026-05-12,South,late_delivery,6,6,597,cust7183@example.com,Order dispatched late from the North hub; no update for three days.,2026-05-12T23:45:00+05:30
2026-05-12,South,damaged_item,1,1,597,cust5381@example.com,damaged item issue reported,2026-05-12T23:45:00+05:30
2026-05-12,South,billing,1,1,597,cust2431@example.com,billing issue reported,2026-05-12T23:45:00+05:30
2026-05-12,South,product_query,0,1,597,cust3388@example.com,product query issue reported,2026-05-12T23:45:00+05:30
2026-05-12,East,late_delivery,1,1,411,cust6661@example.com,Order dispatched late from the North hub; no update for three days.,2026-05-12T23:45:00+05:30
2026-05-12,East,damaged_item,2,2,411,cust7454@example.com,damaged item issue reported,2026-05-12T23:45:00+05:30
2026-05-12,East,billing,0,0,411,cust1689@example.com,billing issue reported,2026-05-12T23:45:00+05:30
2026-05-12,East,product_query,0,3,411,cust4515@example.com,product query issue reported,2026-05-12T23:45:00+05:30
2026-05-12,West,late_delivery,2,2,542,cust499@example.com,Order dispatched late from the North hub; no update for three days.,2026-05-12T23:45:00+05:30
2026-05-12,West,damaged_item,6,6,542,cust5765@example.com,damaged item issue reported,2026-05-12T23:45:00+05:30
2026-05-12,West,billing,1,1,542,cust6837@example.com,billing issue reported,2026-05-12T23:45:00+05:30
2026-05-12,West,product_query,0,0,542,cust2061@example.com,product query issue reported,2026-05-12T23:45:00+05:30
2026-05-13,North,late_delivery,5,5,705,cust474@example.com,Order dispatched late from the North hub; no update for three days.,2026-05-13T23:45:00+05:30
2026-05-13,North,damaged_item,2,2,705,cust7193@example.com,damaged item issue reported,2026-05-13T23:45:00+05:30
2026-05-13,North,billing,4,4,705,cust6919@example.com,billing issue reported,2026-05-13T23:45:00+05:30
2026-05-13,North,product_query,0,4,705,cust7961@example.com,product query issue reported,2026-05-13T23:45:00+05:30
2026-05-13,South,late_delivery,0,0,597,cust5038@example.com,Order dispatched late from the North hub; no update for three days.,2026-05-13T23:45:00+05:30
2026-05-13,South,damaged_item,0,0,597,cust8949@example.com,damaged item issue reported,2026-05-13T23:45:00+05:30
2026-05-13,South,billing,2,2,597,cust2713@example.com,billing issue reported,2026-05-13T23:45:00+05:30
2026-05-13,South,product_query,0,3,597,cust944@example.com,product query issue reported,2026-05-13T23:45:00+05:30
2026-05-13,East,late_delivery,1,1,411,cust5570@example.com,Order dispatched late from the North hub; no update for three days.,2026-05-13T23:45:00+05:30
2026-05-13,East,damaged_item,2,2,411,cust1509@example.com,damaged item issue reported,2026-05-13T23:45:00+05:30
2026-05-13,East,billing,0,0,411,cust1598@example.com,billing issue reported,2026-05-13T23:45:00+05:30
2026-05-13,East,product_query,0,2,411,cust770@example.com,product query issue reported,2026-05-13T23:45:00+05:30
2026-05-13,West,late_delivery,7,7,542,cust3608@example.com,Order dispatched late from the North hub; no update for three days.,2026-05-13T23:45:00+05:30
2026-05-13,West,damaged_item,0,0,542,cust1142@example.com,damaged item issue reported,2026-05-13T23:45:00+05:30
2026-05-13,West,billing,3,3,542,cust6038@example.com,billing issue reported,2026-05-13T23:45:00+05:30
2026-05-13,West,product_query,0,1,542,cust3634@example.com,product query issue reported,2026-05-13T23:45:00+05:30
2026-05-14,North,late_delivery,3,3,705,cust2344@example.com,Order dispatched late from the North hub; no update for three days.,2026-05-14T23:45:00+05:30
2026-05-14,North,damaged_item,2,2,705,cust9864@example.com,damaged item issue reported,2026-05-14T23:45:00+05:30
2026-05-14,North,billing,3,3,705,cust8341@example.com,billing issue reported,2026-05-14T23:45:00+05:30
2026-05-14,North,product_query,0,1,705,cust6463@example.com,product query issue reported,2026-05-14T23:45:00+05:30
2026-05-14,South,late_delivery,3,3,597,cust1416@example.com,Order dispatched late from the North hub; no update for three days.,2026-05-14T23:45:00+05:30
2026-05-14,South,damaged_item,3,3,597,cust8332@example.com,damaged item issue reported,2026-05-14T23:45:00+05:30
2026-05-14,South,billing,2,2,597,cust9357@example.com,billing issue reported,2026-05-14T23:45:00+05:30
2026-05-14,South,product_query,0,3,597,cust6822@example.com,product query issue reported,2026-05-14T23:45:00+05:30
2026-05-14,East,late_delivery,2,2,411,cust4811@example.com,Order dispatched late from the North hub; no update for three days.,2026-05-14T23:45:00+05:30
2026-05-14,East,damaged_item,0,0,411,cust8991@example.com,damaged item issue reported,2026-05-14T23:45:00+05:30
2026-05-14,East,billing,1,1,411,cust2076@example.com,billing issue reported,2026-05-14T23:45:00+05:30
2026-05-14,East,product_query,0,4,411,cust7977@example.com,product query issue reported,2026-05-14T23:45:00+05:30
2026-05-14,West,late_delivery,9,9,542,cust9534@example.com,Order dispatched late from the North hub; no update for three days.,2026-05-14T23:45:00+05:30
2026-05-14,West,damaged_item,3,3,542,cust9787@example.com,damaged item issue reported,2026-05-14T23:45:00+05:30
2026-05-14,West,billing,1,1,542,cust9765@example.com,billing issue reported,2026-05-14T23:45:00+05:30
2026-05-14,West,product_query,0,1,542,cust544@example.com,product query issue reported,2026-05-14T23:45:00+05:30
2026-05-15,North,late_delivery,8,8,705,cust5623@example.com,Order dispatched late from the North hub; no update for three days.,2026-05-15T23:45:00+05:30
2026-05-15,North,damaged_item,5,5,705,cust6963@example.com,damaged item issue reported,2026-05-15T23:45:00+05:30
2026-05-15,North,billing,2,2,705,cust312@example.com,billing issue reported,2026-05-15T23:45:00+05:30
2026-05-15,North,product_query,0,1,705,cust6669@example.com,product query issue reported,2026-05-15T23:45:00+05:30
2026-05-15,South,late_delivery,3,3,597,cust5628@example.com,Order dispatched late from the North hub; no update for three days.,2026-05-15T23:45:00+05:30
2026-05-15,South,damaged_item,0,0,597,cust3403@example.com,damaged item issue reported,2026-05-15T23:45:00+05:30
2026-05-15,South,billing,2,2,597,cust4840@example.com,billing issue reported,2026-05-15T23:45:00+05:30
2026-05-15,South,product_query,0,1,597,cust9674@example.com,product query issue reported,2026-05-15T23:45:00+05:30
2026-05-15,East,late_delivery,1,1,411,cust1872@example.com,Order dispatched late from the North hub; no update for three days.,2026-05-15T23:45:00+05:30
2026-05-15,East,damaged_item,0,0,411,cust3198@example.com,damaged item issue reported,2026-05-15T23:45:00+05:30
2026-05-15,East,billing,1,1,411,cust3471@example.com,billing issue reported,2026-05-15T23:45:00+05:30
2026-05-15,East,product_query,0,3,411,cust655@example.com,product query issue reported,2026-05-15T23:45:00+05:30
2026-05-15,West,late_delivery,4,4,542,cust2657@example.com,Order dispatched late from the North hub; no update for three days.,2026-05-15T23:45:00+05:30
2026-05-15,West,damaged_item,0,0,542,cust674@example.com,damaged item issue reported,2026-05-15T23:45:00+05:30
2026-05-15,West,billing,1,1,542,cust271@example.com,billing issue reported,2026-05-15T23:45:00+05:30
2026-05-15,West,product_query,0,2,542,cust7234@example.com,product query issue reported,2026-05-15T23:45:00+05:30
2026-05-16,North,late_delivery,8,8,834,cust8585@example.com,Order dispatched late from the North hub; no update for three days.,2026-05-16T23:45:00+05:30
2026-05-16,North,damaged_item,4,4,834,cust7407@example.com,damaged item issue reported,2026-05-16T23:45:00+05:30
2026-05-16,North,billing,2,2,834,cust5675@example.com,billing issue reported,2026-05-16T23:45:00+05:30
2026-05-16,North,product_query,0,6,834,cust8342@example.com,product query issue reported,2026-05-16T23:45:00+05:30
2026-05-16,South,late_delivery,6,6,707,cust4750@example.com,Order dispatched late from the North hub; no update for three days.,2026-05-16T23:45:00+05:30
2026-05-16,South,damaged_item,1,1,707,cust3485@example.com,damaged item issue reported,2026-05-16T23:45:00+05:30
2026-05-16,South,billing,2,2,707,cust5674@example.com,billing issue reported,2026-05-16T23:45:00+05:30
2026-05-16,South,product_query,0,4,707,cust9938@example.com,product query issue reported,2026-05-16T23:45:00+05:30
2026-05-16,East,late_delivery,8,8,487,cust7138@example.com,Order dispatched late from the North hub; no update for three days.,2026-05-16T23:45:00+05:30
2026-05-16,East,damaged_item,1,1,487,cust6844@example.com,damaged item issue reported,2026-05-16T23:45:00+05:30
2026-05-16,East,billing,0,0,487,cust9374@example.com,billing issue reported,2026-05-16T23:45:00+05:30
2026-05-16,East,product_query,0,2,487,cust9369@example.com,product query issue reported,2026-05-16T23:45:00+05:30
2026-05-16,West,late_delivery,7,7,641,cust2689@example.com,Order dispatched late from the North hub; no update for three days.,2026-05-16T23:45:00+05:30
2026-05-16,West,damaged_item,4,4,641,cust3600@example.com,damaged item issue reported,2026-05-16T23:45:00+05:30
2026-05-16,West,billing,1,1,641,cust5231@example.com,billing issue reported,2026-05-16T23:45:00+05:30
2026-05-16,West,product_query,0,1,641,cust9631@example.com,product query issue reported,2026-05-16T23:45:00+05:30
2026-05-17,North,late_delivery,4,4,834,cust8505@example.com,Order dispatched late from the North hub; no update for three days.,2026-05-17T23:45:00+05:30
2026-05-17,North,damaged_item,3,3,834,cust1449@example.com,damaged item issue reported,2026-05-17T23:45:00+05:30
2026-05-17,North,billing,0,0,834,cust8917@example.com,billing issue reported,2026-05-17T23:45:00+05:30
2026-05-17,North,product_query,0,6,834,cust9779@example.com,product query issue reported,2026-05-17T23:45:00+05:30
2026-05-17,South,late_delivery,5,5,707,cust6498@example.com,Order dispatched late from the North hub; no update for three days.,2026-05-17T23:45:00+05:30
2026-05-17,South,damaged_item,2,2,707,cust1283@example.com,damaged item issue reported,2026-05-17T23:45:00+05:30
2026-05-17,South,billing,2,2,707,cust965@example.com,billing issue reported,2026-05-17T23:45:00+05:30
2026-05-17,South,product_query,0,4,707,cust6595@example.com,product query issue reported,2026-05-17T23:45:00+05:30
2026-05-17,East,late_delivery,11,11,487,cust3851@example.com,Order dispatched late from the North hub; no update for three days.,2026-05-17T23:45:00+05:30
2026-05-17,East,damaged_item,2,2,487,cust6895@example.com,damaged item issue reported,2026-05-17T23:45:00+05:30
2026-05-17,East,billing,1,1,487,cust3278@example.com,billing issue reported,2026-05-17T23:45:00+05:30
2026-05-17,East,product_query,0,2,487,cust6406@example.com,product query issue reported,2026-05-17T23:45:00+05:30
2026-05-17,West,late_delivery,6,6,641,cust3235@example.com,Order dispatched late from the North hub; no update for three days.,2026-05-17T23:45:00+05:30
2026-05-17,West,damaged_item,4,4,641,cust3681@example.com,damaged item issue reported,2026-05-17T23:45:00+05:30
2026-05-17,West,billing,0,0,641,cust4745@example.com,billing issue reported,2026-05-17T23:45:00+05:30
2026-05-17,West,product_query,0,1,641,cust7890@example.com,product query issue reported,2026-05-17T23:45:00+05:30
2026-05-19,North,late_delivery,4,4,705,cust4509@example.com,Order dispatched late from the North hub; no update for three days.,2026-05-18T23:45:00+05:30
2026-05-18,North,damaged_item,2,2,705,cust1716@example.com,damaged item issue reported,2026-05-18T23:45:00+05:30
2026-05-18,North,billing,0,0,705,cust2333@example.com,billing issue reported,2026-05-18T23:45:00+05:30
2026-05-18,North,product_query,0,5,705,cust8404@example.com,product query issue reported,2026-05-18T23:45:00+05:30
2026-05-18,South,late_delivery,4,4,597,cust8919@example.com,Order dispatched late from the North hub; no update for three days.,2026-05-18T23:45:00+05:30
2026-05-18,South,damaged_item,1,1,597,cust2339@example.com,damaged item issue reported,2026-05-18T23:45:00+05:30
2026-05-18,South,billing,2,2,597,cust2121@example.com,billing issue reported,2026-05-18T23:45:00+05:30
2026-05-18,South,product_query,0,5,597,cust6625@example.com,product query issue reported,2026-05-18T23:45:00+05:30
2026-05-18,East,late_delivery,2,2,411,cust6265@example.com,Order dispatched late from the North hub; no update for three days.,2026-05-18T23:45:00+05:30
2026-05-18,East,damaged_item,3,3,411,cust1176@example.com,damaged item issue reported,2026-05-18T23:45:00+05:30
2026-05-18,East,billing,0,0,411,cust6307@example.com,billing issue reported,2026-05-18T23:45:00+05:30
2026-05-18,East,product_query,0,0,411,cust6879@example.com,product query issue reported,2026-05-18T23:45:00+05:30
2026-05-18,West,late_delivery,3,3,542,cust5403@example.com,Order dispatched late from the North hub; no update for three days.,2026-05-18T23:45:00+05:30
2026-05-18,West,damaged_item,2,2,542,cust5896@example.com,damaged item issue reported,2026-05-18T23:45:00+05:30
2026-05-18,West,billing,1,1,542,cust9426@example.com,billing issue reported,2026-05-18T23:45:00+05:30
2026-05-18,West,product_query,0,1,542,cust1761@example.com,product query issue reported,2026-05-18T23:45:00+05:30
2026-05-19,North,late_delivery,5,5,705,cust9785@example.com,Order dispatched late from the North hub; no update for three days.,2026-05-19T23:45:00+05:30
2026-05-20,North,damaged_item,0,0,705,cust7748@example.com,damaged item issue reported,2026-05-19T23:45:00+05:30
2026-05-19,North,billing,1,1,705,cust8834@example.com,billing issue reported,2026-05-19T23:45:00+05:30
2026-05-19,North,product_query,0,3,705,cust7857@example.com,product query issue reported,2026-05-19T23:45:00+05:30
2026-05-19,South,late_delivery,2,2,597,cust1272@example.com,Order dispatched late from the North hub; no update for three days.,2026-05-19T23:45:00+05:30
2026-05-19,South,damaged_item,1,1,597,cust926@example.com,damaged item issue reported,2026-05-19T23:45:00+05:30
2026-05-19,South,billing,1,1,597,cust5858@example.com,billing issue reported,2026-05-19T23:45:00+05:30
2026-05-19,South,product_query,0,1,597,cust9466@example.com,product query issue reported,2026-05-19T23:45:00+05:30
2026-05-19,East,late_delivery,3,3,411,cust5944@example.com,Order dispatched late from the North hub; no update for three days.,2026-05-19T23:45:00+05:30
2026-05-19,East,damaged_item,0,0,411,cust1979@example.com,damaged item issue reported,2026-05-19T23:45:00+05:30
2026-05-19,East,billing,1,1,411,cust2293@example.com,billing issue reported,2026-05-19T23:45:00+05:30
2026-05-19,East,product_query,0,4,411,cust811@example.com,product query issue reported,2026-05-19T23:45:00+05:30
2026-05-19,West,late_delivery,4,4,541,cust8700@example.com,Order dispatched late from the North hub; no update for three days.,2026-05-19T23:45:00+05:30
2026-05-19,West,damaged_item,1,1,541,cust5623@example.com,damaged item issue reported,2026-05-19T23:45:00+05:30
2026-05-19,West,billing,0,0,541,cust7399@example.com,billing issue reported,2026-05-19T23:45:00+05:30
2026-05-19,West,product_query,0,4,541,cust7931@example.com,product query issue reported,2026-05-19T23:45:00+05:30
2026-05-20,North,late_delivery,2,2,705,cust5374@example.com,Order dispatched late from the North hub; no update for three days.,2026-05-20T23:45:00+05:30
2026-05-20,North,damaged_item,0,0,705,cust4586@example.com,damaged item issue reported,2026-05-20T23:45:00+05:30
2026-05-20,North,billing,3,3,705,cust8340@example.com,billing issue reported,2026-05-20T23:45:00+05:30
2026-05-20,North,product_query,0,3,705,cust9700@example.com,product query issue reported,2026-05-20T23:45:00+05:30
2026-05-20,South,late_delivery,3,3,597,cust2716@example.com,Order dispatched late from the North hub; no update for three days.,2026-05-20T23:45:00+05:30
2026-05-20,South,damaged_item,0,0,597,cust4173@example.com,damaged item issue reported,2026-05-20T23:45:00+05:30
2026-05-20,South,billing,2,2,597,cust7101@example.com,billing issue reported,2026-05-20T23:45:00+05:30
2026-05-20,South,product_query,0,4,597,cust8290@example.com,product query issue reported,2026-05-20T23:45:00+05:30
2026-05-20,East,late_delivery,5,5,411,cust4278@example.com,Order dispatched late from the North hub; no update for three days.,2026-05-20T23:45:00+05:30
2026-05-20,East,damaged_item,2,2,411,cust1965@example.com,damaged item issue reported,2026-05-20T23:45:00+05:30
2026-05-20,East,billing,0,0,411,cust7746@example.com,billing issue reported,2026-05-20T23:45:00+05:30
2026-05-20,East,product_query,0,3,411,cust7728@example.com,product query issue reported,2026-05-20T23:45:00+05:30
2026-05-20,West,late_delivery,7,7,541,cust5043@example.com,Order dispatched late from the North hub; no update for three days.,2026-05-20T23:45:00+05:30
2026-05-20,West,damaged_item,5,5,541,cust5393@example.com,damaged item issue reported,2026-05-20T23:45:00+05:30
2026-05-20,West,billing,3,3,541,cust9286@example.com,billing issue reported,2026-05-20T23:45:00+05:30
2026-05-20,West,product_query,0,3,541,cust3502@example.com,product query issue reported,2026-05-20T23:45:00+05:30
2026-05-21,North,late_delivery,3,3,597,cust3376@example.com,Order dispatched late from the North hub; no update for three days.,2026-05-21T23:45:00+05:30
2026-05-21,North,damaged_item,2,2,597,cust5095@example.com,damaged item issue reported,2026-05-21T23:45:00+05:30
2026-05-21,North,billing,0,0,597,cust8724@example.com,billing issue reported,2026-05-21T23:45:00+05:30
2026-05-21,North,product_query,0,4,597,cust3157@example.com,product query issue reported,2026-05-21T23:45:00+05:30
2026-05-21,South,late_delivery,5,5,506,cust4698@example.com,Order dispatched late from the North hub; no update for three days.,2026-05-21T23:45:00+05:30
2026-05-21,South,damaged_item,1,1,506,cust9831@example.com,damaged item issue reported,2026-05-21T23:45:00+05:30
2026-05-21,South,billing,0,0,506,cust2176@example.com,billing issue reported,2026-05-21T23:45:00+05:30
2026-05-21,South,product_query,0,3,506,cust2706@example.com,product query issue reported,2026-05-21T23:45:00+05:30
2026-05-21,East,late_delivery,2,2,348,cust682@example.com,Order dispatched late from the North hub; no update for three days.,2026-05-21T23:45:00+05:30
2026-05-21,East,damaged_item,1,1,348,cust9272@example.com,damaged item issue reported,2026-05-21T23:45:00+05:30
2026-05-21,East,billing,1,1,348,cust8917@example.com,billing issue reported,2026-05-21T23:45:00+05:30
2026-05-21,East,product_query,0,1,348,cust3705@example.com,product query issue reported,2026-05-21T23:45:00+05:30
2026-05-21,West,late_delivery,2,2,459,cust5925@example.com,Order dispatched late from the North hub; no update for three days.,2026-05-21T23:45:00+05:30
2026-05-21,West,damaged_item,2,2,459,cust9726@example.com,damaged item issue reported,2026-05-21T23:45:00+05:30
2026-05-21,West,billing,1,1,459,cust1198@example.com,billing issue reported,2026-05-21T23:45:00+05:30
2026-05-21,West,product_query,0,5,459,cust6967@example.com,product query issue reported,2026-05-21T23:45:00+05:30
2026-05-22,North,late_delivery,4,4,597,cust3750@example.com,Order dispatched late from the North hub; no update for three days.,2026-05-22T23:45:00+05:30
2026-05-22,North,damaged_item,0,0,597,cust1748@example.com,damaged item issue reported,2026-05-22T23:45:00+05:30
2026-05-22,North,billing,2,2,597,cust3629@example.com,billing issue reported,2026-05-22T23:45:00+05:30
2026-05-22,North,product_query,0,3,597,cust322@example.com,product query issue reported,2026-05-22T23:45:00+05:30
2026-05-22,South,late_delivery,3,3,506,cust7067@example.com,Order dispatched late from the North hub; no update for three days.,2026-05-22T23:45:00+05:30
2026-05-22,South,damaged_item,1,1,506,cust8099@example.com,damaged item issue reported,2026-05-22T23:45:00+05:30
2026-05-22,South,billing,1,1,506,cust5648@example.com,billing issue reported,2026-05-22T23:45:00+05:30
2026-05-22,South,product_query,0,5,506,cust3592@example.com,product query issue reported,2026-05-22T23:45:00+05:30
2026-05-22,East,late_delivery,3,3,348,cust1121@example.com,Order dispatched late from the North hub; no update for three days.,2026-05-22T23:45:00+05:30
2026-05-22,East,damaged_item,1,1,348,cust4971@example.com,damaged item issue reported,2026-05-22T23:45:00+05:30
2026-05-22,East,billing,4,4,348,cust1500@example.com,billing issue reported,2026-05-22T23:45:00+05:30
2026-05-22,East,product_query,0,4,348,cust1245@example.com,product query issue reported,2026-05-22T23:45:00+05:30
2026-05-22,West,late_delivery,4,4,459,cust4776@example.com,Order dispatched late from the North hub; no update for three days.,2026-05-22T23:45:00+05:30
2026-05-22,West,damaged_item,0,0,459,cust1698@example.com,damaged item issue reported,2026-05-22T23:45:00+05:30
2026-05-22,West,billing,0,0,459,cust708@example.com,billing issue reported,2026-05-22T23:45:00+05:30
2026-05-22,West,product_query,0,0,459,cust8898@example.com,product query issue reported,2026-05-22T23:45:00+05:30
2026-05-23,North,late_delivery,6,6,707,cust7174@example.com,Order dispatched late from the North hub; no update for three days.,2026-05-23T23:45:00+05:30
2026-05-23,North,damaged_item,2,2,707,cust6564@example.com,damaged item issue reported,2026-05-23T23:45:00+05:30
2026-05-23,North,billing,1,1,707,cust3012@example.com,billing issue reported,2026-05-23T23:45:00+05:30
2026-05-23,North,product_query,0,4,707,cust5322@example.com,product query issue reported,2026-05-23T23:45:00+05:30
2026-05-23,South,late_delivery,8,8,599,cust2952@example.com,Order dispatched late from the North hub; no update for three days.,2026-05-23T23:45:00+05:30
2026-05-23,South,damaged_item,2,2,599,cust3676@example.com,damaged item issue reported,2026-05-23T23:45:00+05:30
2026-05-23,South,billing,0,0,599,cust5919@example.com,billing issue reported,2026-05-23T23:45:00+05:30
2026-05-23,South,product_query,0,3,599,cust2570@example.com,product query issue reported,2026-05-23T23:45:00+05:30
2026-05-23,East,late_delivery,4,4,412,cust6677@example.com,Order dispatched late from the North hub; no update for three days.,2026-05-23T23:45:00+05:30
2026-05-23,East,damaged_item,1,1,412,cust5677@example.com,damaged item issue reported,2026-05-23T23:45:00+05:30
2026-05-23,East,billing,1,1,412,cust904@example.com,billing issue reported,2026-05-23T23:45:00+05:30
2026-05-23,East,product_query,0,0,412,cust1377@example.com,product query issue reported,2026-05-23T23:45:00+05:30
2026-05-23,West,late_delivery,2,2,543,cust4843@example.com,Order dispatched late from the North hub; no update for three days.,2026-05-23T23:45:00+05:30
2026-05-23,West,damaged_item,2,2,543,cust5879@example.com,damaged item issue reported,2026-05-23T23:45:00+05:30
2026-05-23,West,billing,1,1,543,cust3916@example.com,billing issue reported,2026-05-23T23:45:00+05:30
2026-05-23,West,product_query,0,5,543,cust3105@example.com,product query issue reported,2026-05-23T23:45:00+05:30
2026-05-24,North,late_delivery,5,5,706,cust8891@example.com,Order dispatched late from the North hub; no update for three days.,2026-05-24T23:45:00+05:30
2026-05-24,North,damaged_item,0,0,706,cust8393@example.com,damaged item issue reported,2026-05-24T23:45:00+05:30
2026-05-24,North,billing,2,2,706,cust7045@example.com,billing issue reported,2026-05-24T23:45:00+05:30
2026-05-24,North,product_query,0,2,706,cust8305@example.com,product query issue reported,2026-05-24T23:45:00+05:30
2026-05-24,South,late_delivery,3,3,598,cust6402@example.com,Order dispatched late from the North hub; no update for three days.,2026-05-24T23:45:00+05:30
2026-05-24,South,damaged_item,3,3,598,cust3980@example.com,damaged item issue reported,2026-05-24T23:45:00+05:30
2026-05-24,South,billing,4,4,598,cust9080@example.com,billing issue reported,2026-05-24T23:45:00+05:30
2026-05-24,South,product_query,0,5,598,cust573@example.com,product query issue reported,2026-05-24T23:45:00+05:30
2026-05-24,East,late_delivery,3,3,412,cust3700@example.com,Order dispatched late from the North hub; no update for three days.,2026-05-24T23:45:00+05:30
2026-05-24,East,damaged_item,1,1,412,cust1365@example.com,damaged item issue reported,2026-05-24T23:45:00+05:30
2026-05-24,East,billing,0,0,412,cust81@example.com,billing issue reported,2026-05-24T23:45:00+05:30
2026-05-24,East,product_query,0,2,412,cust6845@example.com,product query issue reported,2026-05-24T23:45:00+05:30
2026-05-24,West,late_delivery,3,3,543,cust9856@example.com,Order dispatched late from the North hub; no update for three days.,2026-05-24T23:45:00+05:30
2026-05-24,West,damaged_item,2,2,543,cust8828@example.com,damaged item issue reported,2026-05-24T23:45:00+05:30
2026-05-24,West,billing,1,1,543,cust6959@example.com,billing issue reported,2026-05-24T23:45:00+05:30
2026-05-24,West,product_query,0,3,543,cust53@example.com,product query issue reported,2026-05-24T23:45:00+05:30
2026-05-25,North,late_delivery,2,2,597,cust6186@example.com,Order dispatched late from the North hub; no update for three days.,2026-05-25T23:45:00+05:30
2026-05-25,North,damaged_item,2,2,597,cust1857@example.com,damaged item issue reported,2026-05-25T23:45:00+05:30
2026-05-25,North,billing,1,1,597,cust6796@example.com,billing issue reported,2026-05-25T23:45:00+05:30
2026-05-25,North,product_query,0,7,597,cust4347@example.com,product query issue reported,2026-05-25T23:45:00+05:30
2026-05-25,South,late_delivery,2,2,505,cust7866@example.com,Order dispatched late from the North hub; no update for three days.,2026-05-25T23:45:00+05:30
2026-05-25,South,damaged_item,1,1,505,cust3576@example.com,damaged item issue reported,2026-05-25T23:45:00+05:30
2026-05-25,South,billing,1,1,505,cust8924@example.com,billing issue reported,2026-05-25T23:45:00+05:30
2026-05-25,South,product_query,0,2,505,cust556@example.com,product query issue reported,2026-05-25T23:45:00+05:30
2026-05-25,East,late_delivery,2,2,348,cust4581@example.com,Order dispatched late from the North hub; no update for three days.,2026-05-25T23:45:00+05:30
2026-05-25,East,damaged_item,3,3,348,cust2929@example.com,damaged item issue reported,2026-05-25T23:45:00+05:30
2026-05-25,East,billing,2,2,348,cust7765@example.com,billing issue reported,2026-05-25T23:45:00+05:30
2026-05-25,East,product_query,0,0,348,cust6485@example.com,product query issue reported,2026-05-25T23:45:00+05:30
2026-05-25,West,late_delivery,1,1,458,cust5150@example.com,Order dispatched late from the North hub; no update for three days.,2026-05-25T23:45:00+05:30
2026-05-25,West,damaged_item,1,1,458,cust1705@example.com,damaged item issue reported,2026-05-25T23:45:00+05:30
2026-05-25,West,billing,0,0,458,cust2598@example.com,billing issue reported,2026-05-25T23:45:00+05:30
2026-05-25,West,product_query,0,1,458,cust1918@example.com,product query issue reported,2026-05-25T23:45:00+05:30
2026-05-26,North,late_delivery,6,6,597,cust2072@example.com,Order dispatched late from the North hub; no update for three days.,2026-05-26T23:45:00+05:30
2026-05-26,North,damaged_item,0,0,597,cust7306@example.com,damaged item issue reported,2026-05-26T23:45:00+05:30
2026-05-26,North,billing,2,2,597,cust648@example.com,billing issue reported,2026-05-26T23:45:00+05:30
2026-05-26,North,product_query,0,2,597,cust9937@example.com,product query issue reported,2026-05-26T23:45:00+05:30
2026-05-26,South,late_delivery,1,1,505,cust5037@example.com,Order dispatched late from the North hub; no update for three days.,2026-05-26T23:45:00+05:30
2026-05-26,South,damaged_item,1,1,505,cust7444@example.com,damaged item issue reported,2026-05-26T23:45:00+05:30
2026-05-26,South,billing,2,2,505,cust5940@example.com,billing issue reported,2026-05-26T23:45:00+05:30
2026-05-27,South,product_query,0,4,505,cust2157@example.com,product query issue reported,2026-05-26T23:45:00+05:30
2026-05-26,East,late_delivery,2,2,348,cust3021@example.com,Order dispatched late from the North hub; no update for three days.,2026-05-26T23:45:00+05:30
2026-05-26,East,damaged_item,1,1,348,cust911@example.com,damaged item issue reported,2026-05-26T23:45:00+05:30
2026-05-26,East,billing,1,1,348,cust2365@example.com,billing issue reported,2026-05-26T23:45:00+05:30
2026-05-26,East,product_query,0,1,348,cust6692@example.com,product query issue reported,2026-05-26T23:45:00+05:30
2026-05-26,West,late_delivery,1,1,458,cust484@example.com,Order dispatched late from the North hub; no update for three days.,2026-05-26T23:45:00+05:30
2026-05-26,West,damaged_item,0,0,458,cust233@example.com,damaged item issue reported,2026-05-26T23:45:00+05:30
2026-05-26,West,billing,3,3,458,cust9709@example.com,billing issue reported,2026-05-26T23:45:00+05:30
2026-05-26,West,product_query,0,3,458,cust7305@example.com,product query issue reported,2026-05-26T23:45:00+05:30
2026-05-28,North,late_delivery,2,2,596,cust7602@example.com,Order dispatched late from the North hub; no update for three days.,2026-05-27T23:45:00+05:30
2026-05-27,North,damaged_item,2,2,596,cust2022@example.com,damaged item issue reported,2026-05-27T23:45:00+05:30
2026-05-27,North,billing,1,1,596,cust9997@example.com,billing issue reported,2026-05-27T23:45:00+05:30
2026-05-27,North,product_query,0,3,596,cust4227@example.com,product query issue reported,2026-05-27T23:45:00+05:30
2026-05-27,South,late_delivery,1,1,505,cust1163@example.com,Order dispatched late from the North hub; no update for three days.,2026-05-27T23:45:00+05:30
2026-05-27,South,damaged_item,2,2,505,cust412@example.com,damaged item issue reported,2026-05-27T23:45:00+05:30
2026-05-27,South,billing,0,0,505,cust7143@example.com,billing issue reported,2026-05-27T23:45:00+05:30
2026-05-27,South,product_query,0,2,505,cust9079@example.com,product query issue reported,2026-05-27T23:45:00+05:30
2026-05-27,East,late_delivery,1,1,348,cust5388@example.com,Order dispatched late from the North hub; no update for three days.,2026-05-27T23:45:00+05:30
2026-05-27,East,damaged_item,0,0,348,cust459@example.com,damaged item issue reported,2026-05-27T23:45:00+05:30
2026-05-27,East,billing,2,2,348,cust4336@example.com,billing issue reported,2026-05-27T23:45:00+05:30
2026-05-27,East,product_query,0,0,348,cust9605@example.com,product query issue reported,2026-05-27T23:45:00+05:30
2026-05-27,West,late_delivery,0,0,458,cust8994@example.com,Order dispatched late from the North hub; no update for three days.,2026-05-27T23:45:00+05:30
2026-05-27,West,damaged_item,1,1,458,cust9849@example.com,damaged item issue reported,2026-05-27T23:45:00+05:30
2026-05-27,West,billing,1,1,458,cust6079@example.com,billing issue reported,2026-05-27T23:45:00+05:30
2026-05-27,West,product_query,0,3,458,cust6256@example.com,product query issue reported,2026-05-27T23:45:00+05:30
2026-05-28,North,late_delivery,6,6,596,cust6326@example.com,Order dispatched late from the North hub; no update for three days.,2026-05-28T23:45:00+05:30
2026-05-28,North,damaged_item,3,3,596,cust4381@example.com,damaged item issue reported,2026-05-28T23:45:00+05:30
2026-05-28,North,billing,2,2,596,cust3678@example.com,billing issue reported,2026-05-28T23:45:00+05:30
2026-05-28,North,product_query,0,1,596,cust6609@example.com,product query issue reported,2026-05-28T23:45:00+05:30
2026-05-28,South,late_delivery,4,4,505,cust4504@example.com,Order dispatched late from the North hub; no update for three days.,2026-05-28T23:45:00+05:30
2026-05-28,South,damaged_item,1,1,505,cust4312@example.com,damaged item issue reported,2026-05-28T23:45:00+05:30
2026-05-28,South,billing,0,0,505,cust1508@example.com,billing issue reported,2026-05-28T23:45:00+05:30
2026-05-28,South,product_query,0,2,505,cust2733@example.com,product query issue reported,2026-05-28T23:45:00+05:30
2026-05-28,East,late_delivery,2,2,348,cust4603@example.com,Order dispatched late from the North hub; no update for three days.,2026-05-28T23:45:00+05:30
2026-05-28,East,damaged_item,0,0,348,cust2711@example.com,damaged item issue reported,2026-05-28T23:45:00+05:30
2026-05-28,East,billing,2,2,348,cust7552@example.com,billing issue reported,2026-05-28T23:45:00+05:30
2026-05-28,East,product_query,0,0,348,cust3153@example.com,product query issue reported,2026-05-28T23:45:00+05:30
2026-05-28,West,late_delivery,1,1,458,cust8108@example.com,Order dispatched late from the North hub; no update for three days.,2026-05-28T23:45:00+05:30
2026-05-28,West,damaged_item,1,1,458,cust9952@example.com,damaged item issue reported,2026-05-28T23:45:00+05:30
2026-05-28,West,billing,3,3,458,cust2480@example.com,billing issue reported,2026-05-28T23:45:00+05:30
2026-05-28,West,product_query,0,0,458,cust8839@example.com,product query issue reported,2026-05-28T23:45:00+05:30
2026-05-29,North,late_delivery,0,0,596,cust6897@example.com,Order dispatched late from the North hub; no update for three days.,2026-05-29T23:45:00+05:30
2026-05-29,North,damaged_item,1,1,596,cust6455@example.com,damaged item issue reported,2026-05-29T23:45:00+05:30
2026-05-29,North,billing,1,1,596,cust1769@example.com,billing issue reported,2026-05-29T23:45:00+05:30
2026-05-29,North,product_query,0,0,596,cust2278@example.com,product query issue reported,2026-05-29T23:45:00+05:30
2026-05-29,South,late_delivery,3,3,505,cust6639@example.com,Order dispatched late from the North hub; no update for three days.,2026-05-29T23:45:00+05:30
2026-05-29,South,damaged_item,1,1,505,cust5199@example.com,damaged item issue reported,2026-05-29T23:45:00+05:30
2026-05-29,South,billing,2,2,505,cust4389@example.com,billing issue reported,2026-05-29T23:45:00+05:30
2026-05-29,South,product_query,0,3,505,cust7706@example.com,product query issue reported,2026-05-29T23:45:00+05:30
2026-05-29,East,late_delivery,2,2,348,cust8302@example.com,Order dispatched late from the North hub; no update for three days.,2026-05-29T23:45:00+05:30
2026-05-29,East,damaged_item,1,1,348,cust5455@example.com,damaged item issue reported,2026-05-29T23:45:00+05:30
2026-05-29,East,billing,0,0,348,cust7431@example.com,billing issue reported,2026-05-29T23:45:00+05:30
2026-05-29,East,product_query,0,3,348,cust4439@example.com,product query issue reported,2026-05-29T23:45:00+05:30
2026-05-29,West,late_delivery,3,3,458,cust826@example.com,Order dispatched late from the North hub; no update for three days.,2026-05-29T23:45:00+05:30
2026-05-29,West,damaged_item,0,0,458,cust7348@example.com,damaged item issue reported,2026-05-29T23:45:00+05:30
2026-05-29,West,billing,0,0,458,cust9415@example.com,billing issue reported,2026-05-29T23:45:00+05:30
2026-05-29,West,product_query,0,1,458,cust1145@example.com,product query issue reported,2026-05-29T23:45:00+05:30
2026-05-30,North,late_delivery,2,2,706,cust6535@example.com,Order dispatched late from the North hub; no update for three days.,2026-05-30T23:45:00+05:30
2026-05-30,North,damaged_item,1,1,706,cust3096@example.com,damaged item issue reported,2026-05-30T23:45:00+05:30
2026-05-30,North,billing,2,2,706,cust4866@example.com,billing issue reported,2026-05-30T23:45:00+05:30
2026-05-30,North,product_query,0,5,706,cust3919@example.com,product query issue reported,2026-05-30T23:45:00+05:30
2026-05-30,South,late_delivery,4,4,598,cust9967@example.com,Order dispatched late from the North hub; no update for three days.,2026-05-30T23:45:00+05:30
2026-05-30,South,damaged_item,2,2,598,cust1471@example.com,damaged item issue reported,2026-05-30T23:45:00+05:30
2026-05-30,South,billing,1,1,598,cust3746@example.com,billing issue reported,2026-05-30T23:45:00+05:30
2026-05-30,South,product_query,0,4,598,cust8839@example.com,product query issue reported,2026-05-30T23:45:00+05:30
2026-05-30,East,late_delivery,2,2,411,cust6294@example.com,Order dispatched late from the North hub; no update for three days.,2026-05-30T23:45:00+05:30
2026-05-30,East,damaged_item,0,0,411,cust8527@example.com,damaged item issue reported,2026-05-30T23:45:00+05:30
2026-05-30,East,billing,1,1,411,cust3365@example.com,billing issue reported,2026-05-30T23:45:00+05:30
2026-05-30,East,product_query,0,2,411,cust9729@example.com,product query issue reported,2026-05-30T23:45:00+05:30
2026-05-30,West,late_delivery,4,4,542,cust5477@example.com,Order dispatched late from the North hub; no update for three days.,2026-05-30T23:45:00+05:30
2026-05-30,West,damaged_item,3,3,542,cust2653@example.com,damaged item issue reported,2026-05-30T23:45:00+05:30
2026-05-30,West,billing,0,0,542,cust8105@example.com,billing issue reported,2026-05-30T23:45:00+05:30
2026-05-30,West,product_query,0,1,542,cust7973@example.com,product query issue reported,2026-05-30T23:45:00+05:30
2026-06-01,North,late_delivery,4,4,705,cust2205@example.com,Order dispatched late from the North hub; no update for three days.,2026-05-31T23:45:00+05:30
2026-05-31,North,damaged_item,0,0,705,cust5318@example.com,damaged item issue reported,2026-05-31T23:45:00+05:30
2026-05-31,North,billing,1,1,705,cust6701@example.com,billing issue reported,2026-05-31T23:45:00+05:30
2026-05-31,North,product_query,0,3,705,cust666@example.com,product query issue reported,2026-05-31T23:45:00+05:30
2026-05-31,South,late_delivery,6,6,598,cust2861@example.com,Order dispatched late from the North hub; no update for three days.,2026-05-31T23:45:00+05:30
2026-05-31,South,damaged_item,1,1,598,cust6959@example.com,damaged item issue reported,2026-05-31T23:45:00+05:30
2026-05-31,South,billing,1,1,598,cust7195@example.com,billing issue reported,2026-05-31T23:45:00+05:30
2026-05-31,South,product_query,0,2,598,cust4515@example.com,product query issue reported,2026-05-31T23:45:00+05:30
2026-05-31,East,late_delivery,2,2,411,cust8080@example.com,Order dispatched late from the North hub; no update for three days.,2026-05-31T23:45:00+05:30
2026-05-31,East,damaged_item,1,1,411,cust1214@example.com,damaged item issue reported,2026-05-31T23:45:00+05:30
2026-05-31,East,billing,2,2,411,cust4270@example.com,billing issue reported,2026-05-31T23:45:00+05:30
2026-05-31,East,product_query,0,2,411,cust7899@example.com,product query issue reported,2026-05-31T23:45:00+05:30
2026-05-31,West,late_delivery,2,2,542,cust6189@example.com,Order dispatched late from the North hub; no update for three days.,2026-05-31T23:45:00+05:30
2026-05-31,West,damaged_item,0,0,542,cust6599@example.com,damaged item issue reported,2026-05-31T23:45:00+05:30
2026-05-31,West,billing,1,1,542,cust3864@example.com,billing issue reported,2026-05-31T23:45:00+05:30
2026-05-31,West,product_query,0,2,542,cust2257@example.com,product query issue reported,2026-05-31T23:45:00+05:30
2026-06-01,North,late_delivery,4,4,596,cust6297@example.com,Order dispatched late from the North hub; no update for three days.,2026-06-01T23:45:00+05:30
2026-06-01,North,damaged_item,4,4,596,cust1578@example.com,damaged item issue reported,2026-06-01T23:45:00+05:30
2026-06-01,North,billing,2,2,596,cust7777@example.com,billing issue reported,2026-06-01T23:45:00+05:30
2026-06-01,North,product_query,0,2,596,cust4733@example.com,product query issue reported,2026-06-01T23:45:00+05:30
2026-06-01,South,late_delivery,3,3,505,cust7822@example.com,Order dispatched late from the North hub; no update for three days.,2026-06-01T23:45:00+05:30
2026-06-01,South,damaged_item,2,2,505,cust4191@example.com,damaged item issue reported,2026-06-01T23:45:00+05:30
2026-06-01,South,billing,1,1,505,cust5408@example.com,billing issue reported,2026-06-01T23:45:00+05:30
2026-06-01,South,product_query,0,2,505,cust6913@example.com,product query issue reported,2026-06-01T23:45:00+05:30
2026-06-01,East,late_delivery,0,0,347,cust9903@example.com,Order dispatched late from the North hub; no update for three days.,2026-06-01T23:45:00+05:30
2026-06-01,East,damaged_item,1,1,347,cust1795@example.com,damaged item issue reported,2026-06-01T23:45:00+05:30
2026-06-01,East,billing,1,1,347,cust9556@example.com,billing issue reported,2026-06-01T23:45:00+05:30
2026-06-01,East,product_query,0,3,347,cust5129@example.com,product query issue reported,2026-06-01T23:45:00+05:30
2026-06-01,West,late_delivery,4,4,458,cust6060@example.com,Order dispatched late from the North hub; no update for three days.,2026-06-01T23:45:00+05:30
2026-06-01,West,damaged_item,1,1,458,cust9143@example.com,damaged item issue reported,2026-06-01T23:45:00+05:30
2026-06-01,West,billing,2,2,458,cust3234@example.com,billing issue reported,2026-06-01T23:45:00+05:30
2026-06-01,West,product_query,0,2,458,cust157@example.com,product query issue reported,2026-06-01T23:45:00+05:30
2026-06-02,North,late_delivery,0,0,596,cust4303@example.com,Order dispatched late from the North hub; no update for three days.,2026-06-02T23:45:00+05:30
2026-06-02,North,damaged_item,1,1,596,cust1308@example.com,damaged item issue reported,2026-06-02T23:45:00+05:30
2026-06-02,North,billing,0,0,596,cust9495@example.com,billing issue reported,2026-06-02T23:45:00+05:30
2026-06-02,North,product_query,0,2,596,cust2196@example.com,product query issue reported,2026-06-02T23:45:00+05:30
2026-06-02,South,late_delivery,2,2,505,cust7248@example.com,Order dispatched late from the North hub; no update for three days.,2026-06-02T23:45:00+05:30
2026-06-02,South,damaged_item,2,2,505,cust1923@example.com,damaged item issue reported,2026-06-02T23:45:00+05:30
2026-06-02,South,billing,1,1,505,cust1033@example.com,billing issue reported,2026-06-02T23:45:00+05:30
2026-06-02,South,product_query,0,1,505,cust7291@example.com,product query issue reported,2026-06-02T23:45:00+05:30
2026-06-02,East,late_delivery,2,2,347,cust1280@example.com,Order dispatched late from the North hub; no update for three days.,2026-06-02T23:45:00+05:30
2026-06-02,East,damaged_item,3,3,347,cust9907@example.com,damaged item issue reported,2026-06-02T23:45:00+05:30
2026-06-02,East,billing,5,5,347,cust2479@example.com,billing issue reported,2026-06-02T23:45:00+05:30
2026-06-02,East,product_query,0,3,347,cust1468@example.com,product query issue reported,2026-06-02T23:45:00+05:30
2026-06-02,West,late_delivery,5,5,458,cust7172@example.com,Order dispatched late from the North hub; no update for three days.,2026-06-02T23:45:00+05:30
2026-06-02,West,damaged_item,0,0,458,cust5760@example.com,damaged item issue reported,2026-06-02T23:45:00+05:30
2026-06-02,West,billing,1,1,458,cust380@example.com,billing issue reported,2026-06-02T23:45:00+05:30
2026-06-02,West,product_query,0,1,458,cust8731@example.com,product query issue reported,2026-06-02T23:45:00+05:30
2026-06-03,North,late_delivery,4,4,595,cust9375@example.com,Order dispatched late from the North hub; no update for three days.,2026-06-03T23:45:00+05:30
2026-06-03,North,damaged_item,0,0,595,cust7330@example.com,damaged item issue reported,2026-06-03T23:45:00+05:30
2026-06-03,North,billing,3,3,595,cust8484@example.com,billing issue reported,2026-06-03T23:45:00+05:30
2026-06-03,North,product_query,0,3,595,cust3378@example.com,product query issue reported,2026-06-03T23:45:00+05:30
2026-06-03,South,late_delivery,1,1,504,cust9344@example.com,Order dispatched late from the North hub; no update for three days.,2026-06-03T23:45:00+05:30
2026-06-03,South,damaged_item,4,4,504,cust4721@example.com,damaged item issue reported,2026-06-03T23:45:00+05:30
2026-06-03,South,billing,3,3,504,cust9291@example.com,billing issue reported,2026-06-03T23:45:00+05:30
2026-06-03,South,product_query,0,1,504,cust524@example.com,product query issue reported,2026-06-03T23:45:00+05:30
2026-06-03,East,late_delivery,3,3,347,cust9234@example.com,Order dispatched late from the North hub; no update for three days.,2026-06-03T23:45:00+05:30
2026-06-03,East,damaged_item,1,1,347,cust2421@example.com,damaged item issue reported,2026-06-03T23:45:00+05:30
2026-06-03,East,billing,1,1,347,cust2490@example.com,billing issue reported,2026-06-03T23:45:00+05:30
2026-06-03,East,product_query,0,1,347,cust6062@example.com,product query issue reported,2026-06-03T23:45:00+05:30
2026-06-03,West,late_delivery,3,3,457,cust9716@example.com,Order dispatched late from the North hub; no update for three days.,2026-06-03T23:45:00+05:30
2026-06-03,West,damaged_item,3,3,457,cust9092@example.com,damaged item issue reported,2026-06-03T23:45:00+05:30
2026-06-03,West,billing,0,0,457,cust986@example.com,billing issue reported,2026-06-03T23:45:00+05:30
2026-06-03,West,product_query,0,1,457,cust1916@example.com,product query issue reported,2026-06-03T23:45:00+05:30
2026-06-04,North,late_delivery,1,1,595,cust1887@example.com,Order dispatched late from the North hub; no update for three days.,2026-06-04T23:45:00+05:30
2026-06-04,North,damaged_item,2,2,595,cust7661@example.com,damaged item issue reported,2026-06-04T23:45:00+05:30
2026-06-04,North,billing,0,0,595,cust602@example.com,billing issue reported,2026-06-04T23:45:00+05:30
2026-06-04,North,product_query,0,1,595,cust7728@example.com,product query issue reported,2026-06-04T23:45:00+05:30
2026-06-04,South,late_delivery,1,1,504,cust7094@example.com,Order dispatched late from the North hub; no update for three days.,2026-06-04T23:45:00+05:30
2026-06-04,South,damaged_item,0,0,504,cust766@example.com,damaged item issue reported,2026-06-04T23:45:00+05:30
2026-06-04,South,billing,1,1,504,cust1985@example.com,billing issue reported,2026-06-04T23:45:00+05:30
2026-06-04,South,product_query,0,2,504,cust1985@example.com,product query issue reported,2026-06-04T23:45:00+05:30
2026-06-04,East,late_delivery,0,0,347,cust2974@example.com,Order dispatched late from the North hub; no update for three days.,2026-06-04T23:45:00+05:30
2026-06-04,East,damaged_item,1,1,347,cust4748@example.com,damaged item issue reported,2026-06-04T23:45:00+05:30
2026-06-04,East,billing,0,0,347,cust3124@example.com,billing issue reported,2026-06-04T23:45:00+05:30
2026-06-04,East,product_query,0,1,347,cust5537@example.com,product query issue reported,2026-06-04T23:45:00+05:30
2026-06-04,West,late_delivery,3,3,457,cust1248@example.com,Order dispatched late from the North hub; no update for three days.,2026-06-04T23:45:00+05:30
2026-06-04,West,damaged_item,1,1,457,cust3771@example.com,damaged item issue reported,2026-06-04T23:45:00+05:30
2026-06-04,West,billing,1,1,457,cust9478@example.com,billing issue reported,2026-06-04T23:45:00+05:30
2026-06-04,West,product_query,0,5,457,cust4824@example.com,product query issue reported,2026-06-04T23:45:00+05:30
2026-06-05,North,late_delivery,3,3,595,cust3540@example.com,Order dispatched late from the North hub; no update for three days.,2026-06-05T23:45:00+05:30
2026-06-05,North,damaged_item,1,1,595,cust6983@example.com,damaged item issue reported,2026-06-05T23:45:00+05:30
2026-06-05,North,billing,3,3,595,cust7241@example.com,billing issue reported,2026-06-05T23:45:00+05:30
2026-06-05,North,product_query,0,3,595,cust807@example.com,product query issue reported,2026-06-05T23:45:00+05:30
2026-06-05,South,late_delivery,3,3,504,cust3104@example.com,Order dispatched late from the North hub; no update for three days.,2026-06-05T23:45:00+05:30
2026-06-05,South,damaged_item,2,2,504,cust7416@example.com,damaged item issue reported,2026-06-05T23:45:00+05:30
2026-06-05,South,billing,0,0,504,cust8973@example.com,billing issue reported,2026-06-05T23:45:00+05:30
2026-06-05,South,product_query,0,2,504,cust8855@example.com,product query issue reported,2026-06-05T23:45:00+05:30
2026-06-05,East,late_delivery,5,5,347,cust2262@example.com,Order dispatched late from the North hub; no update for three days.,2026-06-05T23:45:00+05:30
2026-06-05,East,damaged_item,0,0,347,cust8229@example.com,damaged item issue reported,2026-06-05T23:45:00+05:30
2026-06-05,East,billing,0,0,347,cust4087@example.com,billing issue reported,2026-06-05T23:45:00+05:30
2026-06-05,East,product_query,0,4,347,cust9975@example.com,product query issue reported,2026-06-05T23:45:00+05:30
2026-06-05,West,late_delivery,1,1,457,cust6366@example.com,Order dispatched late from the North hub; no update for three days.,2026-06-05T23:45:00+05:30
2026-06-05,West,damaged_item,2,2,457,cust588@example.com,damaged item issue reported,2026-06-05T23:45:00+05:30
2026-06-05,West,billing,3,3,457,cust7023@example.com,billing issue reported,2026-06-05T23:45:00+05:30
2026-06-05,West,product_query,0,2,457,cust429@example.com,product query issue reported,2026-06-05T23:45:00+05:30
2026-06-06,North,late_delivery,0,0,704,cust3084@example.com,Order dispatched late from the North hub; no update for three days.,2026-06-06T23:45:00+05:30
2026-06-06,North,damaged_item,3,3,704,cust3319@example.com,damaged item issue reported,2026-06-06T23:45:00+05:30
2026-06-06,North,billing,1,1,704,cust1744@example.com,billing issue reported,2026-06-06T23:45:00+05:30
2026-06-06,North,product_query,0,2,704,cust7057@example.com,product query issue reported,2026-06-06T23:45:00+05:30
2026-06-06,South,late_delivery,4,4,597,cust2987@example.com,Order dispatched late from the North hub; no update for three days.,2026-06-06T23:45:00+05:30
2026-06-06,South,damaged_item,5,5,597,cust5759@example.com,damaged item issue reported,2026-06-06T23:45:00+05:30
2026-06-06,South,billing,0,0,597,cust3415@example.com,billing issue reported,2026-06-06T23:45:00+05:30
2026-06-06,South,product_query,0,3,597,cust4037@example.com,product query issue reported,2026-06-06T23:45:00+05:30
2026-06-06,East,late_delivery,5,5,411,cust2548@example.com,Order dispatched late from the North hub; no update for three days.,2026-06-06T23:45:00+05:30
2026-06-06,East,damaged_item,1,1,411,cust6155@example.com,damaged item issue reported,2026-06-06T23:45:00+05:30
2026-06-06,East,billing,0,0,411,cust7763@example.com,billing issue reported,2026-06-06T23:45:00+05:30
2026-06-06,East,product_query,0,0,411,cust4689@example.com,product query issue reported,2026-06-06T23:45:00+05:30
2026-06-06,West,late_delivery,5,5,541,cust4884@example.com,Order dispatched late from the North hub; no update for three days.,2026-06-06T23:45:00+05:30
2026-06-06,West,damaged_item,1,1,541,cust2359@example.com,damaged item issue reported,2026-06-06T23:45:00+05:30
2026-06-06,West,billing,1,1,541,cust7482@example.com,billing issue reported,2026-06-06T23:45:00+05:30
2026-06-06,West,product_query,0,1,541,cust2438@example.com,product query issue reported,2026-06-06T23:45:00+05:30
2026-06-07,North,late_delivery,5,5,704,cust3310@example.com,Order dispatched late from the North hub; no update for three days.,2026-06-07T23:45:00+05:30
2026-06-07,North,damaged_item,3,3,704,cust6212@example.com,damaged item issue reported,2026-06-07T23:45:00+05:30
2026-06-07,North,billing,2,2,704,cust4675@example.com,billing issue reported,2026-06-07T23:45:00+05:30
2026-06-07,North,product_query,0,2,704,cust7436@example.com,product query issue reported,2026-06-07T23:45:00+05:30
2026-06-07,South,late_delivery,5,5,596,cust1871@example.com,Order dispatched late from the North hub; no update for three days.,2026-06-07T23:45:00+05:30
2026-06-07,South,damaged_item,2,2,596,cust9895@example.com,damaged item issue reported,2026-06-07T23:45:00+05:30
2026-06-07,South,billing,1,1,596,cust4560@example.com,billing issue reported,2026-06-07T23:45:00+05:30
2026-06-07,South,product_query,0,2,596,cust2262@example.com,product query issue reported,2026-06-07T23:45:00+05:30
2026-06-07,East,late_delivery,3,3,410,cust5174@example.com,Order dispatched late from the North hub; no update for three days.,2026-06-07T23:45:00+05:30
2026-06-07,East,damaged_item,0,0,410,cust4004@example.com,damaged item issue reported,2026-06-07T23:45:00+05:30
2026-06-07,East,billing,3,3,410,cust348@example.com,billing issue reported,2026-06-07T23:45:00+05:30
2026-06-07,East,product_query,0,3,410,cust4833@example.com,product query issue reported,2026-06-07T23:45:00+05:30
2026-06-07,West,late_delivery,3,3,541,cust1001@example.com,Order dispatched late from the North hub; no update for three days.,2026-06-07T23:45:00+05:30
2026-06-07,West,damaged_item,3,3,541,cust8642@example.com,damaged item issue reported,2026-06-07T23:45:00+05:30
2026-06-07,West,billing,1,1,541,cust4307@example.com,billing issue reported,2026-06-07T23:45:00+05:30
2026-06-07,West,product_query,0,3,541,cust6348@example.com,product query issue reported,2026-06-07T23:45:00+05:30
2026-06-08,North,late_delivery,6,6,594,cust4662@example.com,Order dispatched late from the North hub; no update for three days.,2026-06-08T23:45:00+05:30
2026-06-08,North,damaged_item,1,1,594,cust6698@example.com,damaged item issue reported,2026-06-08T23:45:00+05:30
2026-06-08,North,billing,2,2,594,cust2280@example.com,billing issue reported,2026-06-08T23:45:00+05:30
2026-06-08,North,product_query,0,5,594,cust9593@example.com,product query issue reported,2026-06-08T23:45:00+05:30
2026-06-08,South,late_delivery,4,4,504,cust3655@example.com,Order dispatched late from the North hub; no update for three days.,2026-06-08T23:45:00+05:30
2026-06-08,South,damaged_item,3,3,504,cust4503@example.com,damaged item issue reported,2026-06-08T23:45:00+05:30
2026-06-08,South,billing,1,1,504,cust6851@example.com,billing issue reported,2026-06-08T23:45:00+05:30
2026-06-08,South,product_query,0,5,504,cust4940@example.com,product query issue reported,2026-06-08T23:45:00+05:30
2026-06-08,East,late_delivery,5,5,347,cust4217@example.com,Order dispatched late from the North hub; no update for three days.,2026-06-08T23:45:00+05:30
2026-06-08,East,damaged_item,0,0,347,cust1337@example.com,damaged item issue reported,2026-06-08T23:45:00+05:30
2026-06-08,East,billing,0,0,347,cust6361@example.com,billing issue reported,2026-06-08T23:45:00+05:30
2026-06-08,East,product_query,0,3,347,cust2511@example.com,product query issue reported,2026-06-08T23:45:00+05:30
2026-06-08,West,late_delivery,2,2,457,cust2849@example.com,Order dispatched late from the North hub; no update for three days.,2026-06-08T23:45:00+05:30
2026-06-08,West,damaged_item,0,0,457,cust2580@example.com,damaged item issue reported,2026-06-08T23:45:00+05:30
2026-06-08,West,billing,1,1,457,cust5760@example.com,billing issue reported,2026-06-08T23:45:00+05:30
2026-06-08,West,product_query,0,3,457,cust9536@example.com,product query issue reported,2026-06-08T23:45:00+05:30
2026-06-09,North,late_delivery,2,2,594,cust2588@example.com,Order dispatched late from the North hub; no update for three days.,2026-06-09T23:45:00+05:30
2026-06-09,North,damaged_item,3,3,594,cust7800@example.com,damaged item issue reported,2026-06-09T23:45:00+05:30
2026-06-09,North,billing,1,1,594,cust4348@example.com,billing issue reported,2026-06-09T23:45:00+05:30
2026-06-09,North,product_query,0,1,594,cust9658@example.com,product query issue reported,2026-06-09T23:45:00+05:30
2026-06-09,South,late_delivery,8,8,503,cust8168@example.com,Order dispatched late from the North hub; no update for three days.,2026-06-09T23:45:00+05:30
2026-06-09,South,damaged_item,2,2,503,cust7354@example.com,damaged item issue reported,2026-06-09T23:45:00+05:30
2026-06-09,South,billing,1,1,503,cust4173@example.com,billing issue reported,2026-06-09T23:45:00+05:30
2026-06-09,South,product_query,0,2,503,cust6812@example.com,product query issue reported,2026-06-09T23:45:00+05:30
2026-06-09,East,late_delivery,1,1,346,cust6100@example.com,Order dispatched late from the North hub; no update for three days.,2026-06-09T23:45:00+05:30
2026-06-09,East,damaged_item,2,2,346,cust2447@example.com,damaged item issue reported,2026-06-09T23:45:00+05:30
2026-06-09,East,billing,0,0,346,cust2095@example.com,billing issue reported,2026-06-09T23:45:00+05:30
2026-06-09,East,product_query,0,2,346,cust1335@example.com,product query issue reported,2026-06-09T23:45:00+05:30
2026-06-09,West,late_delivery,4,4,457,cust4079@example.com,Order dispatched late from the North hub; no update for three days.,2026-06-09T23:45:00+05:30
2026-06-09,West,damaged_item,0,0,457,cust6444@example.com,damaged item issue reported,2026-06-09T23:45:00+05:30
2026-06-09,West,billing,1,1,457,cust2139@example.com,billing issue reported,2026-06-09T23:45:00+05:30
2026-06-09,West,product_query,0,3,457,cust2135@example.com,product query issue reported,2026-06-09T23:45:00+05:30
2026-06-10,North,late_delivery,6,6,594,cust6429@example.com,Order dispatched late from the North hub; no update for three days.,2026-06-10T23:45:00+05:30
2026-06-10,North,damaged_item,4,4,594,cust385@example.com,damaged item issue reported,2026-06-10T23:45:00+05:30
2026-06-10,North,billing,2,2,594,cust1397@example.com,billing issue reported,2026-06-10T23:45:00+05:30
2026-06-10,North,product_query,0,3,594,cust2404@example.com,product query issue reported,2026-06-10T23:45:00+05:30
2026-06-10,South,late_delivery,2,2,503,cust7824@example.com,Order dispatched late from the North hub; no update for three days.,2026-06-10T23:45:00+05:30
2026-06-10,South,damaged_item,0,0,503,cust7253@example.com,damaged item issue reported,2026-06-10T23:45:00+05:30
2026-06-10,South,billing,2,2,503,cust9494@example.com,billing issue reported,2026-06-10T23:45:00+05:30
2026-06-10,South,product_query,0,2,503,cust5059@example.com,product query issue reported,2026-06-10T23:45:00+05:30
2026-06-10,East,late_delivery,1,1,346,cust8989@example.com,Order dispatched late from the North hub; no update for three days.,2026-06-10T23:45:00+05:30
2026-06-10,East,damaged_item,2,2,346,cust6691@example.com,damaged item issue reported,2026-06-10T23:45:00+05:30
2026-06-10,East,billing,0,0,346,cust9456@example.com,billing issue reported,2026-06-10T23:45:00+05:30
2026-06-10,East,product_query,0,1,346,cust3962@example.com,product query issue reported,2026-06-10T23:45:00+05:30
2026-06-10,West,late_delivery,4,4,456,cust8325@example.com,Order dispatched late from the North hub; no update for three days.,2026-06-10T23:45:00+05:30
2026-06-10,West,damaged_item,0,0,456,cust6802@example.com,damaged item issue reported,2026-06-10T23:45:00+05:30
2026-06-10,West,billing,2,2,456,cust4112@example.com,billing issue reported,2026-06-10T23:45:00+05:30
2026-06-10,West,product_query,0,0,456,cust8676@example.com,product query issue reported,2026-06-10T23:45:00+05:30
2026-06-11,North,late_delivery,5,5,594,cust769@example.com,Order dispatched late from the North hub; no update for three days.,2026-06-11T23:45:00+05:30
2026-06-11,North,damaged_item,2,2,594,cust2586@example.com,damaged item issue reported,2026-06-11T23:45:00+05:30
2026-06-11,North,billing,3,3,594,cust4829@example.com,billing issue reported,2026-06-11T23:45:00+05:30
2026-06-11,North,product_query,0,3,594,cust8791@example.com,product query issue reported,2026-06-11T23:45:00+05:30
2026-06-11,South,late_delivery,2,2,503,cust2370@example.com,Order dispatched late from the North hub; no update for three days.,2026-06-11T23:45:00+05:30
2026-06-11,South,damaged_item,2,2,503,cust4220@example.com,damaged item issue reported,2026-06-11T23:45:00+05:30
2026-06-11,South,billing,2,2,503,cust3762@example.com,billing issue reported,2026-06-11T23:45:00+05:30
2026-06-11,South,product_query,0,3,503,cust6009@example.com,product query issue reported,2026-06-11T23:45:00+05:30
2026-06-11,East,late_delivery,0,0,346,cust4630@example.com,Order dispatched late from the North hub; no update for three days.,2026-06-11T23:45:00+05:30
2026-06-11,East,damaged_item,1,1,346,cust2221@example.com,damaged item issue reported,2026-06-11T23:45:00+05:30
2026-06-11,East,billing,0,0,346,cust6660@example.com,billing issue reported,2026-06-11T23:45:00+05:30
2026-06-11,East,product_query,0,0,346,cust6984@example.com,product query issue reported,2026-06-11T23:45:00+05:30
2026-06-11,West,late_delivery,2,2,456,cust8015@example.com,Order dispatched late from the North hub; no update for three days.,2026-06-11T23:45:00+05:30
2026-06-11,West,damaged_item,0,0,456,cust8329@example.com,damaged item issue reported,2026-06-11T23:45:00+05:30
2026-06-11,West,billing,2,2,456,cust7148@example.com,billing issue reported,2026-06-11T23:45:00+05:30
2026-06-11,West,product_query,0,1,456,cust1996@example.com,product query issue reported,2026-06-11T23:45:00+05:30
2026-06-12,North,late_delivery,9,9,594,cust3705@example.com,Order dispatched late from the North hub; no update for three days.,2026-06-12T23:45:00+05:30
2026-06-12,North,damaged_item,2,2,594,cust8595@example.com,damaged item issue reported,2026-06-12T23:45:00+05:30
2026-06-12,North,billing,0,0,594,cust7304@example.com,billing issue reported,2026-06-12T23:45:00+05:30
2026-06-13,North,product_query,0,3,594,cust9958@example.com,product query issue reported,2026-06-12T23:45:00+05:30
2026-06-12,South,late_delivery,2,2,503,cust5172@example.com,Order dispatched late from the North hub; no update for three days.,2026-06-12T23:45:00+05:30
2026-06-12,South,damaged_item,1,1,503,cust8011@example.com,damaged item issue reported,2026-06-12T23:45:00+05:30
2026-06-12,South,billing,3,3,503,cust7961@example.com,billing issue reported,2026-06-12T23:45:00+05:30
2026-06-12,South,product_query,0,4,503,cust1135@example.com,product query issue reported,2026-06-12T23:45:00+05:30
2026-06-12,East,late_delivery,1,1,346,cust8282@example.com,Order dispatched late from the North hub; no update for three days.,2026-06-12T23:45:00+05:30
2026-06-12,East,damaged_item,1,1,346,cust1384@example.com,damaged item issue reported,2026-06-12T23:45:00+05:30
2026-06-12,East,billing,0,0,346,cust4524@example.com,billing issue reported,2026-06-12T23:45:00+05:30
2026-06-12,East,product_query,0,1,346,cust6562@example.com,product query issue reported,2026-06-12T23:45:00+05:30
2026-06-12,West,late_delivery,3,3,456,cust633@example.com,Order dispatched late from the North hub; no update for three days.,2026-06-12T23:45:00+05:30
2026-06-12,West,damaged_item,1,1,456,cust8505@example.com,damaged item issue reported,2026-06-12T23:45:00+05:30
2026-06-12,West,billing,1,1,456,cust4264@example.com,billing issue reported,2026-06-12T23:45:00+05:30
2026-06-12,West,product_query,0,1,456,cust6170@example.com,product query issue reported,2026-06-12T23:45:00+05:30
2026-06-13,North,late_delivery,2,2,702,cust5318@example.com,Order dispatched late from the North hub; no update for three days.,2026-06-13T23:45:00+05:30
2026-06-13,North,damaged_item,0,0,702,cust5742@example.com,damaged item issue reported,2026-06-13T23:45:00+05:30
2026-06-13,North,billing,2,2,702,cust3347@example.com,billing issue reported,2026-06-13T23:45:00+05:30
2026-06-13,North,product_query,0,2,702,cust1919@example.com,product query issue reported,2026-06-13T23:45:00+05:30
2026-06-13,South,late_delivery,6,6,595,cust276@example.com,Order dispatched late from the North hub; no update for three days.,2026-06-13T23:45:00+05:30
2026-06-13,South,damaged_item,3,3,595,cust7608@example.com,damaged item issue reported,2026-06-13T23:45:00+05:30
2026-06-13,South,billing,0,0,595,cust3156@example.com,billing issue reported,2026-06-13T23:45:00+05:30
2026-06-13,South,product_query,0,1,595,cust5241@example.com,product query issue reported,2026-06-13T23:45:00+05:30
2026-06-13,East,late_delivery,4,4,410,cust576@example.com,Order dispatched late from the North hub; no update for three days.,2026-06-13T23:45:00+05:30
2026-06-13,East,damaged_item,1,1,410,cust8273@example.com,damaged item issue reported,2026-06-13T23:45:00+05:30
2026-06-13,East,billing,1,1,410,cust7082@example.com,billing issue reported,2026-06-13T23:45:00+05:30
2026-06-13,East,product_query,0,0,410,cust8477@example.com,product query issue reported,2026-06-13T23:45:00+05:30
2026-06-13,West,late_delivery,6,6,540,cust6201@example.com,Order dispatched late from the North hub; no update for three days.,2026-06-13T23:45:00+05:30
2026-06-13,West,damaged_item,2,2,540,cust3420@example.com,damaged item issue reported,2026-06-13T23:45:00+05:30
2026-06-13,West,billing,2,2,540,cust3278@example.com,billing issue reported,2026-06-13T23:45:00+05:30
2026-06-13,West,product_query,0,9,540,cust2225@example.com,product query issue reported,2026-06-13T23:45:00+05:30
2026-06-14,North,late_delivery,9,9,702,cust157@example.com,Order dispatched late from the North hub; no update for three days.,2026-06-14T23:45:00+05:30
2026-06-14,North,damaged_item,1,1,702,cust1645@example.com,damaged item issue reported,2026-06-14T23:45:00+05:30
2026-06-14,North,billing,1,1,702,cust1178@example.com,billing issue reported,2026-06-14T23:45:00+05:30
2026-06-14,North,product_query,0,4,702,cust9879@example.com,product query issue reported,2026-06-14T23:45:00+05:30
2026-06-14,South,late_delivery,0,0,595,cust7441@example.com,Order dispatched late from the North hub; no update for three days.,2026-06-14T23:45:00+05:30
2026-06-14,South,damaged_item,2,2,595,cust2136@example.com,damaged item issue reported,2026-06-14T23:45:00+05:30
2026-06-14,South,billing,2,2,595,cust1805@example.com,billing issue reported,2026-06-14T23:45:00+05:30
2026-06-14,South,product_query,0,1,595,cust4319@example.com,product query issue reported,2026-06-14T23:45:00+05:30
2026-06-14,East,late_delivery,4,4,409,cust4903@example.com,Order dispatched late from the North hub; no update for three days.,2026-06-14T23:45:00+05:30
2026-06-14,East,damaged_item,0,0,409,cust4445@example.com,damaged item issue reported,2026-06-14T23:45:00+05:30
2026-06-14,East,billing,0,0,409,cust7631@example.com,billing issue reported,2026-06-14T23:45:00+05:30
2026-06-14,East,product_query,0,1,409,cust2474@example.com,product query issue reported,2026-06-14T23:45:00+05:30
2026-06-14,West,late_delivery,1,1,540,cust8285@example.com,Order dispatched late from the North hub; no update for three days.,2026-06-14T23:45:00+05:30
2026-06-14,West,damaged_item,0,0,540,cust5575@example.com,damaged item issue reported,2026-06-14T23:45:00+05:30
2026-06-14,West,billing,2,2,540,cust5697@example.com,billing issue reported,2026-06-14T23:45:00+05:30
2026-06-14,West,product_query,0,2,540,cust6141@example.com,product query issue reported,2026-06-14T23:45:00+05:30
2026-06-15,North,late_delivery,2,2,593,cust1410@example.com,Order dispatched late from the North hub; no update for three days.,2026-06-15T23:45:00+05:30
2026-06-15,North,damaged_item,1,1,593,cust951@example.com,damaged item issue reported,2026-06-15T23:45:00+05:30
2026-06-15,North,billing,3,3,593,cust1144@example.com,billing issue reported,2026-06-15T23:45:00+05:30
2026-06-15,North,product_query,0,1,593,cust5404@example.com,product query issue reported,2026-06-15T23:45:00+05:30
2026-06-16,South,late_delivery,5,5,502,cust5377@example.com,Order dispatched late from the North hub; no update for three days.,2026-06-15T23:45:00+05:30
2026-06-15,South,damaged_item,0,0,502,cust2666@example.com,damaged item issue reported,2026-06-15T23:45:00+05:30
2026-06-15,South,billing,0,0,502,cust5576@example.com,billing issue reported,2026-06-15T23:45:00+05:30
2026-06-15,South,product_query,0,4,502,cust7602@example.com,product query issue reported,2026-06-15T23:45:00+05:30
2026-06-15,East,late_delivery,1,1,346,cust2750@example.com,Order dispatched late from the North hub; no update for three days.,2026-06-15T23:45:00+05:30
2026-06-15,East,damaged_item,0,0,346,cust2123@example.com,damaged item issue reported,2026-06-15T23:45:00+05:30
2026-06-15,East,billing,1,1,346,cust3545@example.com,billing issue reported,2026-06-15T23:45:00+05:30
2026-06-15,East,product_query,0,2,346,cust467@example.com,product query issue reported,2026-06-15T23:45:00+05:30
2026-06-15,West,late_delivery,2,2,456,cust7063@example.com,Order dispatched late from the North hub; no update for three days.,2026-06-15T23:45:00+05:30
2026-06-15,West,damaged_item,1,1,456,cust8680@example.com,damaged item issue reported,2026-06-15T23:45:00+05:30
2026-06-15,West,billing,0,0,456,cust3870@example.com,billing issue reported,2026-06-15T23:45:00+05:30
2026-06-15,West,product_query,0,2,456,cust3310@example.com,product query issue reported,2026-06-15T23:45:00+05:30
2026-06-16,North,late_delivery,0,0,593,cust4507@example.com,Order dispatched late from the North hub; no update for three days.,2026-06-16T23:45:00+05:30
2026-06-16,North,damaged_item,3,3,593,cust5910@example.com,damaged item issue reported,2026-06-16T23:45:00+05:30
2026-06-16,North,billing,1,1,593,cust9312@example.com,billing issue reported,2026-06-16T23:45:00+05:30
2026-06-16,North,product_query,0,7,593,cust7628@example.com,product query issue reported,2026-06-16T23:45:00+05:30
2026-06-16,South,late_delivery,2,2,502,cust9525@example.com,Order dispatched late from the North hub; no update for three days.,2026-06-16T23:45:00+05:30
2026-06-16,South,damaged_item,3,3,502,cust8734@example.com,damaged item issue reported,2026-06-16T23:45:00+05:30
2026-06-16,South,billing,0,0,502,cust2449@example.com,billing issue reported,2026-06-16T23:45:00+05:30
2026-06-16,South,product_query,0,3,502,cust7668@example.com,product query issue reported,2026-06-16T23:45:00+05:30
2026-06-16,East,late_delivery,2,2,345,cust167@example.com,Order dispatched late from the North hub; no update for three days.,2026-06-16T23:45:00+05:30
2026-06-16,East,damaged_item,0,0,345,cust6769@example.com,damaged item issue reported,2026-06-16T23:45:00+05:30
2026-06-16,East,billing,1,1,345,cust3823@example.com,billing issue reported,2026-06-16T23:45:00+05:30
2026-06-16,East,product_query,0,0,345,cust1711@example.com,product query issue reported,2026-06-16T23:45:00+05:30
2026-06-16,West,late_delivery,8,8,455,cust2568@example.com,Order dispatched late from the North hub; no update for three days.,2026-06-16T23:45:00+05:30
2026-06-16,West,damaged_item,0,0,455,cust8409@example.com,damaged item issue reported,2026-06-16T23:45:00+05:30
2026-06-16,West,billing,3,3,455,cust3650@example.com,billing issue reported,2026-06-16T23:45:00+05:30
2026-06-16,West,product_query,0,1,455,cust272@example.com,product query issue reported,2026-06-16T23:45:00+05:30
2026-06-17,North,late_delivery,2,2,592,cust5752@example.com,Order dispatched late from the North hub; no update for three days.,2026-06-17T23:45:00+05:30
2026-06-17,North,damaged_item,0,0,592,cust9684@example.com,damaged item issue reported,2026-06-17T23:45:00+05:30
2026-06-17,North,billing,2,2,592,cust780@example.com,billing issue reported,2026-06-17T23:45:00+05:30
2026-06-17,North,product_query,0,2,592,cust228@example.com,product query issue reported,2026-06-17T23:45:00+05:30
2026-06-17,South,late_delivery,2,2,502,cust6050@example.com,Order dispatched late from the North hub; no update for three days.,2026-06-17T23:45:00+05:30
2026-06-17,South,damaged_item,3,3,502,cust6912@example.com,damaged item issue reported,2026-06-17T23:45:00+05:30
2026-06-17,South,billing,1,1,502,cust3030@example.com,billing issue reported,2026-06-17T23:45:00+05:30
2026-06-17,South,product_query,0,1,502,cust9069@example.com,product query issue reported,2026-06-17T23:45:00+05:30
2026-06-17,East,late_delivery,3,3,345,cust6845@example.com,Order dispatched late from the North hub; no update for three days.,2026-06-17T23:45:00+05:30
2026-06-17,East,damaged_item,1,1,345,cust8121@example.com,damaged item issue reported,2026-06-17T23:45:00+05:30
2026-06-17,East,billing,1,1,345,cust9372@example.com,billing issue reported,2026-06-17T23:45:00+05:30
2026-06-17,East,product_query,0,3,345,cust8535@example.com,product query issue reported,2026-06-17T23:45:00+05:30
2026-06-17,West,late_delivery,1,1,455,cust1101@example.com,Order dispatched late from the North hub; no update for three days.,2026-06-17T23:45:00+05:30
2026-06-17,West,damaged_item,1,1,455,cust4050@example.com,damaged item issue reported,2026-06-17T23:45:00+05:30
2026-06-17,West,billing,1,1,455,cust435@example.com,billing issue reported,2026-06-17T23:45:00+05:30
2026-06-18,West,product_query,0,4,455,cust3534@example.com,product query issue reported,2026-06-17T23:45:00+05:30
2026-06-18,North,late_delivery,4,4,592,cust4986@example.com,Order dispatched late from the North hub; no update for three days.,2026-06-18T23:45:00+05:30
2026-06-18,North,damaged_item,2,2,592,cust31@example.com,damaged item issue reported,2026-06-18T23:45:00+05:30
2026-06-18,North,billing,1,1,592,cust2429@example.com,billing issue reported,2026-06-18T23:45:00+05:30
2026-06-18,North,product_query,0,5,592,cust6663@example.com,product query issue reported,2026-06-18T23:45:00+05:30
2026-06-19,South,late_delivery,3,3,502,cust3455@example.com,Order dispatched late from the North hub; no update for three days.,2026-06-18T23:45:00+05:30
2026-06-18,South,damaged_item,0,0,502,cust1581@example.com,damaged item issue reported,2026-06-18T23:45:00+05:30
2026-06-18,South,billing,0,0,502,cust2841@example.com,billing issue reported,2026-06-18T23:45:00+05:30
2026-06-18,South,product_query,0,2,502,cust5861@example.com,product query issue reported,2026-06-18T23:45:00+05:30
2026-06-19,East,late_delivery,3,3,345,cust658@example.com,Order dispatched late from the North hub; no update for three days.,2026-06-18T23:45:00+05:30
2026-06-18,East,damaged_item,0,0,345,cust7456@example.com,damaged item issue reported,2026-06-18T23:45:00+05:30
2026-06-18,East,billing,0,0,345,cust4299@example.com,billing issue reported,2026-06-18T23:45:00+05:30
2026-06-18,East,product_query,0,0,345,cust3689@example.com,product query issue reported,2026-06-18T23:45:00+05:30
2026-06-18,West,late_delivery,4,4,455,cust2788@example.com,Order dispatched late from the North hub; no update for three days.,2026-06-18T23:45:00+05:30
2026-06-18,West,damaged_item,3,3,455,cust4284@example.com,damaged item issue reported,2026-06-18T23:45:00+05:30
2026-06-18,West,billing,0,0,455,cust6826@example.com,billing issue reported,2026-06-18T23:45:00+05:30
2026-06-18,West,product_query,0,2,455,cust8428@example.com,product query issue reported,2026-06-18T23:45:00+05:30
2026-06-19,North,late_delivery,4,4,592,cust715@example.com,Order dispatched late from the North hub; no update for three days.,2026-06-19T23:45:00+05:30
2026-06-19,North,damaged_item,0,0,592,cust5906@example.com,damaged item issue reported,2026-06-19T23:45:00+05:30
2026-06-19,North,billing,2,2,592,cust6683@example.com,billing issue reported,2026-06-19T23:45:00+05:30
2026-06-19,North,product_query,0,6,592,cust751@example.com,product query issue reported,2026-06-19T23:45:00+05:30
2026-06-19,South,late_delivery,1,1,501,cust5107@example.com,Order dispatched late from the North hub; no update for three days.,2026-06-19T23:45:00+05:30
2026-06-19,South,damaged_item,1,1,501,cust6849@example.com,damaged item issue reported,2026-06-19T23:45:00+05:30
2026-06-19,South,billing,2,2,501,cust1940@example.com,billing issue reported,2026-06-19T23:45:00+05:30
2026-06-19,South,product_query,0,0,501,cust1086@example.com,product query issue reported,2026-06-19T23:45:00+05:30
2026-06-19,East,late_delivery,1,1,345,cust4986@example.com,Order dispatched late from the North hub; no update for three days.,2026-06-19T23:45:00+05:30
2026-06-19,East,damaged_item,1,1,345,cust2994@example.com,damaged item issue reported,2026-06-19T23:45:00+05:30
2026-06-19,East,billing,0,0,345,cust550@example.com,billing issue reported,2026-06-19T23:45:00+05:30
2026-06-19,East,product_query,0,0,345,cust8099@example.com,product query issue reported,2026-06-19T23:45:00+05:30
2026-06-19,West,late_delivery,5,5,455,cust6078@example.com,Order dispatched late from the North hub; no update for three days.,2026-06-19T23:45:00+05:30
2026-06-19,West,damaged_item,2,2,455,cust6070@example.com,damaged item issue reported,2026-06-19T23:45:00+05:30
2026-06-19,West,billing,1,1,455,cust7303@example.com,billing issue reported,2026-06-19T23:45:00+05:30
2026-06-19,West,product_query,0,2,455,cust3408@example.com,product query issue reported,2026-06-19T23:45:00+05:30
2026-06-20,North,late_delivery,4,4,700,cust9347@example.com,Order dispatched late from the North hub; no update for three days.,2026-06-20T23:45:00+05:30
2026-06-20,North,damaged_item,3,3,700,cust3253@example.com,damaged item issue reported,2026-06-20T23:45:00+05:30
2026-06-20,North,billing,4,4,700,cust2195@example.com,billing issue reported,2026-06-20T23:45:00+05:30
2026-06-20,North,product_query,0,6,700,cust8550@example.com,product query issue reported,2026-06-20T23:45:00+05:30
2026-06-20,South,late_delivery,3,3,593,cust7133@example.com,Order dispatched late from the North hub; no update for three days.,2026-06-20T23:45:00+05:30
2026-06-20,South,damaged_item,1,1,593,cust5164@example.com,damaged item issue reported,2026-06-20T23:45:00+05:30
2026-06-20,South,billing,0,0,593,cust1841@example.com,billing issue reported,2026-06-20T23:45:00+05:30
2026-06-20,South,product_query,0,4,593,cust632@example.com,product query issue reported,2026-06-20T23:45:00+05:30
2026-06-20,East,late_delivery,2,2,408,cust3877@example.com,Order dispatched late from the North hub; no update for three days.,2026-06-20T23:45:00+05:30
2026-06-20,East,damaged_item,1,1,408,cust412@example.com,damaged item issue reported,2026-06-20T23:45:00+05:30
2026-06-20,East,billing,0,0,408,cust7591@example.com,billing issue reported,2026-06-20T23:45:00+05:30
2026-06-20,East,product_query,0,1,408,cust992@example.com,product query issue reported,2026-06-20T23:45:00+05:30
2026-06-20,West,late_delivery,1,1,538,cust8763@example.com,Order dispatched late from the North hub; no update for three days.,2026-06-20T23:45:00+05:30
2026-06-20,West,damaged_item,2,2,538,cust5068@example.com,damaged item issue reported,2026-06-20T23:45:00+05:30
2026-06-20,West,billing,4,4,538,cust7854@example.com,billing issue reported,2026-06-20T23:45:00+05:30
2026-06-20,West,product_query,0,0,538,cust9331@example.com,product query issue reported,2026-06-20T23:45:00+05:30
2026-06-21,North,late_delivery,4,4,700,cust9888@example.com,Order dispatched late from the North hub; no update for three days.,2026-06-21T23:45:00+05:30
2026-06-21,North,damaged_item,3,3,700,cust2882@example.com,damaged item issue reported,2026-06-21T23:45:00+05:30
2026-06-22,North,billing,1,1,700,cust1535@example.com,billing issue reported,2026-06-21T23:45:00+05:30
2026-06-21,North,product_query,0,1,700,cust8057@example.com,product query issue reported,2026-06-21T23:45:00+05:30
2026-06-21,South,late_delivery,5,5,593,cust3957@example.com,Order dispatched late from the North hub; no update for three days.,2026-06-21T23:45:00+05:30
2026-06-21,South,damaged_item,4,4,593,cust2137@example.com,damaged item issue reported,2026-06-21T23:45:00+05:30
2026-06-22,South,billing,0,0,593,cust7667@example.com,billing issue reported,2026-06-21T23:45:00+05:30
2026-06-21,South,product_query,0,3,593,cust8904@example.com,product query issue reported,2026-06-21T23:45:00+05:30
2026-06-21,East,late_delivery,2,2,408,cust7572@example.com,Order dispatched late from the North hub; no update for three days.,2026-06-21T23:45:00+05:30
2026-06-21,East,damaged_item,2,2,408,cust5758@example.com,damaged item issue reported,2026-06-21T23:45:00+05:30
2026-06-21,East,billing,0,0,408,cust7375@example.com,billing issue reported,2026-06-21T23:45:00+05:30
2026-06-21,East,product_query,0,1,408,cust8096@example.com,product query issue reported,2026-06-21T23:45:00+05:30
2026-06-22,West,late_delivery,5,5,538,cust3595@example.com,Order dispatched late from the North hub; no update for three days.,2026-06-21T23:45:00+05:30
2026-06-21,West,damaged_item,1,1,538,cust2119@example.com,damaged item issue reported,2026-06-21T23:45:00+05:30
2026-06-21,West,billing,1,1,538,cust8179@example.com,billing issue reported,2026-06-21T23:45:00+05:30
2026-06-21,West,product_query,0,4,538,cust930@example.com,product query issue reported,2026-06-21T23:45:00+05:30
2026-06-23,North,late_delivery,2,2,591,cust8216@example.com,Order dispatched late from the North hub; no update for three days.,2026-06-22T23:45:00+05:30
2026-06-22,North,damaged_item,3,3,591,cust6651@example.com,damaged item issue reported,2026-06-22T23:45:00+05:30
2026-06-22,North,billing,0,0,591,cust8953@example.com,billing issue reported,2026-06-22T23:45:00+05:30
2026-06-22,North,product_query,0,2,591,cust5471@example.com,product query issue reported,2026-06-22T23:45:00+05:30
2026-06-22,South,late_delivery,2,2,501,cust2899@example.com,Order dispatched late from the North hub; no update for three days.,2026-06-22T23:45:00+05:30
2026-06-22,South,damaged_item,3,3,501,cust7868@example.com,damaged item issue reported,2026-06-22T23:45:00+05:30
2026-06-22,South,billing,0,0,501,cust5165@example.com,billing issue reported,2026-06-22T23:45:00+05:30
2026-06-22,South,product_query,0,3,501,cust5483@example.com,product query issue reported,2026-06-22T23:45:00+05:30
2026-06-22,East,late_delivery,3,3,345,cust5556@example.com,Order dispatched late from the North hub; no update for three days.,2026-06-22T23:45:00+05:30
2026-06-22,East,damaged_item,3,3,345,cust6091@example.com,damaged item issue reported,2026-06-22T23:45:00+05:30
2026-06-22,East,billing,0,0,345,cust5353@example.com,billing issue reported,2026-06-22T23:45:00+05:30
2026-06-22,East,product_query,0,1,345,cust2516@example.com,product query issue reported,2026-06-22T23:45:00+05:30
2026-06-22,West,late_delivery,1,1,454,cust2463@example.com,Order dispatched late from the North hub; no update for three days.,2026-06-22T23:45:00+05:30
2026-06-22,West,damaged_item,1,1,454,cust5888@example.com,damaged item issue reported,2026-06-22T23:45:00+05:30
2026-06-22,West,billing,0,0,454,cust213@example.com,billing issue reported,2026-06-22T23:45:00+05:30
2026-06-22,West,product_query,0,2,454,cust5222@example.com,product query issue reported,2026-06-22T23:45:00+05:30
2026-06-23,North,late_delivery,2,2,591,cust5142@example.com,Order dispatched late from the North hub; no update for three days.,2026-06-23T23:45:00+05:30
2026-06-23,North,damaged_item,1,1,591,cust5089@example.com,damaged item issue reported,2026-06-23T23:45:00+05:30
2026-06-23,North,billing,2,2,591,cust581@example.com,billing issue reported,2026-06-23T23:45:00+05:30
2026-06-23,North,product_query,0,2,591,cust4108@example.com,product query issue reported,2026-06-23T23:45:00+05:30
2026-06-23,South,late_delivery,4,4,500,cust3376@example.com,Order dispatched late from the North hub; no update for three days.,2026-06-23T23:45:00+05:30
2026-06-23,South,damaged_item,1,1,500,cust1370@example.com,damaged item issue reported,2026-06-23T23:45:00+05:30
2026-06-23,South,billing,3,3,500,cust4422@example.com,billing issue reported,2026-06-23T23:45:00+05:30
2026-06-23,South,product_query,0,0,500,cust3398@example.com,product query issue reported,2026-06-23T23:45:00+05:30
2026-06-23,East,late_delivery,5,5,344,cust5952@example.com,Order dispatched late from the North hub; no update for three days.,2026-06-23T23:45:00+05:30
2026-06-23,East,damaged_item,0,0,344,cust2281@example.com,damaged item issue reported,2026-06-23T23:45:00+05:30
2026-06-23,East,billing,1,1,344,cust8407@example.com,billing issue reported,2026-06-23T23:45:00+05:30
2026-06-23,East,product_query,0,2,344,cust9688@example.com,product query issue reported,2026-06-23T23:45:00+05:30
2026-06-23,West,late_delivery,3,3,454,cust2312@example.com,Order dispatched late from the North hub; no update for three days.,2026-06-23T23:45:00+05:30
2026-06-23,West,damaged_item,4,4,454,cust4705@example.com,damaged item issue reported,2026-06-23T23:45:00+05:30
2026-06-23,West,billing,2,2,454,cust4093@example.com,billing issue reported,2026-06-23T23:45:00+05:30
2026-06-23,West,product_query,0,3,454,cust2501@example.com,product query issue reported,2026-06-23T23:45:00+05:30
2026-06-24,North,late_delivery,6,6,590,cust5365@example.com,Order dispatched late from the North hub; no update for three days.,2026-06-24T23:45:00+05:30
2026-06-24,North,damaged_item,1,1,590,cust9806@example.com,damaged item issue reported,2026-06-24T23:45:00+05:30
2026-06-24,North,billing,0,0,590,cust6487@example.com,billing issue reported,2026-06-24T23:45:00+05:30
2026-06-24,North,product_query,0,4,590,cust8043@example.com,product query issue reported,2026-06-24T23:45:00+05:30
2026-06-24,South,late_delivery,3,3,500,cust5964@example.com,Order dispatched late from the North hub; no update for three days.,2026-06-24T23:45:00+05:30
2026-06-24,South,damaged_item,1,1,500,cust2472@example.com,damaged item issue reported,2026-06-24T23:45:00+05:30
2026-06-24,South,billing,3,3,500,cust1624@example.com,billing issue reported,2026-06-24T23:45:00+05:30
2026-06-24,South,product_query,0,0,500,cust9812@example.com,product query issue reported,2026-06-24T23:45:00+05:30
2026-06-24,East,late_delivery,5,5,344,cust9298@example.com,Order dispatched late from the North hub; no update for three days.,2026-06-24T23:45:00+05:30
2026-06-24,East,damaged_item,0,0,344,cust1215@example.com,damaged item issue reported,2026-06-24T23:45:00+05:30
2026-06-24,East,billing,0,0,344,cust7737@example.com,billing issue reported,2026-06-24T23:45:00+05:30
2026-06-24,East,product_query,0,2,344,cust1912@example.com,product query issue reported,2026-06-24T23:45:00+05:30
2026-06-24,West,late_delivery,6,6,454,cust3806@example.com,Order dispatched late from the North hub; no update for three days.,2026-06-24T23:45:00+05:30
2026-06-24,West,damaged_item,0,0,454,cust3684@example.com,damaged item issue reported,2026-06-24T23:45:00+05:30
2026-06-24,West,billing,0,0,454,cust6274@example.com,billing issue reported,2026-06-24T23:45:00+05:30
2026-06-24,West,product_query,0,1,454,cust9430@example.com,product query issue reported,2026-06-24T23:45:00+05:30
2026-06-25,North,late_delivery,9,9,590,cust9782@example.com,Order dispatched late from the North hub; no update for three days.,2026-06-25T23:45:00+05:30
2026-06-25,North,damaged_item,0,0,590,cust4412@example.com,damaged item issue reported,2026-06-25T23:45:00+05:30
2026-06-25,North,billing,3,3,590,cust6432@example.com,billing issue reported,2026-06-25T23:45:00+05:30
2026-06-25,North,product_query,0,7,590,cust8926@example.com,product query issue reported,2026-06-25T23:45:00+05:30
2026-06-25,South,late_delivery,3,3,500,cust8674@example.com,Order dispatched late from the North hub; no update for three days.,2026-06-25T23:45:00+05:30
2026-06-25,South,damaged_item,1,1,500,cust1755@example.com,damaged item issue reported,2026-06-25T23:45:00+05:30
2026-06-25,South,billing,1,1,500,cust3816@example.com,billing issue reported,2026-06-25T23:45:00+05:30
2026-06-25,South,product_query,0,1,500,cust9505@example.com,product query issue reported,2026-06-25T23:45:00+05:30
2026-06-25,East,late_delivery,1,1,344,cust1475@example.com,Order dispatched late from the North hub; no update for three days.,2026-06-25T23:45:00+05:30
2026-06-25,East,damaged_item,1,1,344,cust26@example.com,damaged item issue reported,2026-06-25T23:45:00+05:30
2026-06-25,East,billing,0,0,344,cust5998@example.com,billing issue reported,2026-06-25T23:45:00+05:30
2026-06-25,East,product_query,0,1,344,cust5970@example.com,product query issue reported,2026-06-25T23:45:00+05:30
2026-06-25,West,late_delivery,2,2,453,cust7481@example.com,Order dispatched late from the North hub; no update for three days.,2026-06-25T23:45:00+05:30
2026-06-25,West,damaged_item,1,1,453,cust4490@example.com,damaged item issue reported,2026-06-25T23:45:00+05:30
2026-06-25,West,billing,1,1,453,cust4904@example.com,billing issue reported,2026-06-25T23:45:00+05:30
2026-06-25,West,product_query,0,1,453,cust7254@example.com,product query issue reported,2026-06-25T23:45:00+05:30
2026-06-26,North,late_delivery,3,3,590,cust1269@example.com,Order dispatched late from the North hub; no update for three days.,2026-06-26T23:45:00+05:30
2026-06-26,North,damaged_item,1,1,590,cust8132@example.com,damaged item issue reported,2026-06-26T23:45:00+05:30
2026-06-26,North,billing,2,2,590,cust6271@example.com,billing issue reported,2026-06-26T23:45:00+05:30
2026-06-26,North,product_query,0,5,590,cust1143@example.com,product query issue reported,2026-06-26T23:45:00+05:30
2026-06-26,South,late_delivery,4,4,500,cust3217@example.com,Order dispatched late from the North hub; no update for three days.,2026-06-26T23:45:00+05:30
2026-06-26,South,damaged_item,1,1,500,cust3738@example.com,damaged item issue reported,2026-06-26T23:45:00+05:30
2026-06-26,South,billing,2,2,500,cust520@example.com,billing issue reported,2026-06-26T23:45:00+05:30
2026-06-26,South,product_query,0,1,500,cust1858@example.com,product query issue reported,2026-06-26T23:45:00+05:30
2026-06-26,East,late_delivery,0,0,344,cust1268@example.com,Order dispatched late from the North hub; no update for three days.,2026-06-26T23:45:00+05:30
2026-06-26,East,damaged_item,0,0,344,cust9005@example.com,damaged item issue reported,2026-06-26T23:45:00+05:30
2026-06-26,East,billing,0,0,344,cust7454@example.com,billing issue reported,2026-06-26T23:45:00+05:30
2026-06-26,East,product_query,0,5,344,cust614@example.com,product query issue reported,2026-06-26T23:45:00+05:30
2026-06-26,West,late_delivery,0,0,453,cust5608@example.com,Order dispatched late from the North hub; no update for three days.,2026-06-26T23:45:00+05:30
2026-06-26,West,damaged_item,1,1,453,cust5149@example.com,damaged item issue reported,2026-06-26T23:45:00+05:30
2026-06-26,West,billing,2,2,453,cust9977@example.com,billing issue reported,2026-06-26T23:45:00+05:30
2026-06-26,West,product_query,0,3,453,cust2444@example.com,product query issue reported,2026-06-26T23:45:00+05:30
2026-06-27,North,late_delivery,5,5,698,cust6931@example.com,Order dispatched late from the North hub; no update for three days.,2026-06-27T23:45:00+05:30
2026-06-27,North,damaged_item,2,2,698,cust4397@example.com,damaged item issue reported,2026-06-27T23:45:00+05:30
2026-06-27,North,billing,3,3,698,cust4706@example.com,billing issue reported,2026-06-27T23:45:00+05:30
2026-06-27,North,product_query,0,2,698,cust6645@example.com,product query issue reported,2026-06-27T23:45:00+05:30
2026-06-27,South,late_delivery,3,3,591,cust1875@example.com,Order dispatched late from the North hub; no update for three days.,2026-06-27T23:45:00+05:30
2026-06-27,South,damaged_item,1,1,591,cust2599@example.com,damaged item issue reported,2026-06-27T23:45:00+05:30
2026-06-27,South,billing,3,3,591,cust5404@example.com,billing issue reported,2026-06-27T23:45:00+05:30
2026-06-27,South,product_query,0,3,591,cust403@example.com,product query issue reported,2026-06-27T23:45:00+05:30
2026-06-27,East,late_delivery,0,0,407,cust9785@example.com,Order dispatched late from the North hub; no update for three days.,2026-06-27T23:45:00+05:30
2026-06-27,East,damaged_item,1,1,407,cust2900@example.com,damaged item issue reported,2026-06-27T23:45:00+05:30
2026-06-27,East,billing,1,1,407,cust9391@example.com,billing issue reported,2026-06-27T23:45:00+05:30
2026-06-27,East,product_query,0,1,407,cust9570@example.com,product query issue reported,2026-06-27T23:45:00+05:30
2026-06-28,West,late_delivery,4,4,536,cust4951@example.com,Order dispatched late from the North hub; no update for three days.,2026-06-27T23:45:00+05:30
2026-06-27,West,damaged_item,2,2,536,cust6451@example.com,damaged item issue reported,2026-06-27T23:45:00+05:30
2026-06-27,West,billing,1,1,536,cust6593@example.com,billing issue reported,2026-06-27T23:45:00+05:30
2026-06-27,West,product_query,0,2,536,cust5958@example.com,product query issue reported,2026-06-27T23:45:00+05:30
2026-06-28,North,late_delivery,2,2,697,cust4402@example.com,Order dispatched late from the North hub; no update for three days.,2026-06-28T23:45:00+05:30
2026-06-28,North,damaged_item,3,3,697,cust5728@example.com,damaged item issue reported,2026-06-28T23:45:00+05:30
2026-06-28,North,billing,1,1,697,cust703@example.com,billing issue reported,2026-06-28T23:45:00+05:30
2026-06-28,North,product_query,0,4,697,cust8556@example.com,product query issue reported,2026-06-28T23:45:00+05:30
2026-06-28,South,late_delivery,1,1,591,cust8368@example.com,Order dispatched late from the North hub; no update for three days.,2026-06-28T23:45:00+05:30
2026-06-28,South,damaged_item,2,2,591,cust6082@example.com,damaged item issue reported,2026-06-28T23:45:00+05:30
2026-06-28,South,billing,1,1,591,cust2250@example.com,billing issue reported,2026-06-28T23:45:00+05:30
2026-06-28,South,product_query,0,7,591,cust7207@example.com,product query issue reported,2026-06-28T23:45:00+05:30
2026-06-28,East,late_delivery,2,2,407,cust1835@example.com,Order dispatched late from the North hub; no update for three days.,2026-06-28T23:45:00+05:30
2026-06-28,East,damaged_item,2,2,407,cust2270@example.com,damaged item issue reported,2026-06-28T23:45:00+05:30
2026-06-28,East,billing,3,3,407,cust682@example.com,billing issue reported,2026-06-28T23:45:00+05:30
2026-06-28,East,product_query,0,1,407,cust4975@example.com,product query issue reported,2026-06-28T23:45:00+05:30
2026-06-28,West,late_delivery,1,1,536,cust3428@example.com,Order dispatched late from the North hub; no update for three days.,2026-06-28T23:45:00+05:30
2026-06-28,West,damaged_item,2,2,536,cust3987@example.com,damaged item issue reported,2026-06-28T23:45:00+05:30
2026-06-28,West,billing,3,3,536,cust3403@example.com,billing issue reported,2026-06-28T23:45:00+05:30
2026-06-28,West,product_query,0,2,536,cust6732@example.com,product query issue reported,2026-06-28T23:45:00+05:30
2026-06-29,North,late_delivery,4,4,589,cust8526@example.com,Order dispatched late from the North hub; no update for three days.,2026-06-29T23:45:00+05:30
2026-06-29,North,damaged_item,2,2,589,cust7782@example.com,damaged item issue reported,2026-06-29T23:45:00+05:30
2026-06-29,North,billing,0,0,589,cust6357@example.com,billing issue reported,2026-06-29T23:45:00+05:30
2026-06-29,North,product_query,0,1,589,cust1402@example.com,product query issue reported,2026-06-29T23:45:00+05:30
2026-06-29,South,late_delivery,5,5,499,cust8093@example.com,Order dispatched late from the North hub; no update for three days.,2026-06-29T23:45:00+05:30
2026-06-29,South,damaged_item,2,2,499,cust5596@example.com,damaged item issue reported,2026-06-29T23:45:00+05:30
2026-06-29,South,billing,1,1,499,cust9378@example.com,billing issue reported,2026-06-29T23:45:00+05:30
2026-06-29,South,product_query,0,3,499,cust9846@example.com,product query issue reported,2026-06-29T23:45:00+05:30
2026-06-29,East,late_delivery,1,1,343,cust3515@example.com,Order dispatched late from the North hub; no update for three days.,2026-06-29T23:45:00+05:30
2026-06-29,East,damaged_item,0,0,343,cust2873@example.com,damaged item issue reported,2026-06-29T23:45:00+05:30
2026-06-29,East,billing,0,0,343,cust4621@example.com,billing issue reported,2026-06-29T23:45:00+05:30
2026-06-29,East,product_query,0,2,343,cust3598@example.com,product query issue reported,2026-06-29T23:45:00+05:30
2026-06-29,West,late_delivery,2,2,452,cust1516@example.com,Order dispatched late from the North hub; no update for three days.,2026-06-29T23:45:00+05:30
2026-06-29,West,damaged_item,1,1,452,cust1934@example.com,damaged item issue reported,2026-06-29T23:45:00+05:30
2026-06-29,West,billing,4,4,452,cust5206@example.com,billing issue reported,2026-06-29T23:45:00+05:30
2026-06-29,West,product_query,0,2,452,cust851@example.com,product query issue reported,2026-06-29T23:45:00+05:30
2026-06-30,North,late_delivery,5,5,588,cust3381@example.com,Order dispatched late from the North hub; no update for three days.,2026-06-30T23:45:00+05:30
2026-06-30,North,damaged_item,0,0,588,cust1084@example.com,damaged item issue reported,2026-06-30T23:45:00+05:30
2026-06-30,North,billing,2,2,588,cust3230@example.com,billing issue reported,2026-06-30T23:45:00+05:30
2026-06-30,North,product_query,0,5,588,cust5040@example.com,product query issue reported,2026-06-30T23:45:00+05:30
2026-06-30,South,late_delivery,5,5,498,cust1044@example.com,Order dispatched late from the North hub; no update for three days.,2026-06-30T23:45:00+05:30
2026-06-30,South,damaged_item,0,0,498,cust4960@example.com,damaged item issue reported,2026-06-30T23:45:00+05:30
2026-06-30,South,billing,0,0,498,cust295@example.com,billing issue reported,2026-06-30T23:45:00+05:30
2026-06-30,South,product_query,0,2,498,cust8357@example.com,product query issue reported,2026-06-30T23:45:00+05:30
2026-06-30,East,late_delivery,5,5,343,cust3868@example.com,Order dispatched late from the North hub; no update for three days.,2026-06-30T23:45:00+05:30
2026-06-30,East,damaged_item,0,0,343,cust4707@example.com,damaged item issue reported,2026-06-30T23:45:00+05:30
2026-06-30,East,billing,1,1,343,cust7949@example.com,billing issue reported,2026-06-30T23:45:00+05:30
2026-06-30,East,product_query,0,1,343,cust7476@example.com,product query issue reported,2026-06-30T23:45:00+05:30
2026-06-30,West,late_delivery,4,4,452,cust8532@example.com,Order dispatched late from the North hub; no update for three days.,2026-06-30T23:45:00+05:30
2026-06-30,West,damaged_item,0,0,452,cust7982@example.com,damaged item issue reported,2026-06-30T23:45:00+05:30
2026-06-30,West,billing,2,2,452,cust7794@example.com,billing issue reported,2026-06-30T23:45:00+05:30
2026-06-30,West,product_query,0,1,452,cust3550@example.com,product query issue reported,2026-06-30T23:45:00+05:30
2026-07-01,North,late_delivery,2,2,588,cust324@example.com,Order dispatched late from the North hub; no update for three days.,2026-07-01T23:45:00+05:30
2026-07-01,North,damaged_item,1,1,588,cust1534@example.com,damaged item issue reported,2026-07-01T23:45:00+05:30
2026-07-01,North,billing,0,0,588,cust4106@example.com,billing issue reported,2026-07-01T23:45:00+05:30
2026-07-01,North,product_query,0,3,588,cust8091@example.com,product query issue reported,2026-07-01T23:45:00+05:30
2026-07-01,South,late_delivery,6,6,498,cust4880@example.com,Order dispatched late from the North hub; no update for three days.,2026-07-01T23:45:00+05:30
2026-07-01,South,damaged_item,0,0,498,cust370@example.com,damaged item issue reported,2026-07-01T23:45:00+05:30
2026-07-01,South,billing,1,1,498,cust2044@example.com,billing issue reported,2026-07-01T23:45:00+05:30
2026-07-01,South,product_query,0,2,498,cust1038@example.com,product query issue reported,2026-07-01T23:45:00+05:30
2026-07-01,East,late_delivery,0,0,343,cust7184@example.com,Order dispatched late from the North hub; no update for three days.,2026-07-01T23:45:00+05:30
2026-07-01,East,damaged_item,0,0,343,cust555@example.com,damaged item issue reported,2026-07-01T23:45:00+05:30
2026-07-01,East,billing,1,1,343,cust8104@example.com,billing issue reported,2026-07-01T23:45:00+05:30
2026-07-01,East,product_query,0,1,343,cust5700@example.com,product query issue reported,2026-07-01T23:45:00+05:30
2026-07-01,West,late_delivery,4,4,452,cust2156@example.com,Order dispatched late from the North hub; no update for three days.,2026-07-01T23:45:00+05:30
2026-07-01,West,damaged_item,1,1,452,cust6264@example.com,damaged item issue reported,2026-07-01T23:45:00+05:30
2026-07-01,West,billing,1,1,452,cust4343@example.com,billing issue reported,2026-07-01T23:45:00+05:30
2026-07-01,West,product_query,0,4,452,cust7130@example.com,product query issue reported,2026-07-01T23:45:00+05:30
2026-07-02,North,late_delivery,1,1,588,cust9577@example.com,Order dispatched late from the North hub; no update for three days.,2026-07-02T23:45:00+05:30
2026-07-02,North,damaged_item,1,1,588,cust3585@example.com,damaged item issue reported,2026-07-02T23:45:00+05:30
2026-07-02,North,billing,1,1,588,cust8845@example.com,billing issue reported,2026-07-02T23:45:00+05:30
2026-07-02,North,product_query,0,1,588,cust1343@example.com,product query issue reported,2026-07-02T23:45:00+05:30
2026-07-02,South,late_delivery,2,2,498,cust602@example.com,Order dispatched late from the North hub; no update for three days.,2026-07-02T23:45:00+05:30
2026-07-02,South,damaged_item,2,2,498,cust7333@example.com,damaged item issue reported,2026-07-02T23:45:00+05:30
2026-07-02,South,billing,1,1,498,cust7509@example.com,billing issue reported,2026-07-02T23:45:00+05:30
2026-07-02,South,product_query,0,4,498,cust4844@example.com,product query issue reported,2026-07-02T23:45:00+05:30
2026-07-02,East,late_delivery,2,2,343,cust5413@example.com,Order dispatched late from the North hub; no update for three days.,2026-07-02T23:45:00+05:30
2026-07-02,East,damaged_item,1,1,343,cust8945@example.com,damaged item issue reported,2026-07-02T23:45:00+05:30
2026-07-02,East,billing,1,1,343,cust1032@example.com,billing issue reported,2026-07-02T23:45:00+05:30
2026-07-02,East,product_query,0,4,343,cust9373@example.com,product query issue reported,2026-07-02T23:45:00+05:30
2026-07-02,West,late_delivery,6,6,452,cust2813@example.com,Order dispatched late from the North hub; no update for three days.,2026-07-02T23:45:00+05:30
2026-07-02,West,damaged_item,0,0,452,cust657@example.com,damaged item issue reported,2026-07-02T23:45:00+05:30
2026-07-02,West,billing,2,2,452,cust4485@example.com,billing issue reported,2026-07-02T23:45:00+05:30
2026-07-02,West,product_query,0,2,452,cust1720@example.com,product query issue reported,2026-07-02T23:45:00+05:30
2026-07-03,North,late_delivery,4,4,587,cust2624@example.com,Order dispatched late from the North hub; no update for three days.,2026-07-03T23:45:00+05:30
2026-07-03,North,damaged_item,0,0,587,cust9957@example.com,damaged item issue reported,2026-07-03T23:45:00+05:30
2026-07-03,North,billing,0,0,587,cust9498@example.com,billing issue reported,2026-07-03T23:45:00+05:30
2026-07-03,North,product_query,0,2,587,cust4072@example.com,product query issue reported,2026-07-03T23:45:00+05:30
2026-07-03,South,late_delivery,5,5,498,cust4725@example.com,Order dispatched late from the North hub; no update for three days.,2026-07-03T23:45:00+05:30
2026-07-03,South,damaged_item,2,2,498,cust4933@example.com,damaged item issue reported,2026-07-03T23:45:00+05:30
2026-07-03,South,billing,0,0,498,cust1223@example.com,billing issue reported,2026-07-03T23:45:00+05:30
2026-07-03,South,product_query,0,5,498,cust9713@example.com,product query issue reported,2026-07-03T23:45:00+05:30
2026-07-03,East,late_delivery,1,1,342,cust8801@example.com,Order dispatched late from the North hub; no update for three days.,2026-07-03T23:45:00+05:30
2026-07-03,East,damaged_item,2,2,342,cust9871@example.com,damaged item issue reported,2026-07-03T23:45:00+05:30
2026-07-03,East,billing,1,1,342,cust9937@example.com,billing issue reported,2026-07-03T23:45:00+05:30
2026-07-03,East,product_query,0,0,342,cust2011@example.com,product query issue reported,2026-07-03T23:45:00+05:30
2026-07-03,West,late_delivery,3,3,451,cust8107@example.com,Order dispatched late from the North hub; no update for three days.,2026-07-03T23:45:00+05:30
2026-07-03,West,damaged_item,3,3,451,cust8999@example.com,damaged item issue reported,2026-07-03T23:45:00+05:30
2026-07-03,West,billing,2,2,451,cust2862@example.com,billing issue reported,2026-07-03T23:45:00+05:30
2026-07-03,West,product_query,0,1,451,cust2919@example.com,product query issue reported,2026-07-03T23:45:00+05:30
2026-07-04,North,late_delivery,3,3,695,cust333@example.com,Order dispatched late from the North hub; no update for three days.,2026-07-04T23:45:00+05:30
2026-07-04,North,damaged_item,2,2,695,cust4622@example.com,damaged item issue reported,2026-07-04T23:45:00+05:30
2026-07-04,North,billing,1,1,695,cust2344@example.com,billing issue reported,2026-07-04T23:45:00+05:30
2026-07-04,North,product_query,0,6,695,cust8027@example.com,product query issue reported,2026-07-04T23:45:00+05:30
2026-07-04,South,late_delivery,3,3,589,cust4461@example.com,Order dispatched late from the North hub; no update for three days.,2026-07-04T23:45:00+05:30
2026-07-04,South,damaged_item,3,3,589,cust9573@example.com,damaged item issue reported,2026-07-04T23:45:00+05:30
2026-07-04,South,billing,1,1,589,cust62@example.com,billing issue reported,2026-07-04T23:45:00+05:30
2026-07-04,South,product_query,0,2,589,cust170@example.com,product query issue reported,2026-07-04T23:45:00+05:30
2026-07-04,East,late_delivery,2,2,405,cust3722@example.com,Order dispatched late from the North hub; no update for three days.,2026-07-04T23:45:00+05:30
2026-07-04,East,damaged_item,2,2,405,cust9593@example.com,damaged item issue reported,2026-07-04T23:45:00+05:30
2026-07-04,East,billing,2,2,405,cust3724@example.com,billing issue reported,2026-07-04T23:45:00+05:30
2026-07-04,East,product_query,0,1,405,cust9385@example.com,product query issue reported,2026-07-04T23:45:00+05:30
2026-07-04,West,late_delivery,8,8,534,cust7997@example.com,Order dispatched late from the North hub; no update for three days.,2026-07-04T23:45:00+05:30
2026-07-04,West,damaged_item,0,0,534,cust6093@example.com,damaged item issue reported,2026-07-04T23:45:00+05:30
2026-07-04,West,billing,1,1,534,cust3305@example.com,billing issue reported,2026-07-04T23:45:00+05:30
2026-07-04,West,product_query,0,2,534,cust9491@example.com,product query issue reported,2026-07-04T23:45:00+05:30
2026-07-05,North,late_delivery,8,8,695,cust1670@example.com,Order dispatched late from the North hub; no update for three days.,2026-07-05T23:45:00+05:30
2026-07-05,North,damaged_item,3,3,695,cust2604@example.com,damaged item issue reported,2026-07-05T23:45:00+05:30
2026-07-05,North,billing,1,1,695,cust9270@example.com,billing issue reported,2026-07-05T23:45:00+05:30
2026-07-05,North,product_query,0,1,695,cust8276@example.com,product query issue reported,2026-07-05T23:45:00+05:30
2026-07-05,South,late_delivery,3,3,588,cust7969@example.com,Order dispatched late from the North hub; no update for three days.,2026-07-05T23:45:00+05:30
2026-07-05,South,damaged_item,2,2,588,cust8665@example.com,damaged item issue reported,2026-07-05T23:45:00+05:30
2026-07-05,South,billing,2,2,588,cust4630@example.com,billing issue reported,2026-07-05T23:45:00+05:30
2026-07-05,South,product_query,0,0,588,cust2494@example.com,product query issue reported,2026-07-05T23:45:00+05:30
2026-07-05,East,late_delivery,4,4,405,cust8213@example.com,Order dispatched late from the North hub; no update for three days.,2026-07-05T23:45:00+05:30
2026-07-05,East,damaged_item,0,0,405,cust2602@example.com,damaged item issue reported,2026-07-05T23:45:00+05:30
2026-07-05,East,billing,2,2,405,cust3111@example.com,billing issue reported,2026-07-05T23:45:00+05:30
2026-07-05,East,product_query,0,1,405,cust2869@example.com,product query issue reported,2026-07-05T23:45:00+05:30
2026-07-06,West,late_delivery,6,6,534,cust4656@example.com,Order dispatched late from the North hub; no update for three days.,2026-07-05T23:45:00+05:30
2026-07-05,West,damaged_item,5,5,534,cust7435@example.com,damaged item issue reported,2026-07-05T23:45:00+05:30
2026-07-05,West,billing,1,1,534,cust9580@example.com,billing issue reported,2026-07-05T23:45:00+05:30
2026-07-05,West,product_query,0,1,534,cust7269@example.com,product query issue reported,2026-07-05T23:45:00+05:30
2026-07-06,North,late_delivery,2,2,586,cust1902@example.com,Order dispatched late from the North hub; no update for three days.,2026-07-06T23:45:00+05:30
2026-07-06,North,damaged_item,3,3,586,cust1101@example.com,damaged item issue reported,2026-07-06T23:45:00+05:30
2026-07-06,North,billing,2,2,586,cust166@example.com,billing issue reported,2026-07-06T23:45:00+05:30
2026-07-06,North,product_query,0,2,586,cust4800@example.com,product query issue reported,2026-07-06T23:45:00+05:30
2026-07-06,South,late_delivery,4,4,497,cust3002@example.com,Order dispatched late from the North hub; no update for three days.,2026-07-06T23:45:00+05:30
2026-07-06,South,damaged_item,1,1,497,cust9639@example.com,damaged item issue reported,2026-07-06T23:45:00+05:30
2026-07-06,South,billing,1,1,497,cust6138@example.com,billing issue reported,2026-07-06T23:45:00+05:30
2026-07-06,South,product_query,0,0,497,cust109@example.com,product query issue reported,2026-07-06T23:45:00+05:30
2026-07-06,East,late_delivery,2,2,342,cust5565@example.com,Order dispatched late from the North hub; no update for three days.,2026-07-06T23:45:00+05:30
2026-07-06,East,damaged_item,1,1,342,cust7910@example.com,damaged item issue reported,2026-07-06T23:45:00+05:30
2026-07-06,East,billing,1,1,342,cust7769@example.com,billing issue reported,2026-07-06T23:45:00+05:30
2026-07-06,East,product_query,0,0,342,cust7102@example.com,product query issue reported,2026-07-06T23:45:00+05:30
2026-07-06,West,late_delivery,5,5,451,cust8292@example.com,Order dispatched late from the North hub; no update for three days.,2026-07-06T23:45:00+05:30
2026-07-06,West,damaged_item,1,1,451,cust8880@example.com,damaged item issue reported,2026-07-06T23:45:00+05:30
2026-07-06,West,billing,0,0,451,cust373@example.com,billing issue reported,2026-07-06T23:45:00+05:30
2026-07-06,West,product_query,0,4,451,cust5091@example.com,product query issue reported,2026-07-06T23:45:00+05:30
2026-07-07,North,late_delivery,2,2,586,cust4701@example.com,Order dispatched late from the North hub; no update for three days.,2026-07-07T23:45:00+05:30
2026-07-07,North,damaged_item,1,1,586,cust161@example.com,damaged item issue reported,2026-07-07T23:45:00+05:30
2026-07-07,North,billing,2,2,586,cust3218@example.com,billing issue reported,2026-07-07T23:45:00+05:30
2026-07-07,North,product_query,0,3,586,cust4611@example.com,product query issue reported,2026-07-07T23:45:00+05:30
2026-07-07,South,late_delivery,1,1,496,cust5261@example.com,Order dispatched late from the North hub; no update for three days.,2026-07-07T23:45:00+05:30
2026-07-07,South,damaged_item,1,1,496,cust1140@example.com,damaged item issue reported,2026-07-07T23:45:00+05:30
2026-07-07,South,billing,0,0,496,cust9044@example.com,billing issue reported,2026-07-07T23:45:00+05:30
2026-07-07,South,product_query,0,2,496,cust7751@example.com,product query issue reported,2026-07-07T23:45:00+05:30
2026-07-07,East,late_delivery,1,1,342,cust9089@example.com,Order dispatched late from the North hub; no update for three days.,2026-07-07T23:45:00+05:30
2026-07-07,East,damaged_item,2,2,342,cust7463@example.com,damaged item issue reported,2026-07-07T23:45:00+05:30
2026-07-07,East,billing,0,0,342,cust5249@example.com,billing issue reported,2026-07-07T23:45:00+05:30
2026-07-07,East,product_query,0,3,342,cust531@example.com,product query issue reported,2026-07-07T23:45:00+05:30
2026-07-07,West,late_delivery,0,0,450,cust7161@example.com,Order dispatched late from the North hub; no update for three days.,2026-07-07T23:45:00+05:30
2026-07-07,West,damaged_item,0,0,450,cust8511@example.com,damaged item issue reported,2026-07-07T23:45:00+05:30
2026-07-07,West,billing,0,0,450,cust7996@example.com,billing issue reported,2026-07-07T23:45:00+05:30
2026-07-07,West,product_query,0,0,450,cust2379@example.com,product query issue reported,2026-07-07T23:45:00+05:30
2026-07-08,North,late_delivery,3,3,586,cust6197@example.com,Order dispatched late from the North hub; no update for three days.,2026-07-08T23:45:00+05:30
2026-07-08,North,damaged_item,2,2,586,cust2243@example.com,damaged item issue reported,2026-07-08T23:45:00+05:30
2026-07-08,North,billing,5,5,586,cust544@example.com,billing issue reported,2026-07-08T23:45:00+05:30
2026-07-08,North,product_query,0,3,586,cust3447@example.com,product query issue reported,2026-07-08T23:45:00+05:30
2026-07-08,South,late_delivery,2,2,496,cust9007@example.com,Order dispatched late from the North hub; no update for three days.,2026-07-08T23:45:00+05:30
2026-07-08,South,damaged_item,5,5,496,cust5954@example.com,damaged item issue reported,2026-07-08T23:45:00+05:30
2026-07-08,South,billing,0,0,496,cust7954@example.com,billing issue reported,2026-07-08T23:45:00+05:30
2026-07-08,South,product_query,0,1,496,cust6353@example.com,product query issue reported,2026-07-08T23:45:00+05:30
2026-07-08,East,late_delivery,5,5,341,cust5919@example.com,Order dispatched late from the North hub; no update for three days.,2026-07-08T23:45:00+05:30
2026-07-08,East,damaged_item,3,3,341,cust7816@example.com,damaged item issue reported,2026-07-08T23:45:00+05:30
2026-07-08,East,billing,1,1,341,cust8527@example.com,billing issue reported,2026-07-08T23:45:00+05:30
2026-07-08,East,product_query,0,5,341,cust6258@example.com,product query issue reported,2026-07-08T23:45:00+05:30
2026-07-08,West,late_delivery,5,5,450,cust1627@example.com,Order dispatched late from the North hub; no update for three days.,2026-07-08T23:45:00+05:30
2026-07-08,West,damaged_item,1,1,450,cust3154@example.com,damaged item issue reported,2026-07-08T23:45:00+05:30
2026-07-08,West,billing,0,0,450,cust3112@example.com,billing issue reported,2026-07-08T23:45:00+05:30
2026-07-08,West,product_query,0,1,450,cust3731@example.com,product query issue reported,2026-07-08T23:45:00+05:30
2026-07-09,North,late_delivery,2,2,585,cust9322@example.com,Order dispatched late from the North hub; no update for three days.,2026-07-09T23:45:00+05:30
2026-07-09,North,damaged_item,2,2,585,cust4533@example.com,damaged item issue reported,2026-07-09T23:45:00+05:30
2026-07-09,North,billing,1,1,585,cust6447@example.com,billing issue reported,2026-07-09T23:45:00+05:30
2026-07-09,North,product_query,0,2,585,cust2367@example.com,product query issue reported,2026-07-09T23:45:00+05:30
2026-07-09,South,late_delivery,5,5,496,cust2037@example.com,Order dispatched late from the North hub; no update for three days.,2026-07-09T23:45:00+05:30
2026-07-09,South,damaged_item,2,2,496,cust7184@example.com,damaged item issue reported,2026-07-09T23:45:00+05:30
2026-07-09,South,billing,3,3,496,cust7496@example.com,billing issue reported,2026-07-09T23:45:00+05:30
2026-07-09,South,product_query,0,1,496,cust7146@example.com,product query issue reported,2026-07-09T23:45:00+05:30
2026-07-09,East,late_delivery,3,3,341,cust471@example.com,Order dispatched late from the North hub; no update for three days.,2026-07-09T23:45:00+05:30
2026-07-09,East,damaged_item,1,1,341,cust6224@example.com,damaged item issue reported,2026-07-09T23:45:00+05:30
2026-07-09,East,billing,0,0,341,cust8602@example.com,billing issue reported,2026-07-09T23:45:00+05:30
2026-07-09,East,product_query,0,0,341,cust4705@example.com,product query issue reported,2026-07-09T23:45:00+05:30
2026-07-09,West,late_delivery,6,6,450,cust8198@example.com,Order dispatched late from the North hub; no update for three days.,2026-07-09T23:45:00+05:30
2026-07-09,West,damaged_item,1,1,450,cust9310@example.com,damaged item issue reported,2026-07-09T23:45:00+05:30
2026-07-09,West,billing,1,1,450,cust9040@example.com,billing issue reported,2026-07-09T23:45:00+05:30
2026-07-09,West,product_query,0,4,450,cust7865@example.com,product query issue reported,2026-07-09T23:45:00+05:30
2026-07-10,North,late_delivery,1,1,585,cust5923@example.com,Order dispatched late from the North hub; no update for three days.,2026-07-10T23:45:00+05:30
2026-07-10,North,damaged_item,1,1,585,cust9006@example.com,damaged item issue reported,2026-07-10T23:45:00+05:30
2026-07-10,North,billing,0,0,585,cust5996@example.com,billing issue reported,2026-07-10T23:45:00+05:30
2026-07-10,North,product_query,0,3,585,cust7296@example.com,product query issue reported,2026-07-10T23:45:00+05:30
2026-07-10,South,late_delivery,2,2,495,cust1460@example.com,Order dispatched late from the North hub; no update for three days.,2026-07-10T23:45:00+05:30
2026-07-10,South,damaged_item,2,2,495,cust8014@example.com,damaged item issue reported,2026-07-10T23:45:00+05:30
2026-07-10,South,billing,1,1,495,cust39@example.com,billing issue reported,2026-07-10T23:45:00+05:30
2026-07-10,South,product_query,0,1,495,cust3583@example.com,product query issue reported,2026-07-10T23:45:00+05:30
2026-07-10,East,late_delivery,3,3,341,cust4007@example.com,Order dispatched late from the North hub; no update for three days.,2026-07-10T23:45:00+05:30
2026-07-10,East,damaged_item,0,0,341,cust1131@example.com,damaged item issue reported,2026-07-10T23:45:00+05:30
2026-07-10,East,billing,2,2,341,cust4975@example.com,billing issue reported,2026-07-10T23:45:00+05:30
2026-07-10,East,product_query,0,0,341,cust7921@example.com,product query issue reported,2026-07-10T23:45:00+05:30
2026-07-10,West,late_delivery,0,0,449,cust9255@example.com,Order dispatched late from the North hub; no update for three days.,2026-07-10T23:45:00+05:30
2026-07-10,West,damaged_item,0,0,449,cust3945@example.com,damaged item issue reported,2026-07-10T23:45:00+05:30
2026-07-10,West,billing,1,1,449,cust185@example.com,billing issue reported,2026-07-10T23:45:00+05:30
2026-07-10,West,product_query,0,6,449,cust1932@example.com,product query issue reported,2026-07-10T23:45:00+05:30
2026-07-11,North,late_delivery,7,7,692,cust6864@example.com,Order dispatched late from the North hub; no update for three days.,2026-07-11T23:45:00+05:30
2026-07-11,North,damaged_item,2,2,692,cust1127@example.com,damaged item issue reported,2026-07-11T23:45:00+05:30
2026-07-11,North,billing,0,0,692,cust9453@example.com,billing issue reported,2026-07-11T23:45:00+05:30
2026-07-11,North,product_query,0,0,692,cust6406@example.com,product query issue reported,2026-07-11T23:45:00+05:30
2026-07-11,South,late_delivery,2,2,586,cust6667@example.com,Order dispatched late from the North hub; no update for three days.,2026-07-11T23:45:00+05:30
2026-07-11,South,damaged_item,4,4,586,cust6244@example.com,damaged item issue reported,2026-07-11T23:45:00+05:30
2026-07-12,South,billing,2,2,586,cust2433@example.com,billing issue reported,2026-07-11T23:45:00+05:30
2026-07-11,South,product_query,0,1,586,cust889@example.com,product query issue reported,2026-07-11T23:45:00+05:30
2026-07-11,East,late_delivery,5,5,403,cust5862@example.com,Order dispatched late from the North hub; no update for three days.,2026-07-11T23:45:00+05:30
2026-07-11,East,damaged_item,3,3,403,cust898@example.com,damaged item issue reported,2026-07-11T23:45:00+05:30
2026-07-11,East,billing,2,2,403,cust7370@example.com,billing issue reported,2026-07-11T23:45:00+05:30
2026-07-11,East,product_query,0,1,403,cust4423@example.com,product query issue reported,2026-07-11T23:45:00+05:30
2026-07-11,West,late_delivery,3,3,532,cust5557@example.com,Order dispatched late from the North hub; no update for three days.,2026-07-11T23:45:00+05:30
2026-07-11,West,damaged_item,1,1,532,cust5355@example.com,damaged item issue reported,2026-07-11T23:45:00+05:30
2026-07-11,West,billing,0,0,532,cust4284@example.com,billing issue reported,2026-07-11T23:45:00+05:30
2026-07-11,West,product_query,0,2,532,cust5928@example.com,product query issue reported,2026-07-11T23:45:00+05:30
2026-07-12,North,late_delivery,5,5,692,cust7312@example.com,Order dispatched late from the North hub; no update for three days.,2026-07-12T23:45:00+05:30
2026-07-12,North,damaged_item,4,4,692,cust212@example.com,damaged item issue reported,2026-07-12T23:45:00+05:30
2026-07-12,North,billing,1,1,692,cust4567@example.com,billing issue reported,2026-07-12T23:45:00+05:30
2026-07-12,North,product_query,0,1,692,cust1763@example.com,product query issue reported,2026-07-12T23:45:00+05:30
2026-07-12,South,late_delivery,7,7,586,cust4885@example.com,Order dispatched late from the North hub; no update for three days.,2026-07-12T23:45:00+05:30
2026-07-12,South,damaged_item,3,3,586,cust1297@example.com,damaged item issue reported,2026-07-12T23:45:00+05:30
2026-07-12,South,billing,1,1,586,cust4304@example.com,billing issue reported,2026-07-12T23:45:00+05:30
2026-07-12,South,product_query,0,1,586,cust6651@example.com,product query issue reported,2026-07-12T23:45:00+05:30
2026-07-12,East,late_delivery,7,7,403,cust3371@example.com,Order dispatched late from the North hub; no update for three days.,2026-07-12T23:45:00+05:30
2026-07-12,East,damaged_item,0,0,403,cust7820@example.com,damaged item issue reported,2026-07-12T23:45:00+05:30
2026-07-12,East,billing,2,2,403,cust5769@example.com,billing issue reported,2026-07-12T23:45:00+05:30
2026-07-12,East,product_query,0,1,403,cust6390@example.com,product query issue reported,2026-07-12T23:45:00+05:30
2026-07-12,West,late_delivery,7,7,531,cust7396@example.com,Order dispatched late from the North hub; no update for three days.,2026-07-12T23:45:00+05:30
2026-07-12,West,damaged_item,2,2,531,cust2835@example.com,damaged item issue reported,2026-07-12T23:45:00+05:30
2026-07-12,West,billing,1,1,531,cust3819@example.com,billing issue reported,2026-07-12T23:45:00+05:30
2026-07-12,West,product_query,0,2,531,cust4413@example.com,product query issue reported,2026-07-12T23:45:00+05:30
2026-07-13,North,late_delivery,2,2,584,cust655@example.com,Order dispatched late from the North hub; no update for three days.,2026-07-13T23:45:00+05:30
2026-07-13,North,damaged_item,0,0,584,cust4327@example.com,damaged item issue reported,2026-07-13T23:45:00+05:30
2026-07-13,North,billing,1,1,584,cust4332@example.com,billing issue reported,2026-07-13T23:45:00+05:30
2026-07-13,North,product_query,0,1,584,cust2924@example.com,product query issue reported,2026-07-13T23:45:00+05:30
2026-07-13,South,late_delivery,4,4,494,cust6258@example.com,Order dispatched late from the North hub; no update for three days.,2026-07-13T23:45:00+05:30
2026-07-13,South,damaged_item,0,0,494,cust2223@example.com,damaged item issue reported,2026-07-13T23:45:00+05:30
2026-07-13,South,billing,1,1,494,cust6451@example.com,billing issue reported,2026-07-13T23:45:00+05:30
2026-07-13,South,product_query,0,5,494,cust2862@example.com,product query issue reported,2026-07-13T23:45:00+05:30
2026-07-13,East,late_delivery,1,1,340,cust7448@example.com,Order dispatched late from the North hub; no update for three days.,2026-07-13T23:45:00+05:30
2026-07-13,East,damaged_item,2,2,340,cust9957@example.com,damaged item issue reported,2026-07-13T23:45:00+05:30
2026-07-13,East,billing,0,0,340,cust7850@example.com,billing issue reported,2026-07-13T23:45:00+05:30
2026-07-13,East,product_query,0,3,340,cust5469@example.com,product query issue reported,2026-07-13T23:45:00+05:30
2026-07-13,West,late_delivery,0,0,448,cust7761@example.com,Order dispatched late from the North hub; no update for three days.,2026-07-13T23:45:00+05:30
2026-07-13,West,damaged_item,2,2,448,cust519@example.com,damaged item issue reported,2026-07-13T23:45:00+05:30
2026-07-13,West,billing,0,0,448,cust868@example.com,billing issue reported,2026-07-13T23:45:00+05:30
2026-07-13,West,product_query,0,1,448,cust5781@example.com,product query issue reported,2026-07-13T23:45:00+05:30
2026-07-14,North,late_delivery,7,7,583,cust4075@example.com,Order dispatched late from the North hub; no update for three days.,2026-07-14T23:45:00+05:30
2026-07-14,North,damaged_item,2,2,583,cust5998@example.com,damaged item issue reported,2026-07-14T23:45:00+05:30
2026-07-14,North,billing,1,1,583,cust5445@example.com,billing issue reported,2026-07-14T23:45:00+05:30
2026-07-14,North,product_query,0,7,583,cust4351@example.com,product query issue reported,2026-07-14T23:45:00+05:30
2026-07-14,South,late_delivery,6,6,494,cust5938@example.com,Order dispatched late from the North hub; no update for three days.,2026-07-14T23:45:00+05:30
2026-07-14,South,damaged_item,3,3,494,cust9130@example.com,damaged item issue reported,2026-07-14T23:45:00+05:30
2026-07-14,South,billing,4,4,494,cust2132@example.com,billing issue reported,2026-07-14T23:45:00+05:30
2026-07-14,South,product_query,0,0,494,cust5690@example.com,product query issue reported,2026-07-14T23:45:00+05:30
2026-07-14,East,late_delivery,3,3,340,cust184@example.com,Order dispatched late from the North hub; no update for three days.,2026-07-14T23:45:00+05:30
2026-07-14,East,damaged_item,3,3,340,cust3627@example.com,damaged item issue reported,2026-07-14T23:45:00+05:30
2026-07-14,East,billing,2,2,340,cust8814@example.com,billing issue reported,2026-07-14T23:45:00+05:30
2026-07-14,East,product_query,0,1,340,cust2138@example.com,product query issue reported,2026-07-14T23:45:00+05:30
2026-07-14,West,late_delivery,2,2,448,cust1158@example.com,Order dispatched late from the North hub; no update for three days.,2026-07-14T23:45:00+05:30
2026-07-14,West,damaged_item,1,1,448,cust4291@example.com,damaged item issue reported,2026-07-14T23:45:00+05:30
2026-07-14,West,billing,0,0,448,cust2881@example.com,billing issue reported,2026-07-14T23:45:00+05:30
2026-07-14,West,product_query,0,2,448,cust9854@example.com,product query issue reported,2026-07-14T23:45:00+05:30
2026-07-15,North,late_delivery,2,2,583,cust7248@example.com,Order dispatched late from the North hub; no update for three days.,2026-07-15T23:45:00+05:30
2026-07-15,North,damaged_item,1,1,583,cust731@example.com,damaged item issue reported,2026-07-15T23:45:00+05:30
2026-07-15,North,billing,0,0,583,cust4859@example.com,billing issue reported,2026-07-15T23:45:00+05:30
2026-07-15,North,product_query,0,3,583,cust9787@example.com,product query issue reported,2026-07-15T23:45:00+05:30
2026-07-15,South,late_delivery,3,3,494,cust6542@example.com,Order dispatched late from the North hub; no update for three days.,2026-07-15T23:45:00+05:30
2026-07-15,South,damaged_item,0,0,494,cust7909@example.com,damaged item issue reported,2026-07-15T23:45:00+05:30
2026-07-15,South,billing,0,0,494,cust27@example.com,billing issue reported,2026-07-15T23:45:00+05:30
2026-07-15,South,product_query,0,3,494,cust8862@example.com,product query issue reported,2026-07-15T23:45:00+05:30
2026-07-15,East,late_delivery,2,2,340,cust3857@example.com,Order dispatched late from the North hub; no update for three days.,2026-07-15T23:45:00+05:30
2026-07-15,East,damaged_item,1,1,340,cust3718@example.com,damaged item issue reported,2026-07-15T23:45:00+05:30
2026-07-15,East,billing,0,0,340,cust9987@example.com,billing issue reported,2026-07-15T23:45:00+05:30
2026-07-15,East,product_query,0,3,340,cust580@example.com,product query issue reported,2026-07-15T23:45:00+05:30
2026-07-15,West,late_delivery,3,3,448,cust2519@example.com,Order dispatched late from the North hub; no update for three days.,2026-07-15T23:45:00+05:30
2026-07-15,West,damaged_item,3,3,448,cust1461@example.com,damaged item issue reported,2026-07-15T23:45:00+05:30
2026-07-15,West,billing,2,2,448,cust3259@example.com,billing issue reported,2026-07-15T23:45:00+05:30
2026-07-15,West,product_query,0,1,448,cust5858@example.com,product query issue reported,2026-07-15T23:45:00+05:30
2026-07-16,North,late_delivery,4,4,583,cust9343@example.com,Order dispatched late from the North hub; no update for three days.,2026-07-16T23:45:00+05:30
2026-07-16,North,damaged_item,3,3,583,cust8009@example.com,damaged item issue reported,2026-07-16T23:45:00+05:30
2026-07-16,North,billing,1,1,583,cust4224@example.com,billing issue reported,2026-07-16T23:45:00+05:30
2026-07-16,North,product_query,0,4,583,cust3656@example.com,product query issue reported,2026-07-16T23:45:00+05:30
2026-07-16,South,late_delivery,6,6,493,cust645@example.com,Order dispatched late from the North hub; no update for three days.,2026-07-16T23:45:00+05:30
2026-07-16,South,damaged_item,0,0,493,cust7955@example.com,damaged item issue reported,2026-07-16T23:45:00+05:30
2026-07-16,South,billing,2,2,493,cust1841@example.com,billing issue reported,2026-07-16T23:45:00+05:30
2026-07-16,South,product_query,0,3,493,cust9216@example.com,product query issue reported,2026-07-16T23:45:00+05:30
2026-07-16,East,late_delivery,2,2,340,cust6533@example.com,Order dispatched late from the North hub; no update for three days.,2026-07-16T23:45:00+05:30
2026-07-16,East,damaged_item,1,1,340,cust5149@example.com,damaged item issue reported,2026-07-16T23:45:00+05:30
2026-07-16,East,billing,1,1,340,cust8737@example.com,billing issue reported,2026-07-16T23:45:00+05:30
2026-07-16,East,product_query,0,0,340,cust527@example.com,product query issue reported,2026-07-16T23:45:00+05:30
2026-07-16,West,late_delivery,2,2,448,cust5227@example.com,Order dispatched late from the North hub; no update for three days.,2026-07-16T23:45:00+05:30
2026-07-16,West,damaged_item,4,4,448,cust5355@example.com,damaged item issue reported,2026-07-16T23:45:00+05:30
2026-07-16,West,billing,4,4,448,cust4883@example.com,billing issue reported,2026-07-16T23:45:00+05:30
2026-07-16,West,product_query,0,1,448,cust5154@example.com,product query issue reported,2026-07-16T23:45:00+05:30
2026-07-17,North,late_delivery,1,1,582,cust130@example.com,Order dispatched late from the North hub; no update for three days.,2026-07-17T23:45:00+05:30
2026-07-17,North,damaged_item,0,0,582,cust8970@example.com,damaged item issue reported,2026-07-17T23:45:00+05:30
2026-07-18,North,billing,1,1,582,cust9026@example.com,billing issue reported,2026-07-17T23:45:00+05:30
2026-07-17,North,product_query,0,2,582,cust4832@example.com,product query issue reported,2026-07-17T23:45:00+05:30
2026-07-17,South,late_delivery,1,1,493,cust4175@example.com,Order dispatched late from the North hub; no update for three days.,2026-07-17T23:45:00+05:30
2026-07-17,South,damaged_item,3,3,493,cust8754@example.com,damaged item issue reported,2026-07-17T23:45:00+05:30
2026-07-17,South,billing,0,0,493,cust2743@example.com,billing issue reported,2026-07-17T23:45:00+05:30
2026-07-17,South,product_query,0,3,493,cust2190@example.com,product query issue reported,2026-07-17T23:45:00+05:30
2026-07-17,East,late_delivery,5,5,339,cust6769@example.com,Order dispatched late from the North hub; no update for three days.,2026-07-17T23:45:00+05:30
2026-07-17,East,damaged_item,4,4,339,cust1726@example.com,damaged item issue reported,2026-07-17T23:45:00+05:30
2026-07-17,East,billing,0,0,339,cust3670@example.com,billing issue reported,2026-07-17T23:45:00+05:30
2026-07-17,East,product_query,0,3,339,cust7913@example.com,product query issue reported,2026-07-17T23:45:00+05:30
2026-07-17,West,late_delivery,3,3,447,cust3142@example.com,Order dispatched late from the North hub; no update for three days.,2026-07-17T23:45:00+05:30
2026-07-17,West,damaged_item,2,2,447,cust5026@example.com,damaged item issue reported,2026-07-17T23:45:00+05:30
2026-07-17,West,billing,0,0,447,cust9528@example.com,billing issue reported,2026-07-17T23:45:00+05:30
2026-07-17,West,product_query,0,1,447,cust3879@example.com,product query issue reported,2026-07-17T23:45:00+05:30
2026-07-18,North,late_delivery,4,4,689,cust4990@example.com,Order dispatched late from the North hub; no update for three days.,2026-07-18T23:45:00+05:30
2026-07-18,North,damaged_item,1,1,689,cust5438@example.com,damaged item issue reported,2026-07-18T23:45:00+05:30
2026-07-18,North,billing,0,0,689,cust916@example.com,billing issue reported,2026-07-18T23:45:00+05:30
2026-07-18,North,product_query,0,3,689,cust6420@example.com,product query issue reported,2026-07-18T23:45:00+05:30
2026-07-18,South,late_delivery,5,5,583,cust6780@example.com,Order dispatched late from the North hub; no update for three days.,2026-07-18T23:45:00+05:30
2026-07-18,South,damaged_item,2,2,583,cust9325@example.com,damaged item issue reported,2026-07-18T23:45:00+05:30
2026-07-18,South,billing,0,0,583,cust2746@example.com,billing issue reported,2026-07-18T23:45:00+05:30
2026-07-18,South,product_query,0,3,583,cust6156@example.com,product query issue reported,2026-07-18T23:45:00+05:30
2026-07-18,East,late_delivery,2,2,402,cust7743@example.com,Order dispatched late from the North hub; no update for three days.,2026-07-18T23:45:00+05:30
2026-07-18,East,damaged_item,2,2,402,cust3086@example.com,damaged item issue reported,2026-07-18T23:45:00+05:30
2026-07-18,East,billing,1,1,402,cust6434@example.com,billing issue reported,2026-07-18T23:45:00+05:30
2026-07-18,East,product_query,0,0,402,cust5015@example.com,product query issue reported,2026-07-18T23:45:00+05:30
2026-07-18,West,late_delivery,6,6,529,cust9716@example.com,Order dispatched late from the North hub; no update for three days.,2026-07-18T23:45:00+05:30
2026-07-18,West,damaged_item,1,1,529,cust7756@example.com,damaged item issue reported,2026-07-18T23:45:00+05:30
2026-07-18,West,billing,2,2,529,cust6338@example.com,billing issue reported,2026-07-18T23:45:00+05:30
2026-07-18,West,product_query,0,3,529,cust2630@example.com,product query issue reported,2026-07-18T23:45:00+05:30
2026-07-19,North,late_delivery,8,8,688,cust9501@example.com,Order dispatched late from the North hub; no update for three days.,2026-07-19T23:45:00+05:30
2026-07-19,North,damaged_item,5,5,688,cust9467@example.com,damaged item issue reported,2026-07-19T23:45:00+05:30
2026-07-19,North,billing,0,0,688,cust667@example.com,billing issue reported,2026-07-19T23:45:00+05:30
2026-07-19,North,product_query,0,6,688,cust2409@example.com,product query issue reported,2026-07-19T23:45:00+05:30
2026-07-19,South,late_delivery,5,5,583,cust7380@example.com,Order dispatched late from the North hub; no update for three days.,2026-07-19T23:45:00+05:30
2026-07-20,South,damaged_item,3,3,583,cust8108@example.com,damaged item issue reported,2026-07-19T23:45:00+05:30
2026-07-19,South,billing,0,0,583,cust9984@example.com,billing issue reported,2026-07-19T23:45:00+05:30
2026-07-19,South,product_query,0,3,583,cust546@example.com,product query issue reported,2026-07-19T23:45:00+05:30
2026-07-19,East,late_delivery,3,3,401,cust2934@example.com,Order dispatched late from the North hub; no update for three days.,2026-07-19T23:45:00+05:30
2026-07-19,East,damaged_item,1,1,401,cust4727@example.com,damaged item issue reported,2026-07-19T23:45:00+05:30
2026-07-19,East,billing,1,1,401,cust4370@example.com,billing issue reported,2026-07-19T23:45:00+05:30
2026-07-19,East,product_query,0,2,401,cust2910@example.com,product query issue reported,2026-07-19T23:45:00+05:30
2026-07-19,West,late_delivery,4,4,529,cust388@example.com,Order dispatched late from the North hub; no update for three days.,2026-07-19T23:45:00+05:30
2026-07-19,West,damaged_item,1,1,529,cust8267@example.com,damaged item issue reported,2026-07-19T23:45:00+05:30
2026-07-19,West,billing,0,0,529,cust1289@example.com,billing issue reported,2026-07-19T23:45:00+05:30
2026-07-19,West,product_query,0,3,529,cust2153@example.com,product query issue reported,2026-07-19T23:45:00+05:30
2026-07-20,North,late_delivery,0,0,581,cust7760@example.com,Order dispatched late from the North hub; no update for three days.,2026-07-20T23:45:00+05:30
2026-07-20,North,damaged_item,1,1,581,cust2679@example.com,damaged item issue reported,2026-07-20T23:45:00+05:30
2026-07-20,North,billing,2,2,581,cust6284@example.com,billing issue reported,2026-07-20T23:45:00+05:30
2026-07-20,North,product_query,0,3,581,cust2783@example.com,product query issue reported,2026-07-20T23:45:00+05:30
2026-07-20,South,late_delivery,4,4,492,cust8690@example.com,Order dispatched late from the North hub; no update for three days.,2026-07-20T23:45:00+05:30
2026-07-20,South,damaged_item,1,1,492,cust8517@example.com,damaged item issue reported,2026-07-20T23:45:00+05:30
2026-07-20,South,billing,0,0,492,cust8954@example.com,billing issue reported,2026-07-20T23:45:00+05:30
2026-07-20,South,product_query,0,4,492,cust4205@example.com,product query issue reported,2026-07-20T23:45:00+05:30
2026-07-20,East,late_delivery,0,0,339,cust8091@example.com,Order dispatched late from the North hub; no update for three days.,2026-07-20T23:45:00+05:30
2026-07-20,East,damaged_item,1,1,339,cust3310@example.com,damaged item issue reported,2026-07-20T23:45:00+05:30
2026-07-20,East,billing,1,1,339,cust2361@example.com,billing issue reported,2026-07-20T23:45:00+05:30
2026-07-20,East,product_query,0,2,339,cust4622@example.com,product query issue reported,2026-07-20T23:45:00+05:30
2026-07-20,West,late_delivery,5,5,446,cust7948@example.com,Order dispatched late from the North hub; no update for three days.,2026-07-20T23:45:00+05:30
2026-07-20,West,damaged_item,2,2,446,cust5647@example.com,damaged item issue reported,2026-07-20T23:45:00+05:30
2026-07-20,West,billing,0,0,446,cust4089@example.com,billing issue reported,2026-07-20T23:45:00+05:30
2026-07-20,West,product_query,0,3,446,cust7402@example.com,product query issue reported,2026-07-20T23:45:00+05:30
2026-07-21,North,late_delivery,0,0,581,cust3542@example.com,Order dispatched late from the North hub; no update for three days.,2026-07-21T23:45:00+05:30
2026-07-21,North,damaged_item,1,1,581,cust7088@example.com,damaged item issue reported,2026-07-21T23:45:00+05:30
2026-07-21,North,billing,1,1,581,cust6238@example.com,billing issue reported,2026-07-21T23:45:00+05:30
2026-07-21,North,product_query,0,1,581,cust3070@example.com,product query issue reported,2026-07-21T23:45:00+05:30
2026-07-21,South,late_delivery,5,5,492,cust9270@example.com,Order dispatched late from the North hub; no update for three days.,2026-07-21T23:45:00+05:30
2026-07-21,South,damaged_item,2,2,492,cust9818@example.com,damaged item issue reported,2026-07-21T23:45:00+05:30
2026-07-21,South,billing,1,1,492,cust6232@example.com,billing issue reported,2026-07-21T23:45:00+05:30
2026-07-21,South,product_query,0,2,492,cust1842@example.com,product query issue reported,2026-07-21T23:45:00+05:30
2026-07-21,East,late_delivery,5,5,338,cust7631@example.com,Order dispatched late from the North hub; no update for three days.,2026-07-21T23:45:00+05:30
2026-07-21,East,damaged_item,3,3,338,cust8460@example.com,damaged item issue reported,2026-07-21T23:45:00+05:30
2026-07-21,East,billing,1,1,338,cust2154@example.com,billing issue reported,2026-07-21T23:45:00+05:30
2026-07-21,East,product_query,0,3,338,cust7153@example.com,product query issue reported,2026-07-21T23:45:00+05:30
2026-07-21,West,late_delivery,4,4,446,cust8779@example.com,Order dispatched late from the North hub; no update for three days.,2026-07-21T23:45:00+05:30
2026-07-21,West,damaged_item,1,1,446,cust1320@example.com,damaged item issue reported,2026-07-21T23:45:00+05:30
2026-07-21,West,billing,0,0,446,cust8317@example.com,billing issue reported,2026-07-21T23:45:00+05:30
2026-07-21,West,product_query,0,2,446,cust9977@example.com,product query issue reported,2026-07-21T23:45:00+05:30
2026-07-22,North,late_delivery,6,6,580,cust4782@example.com,Order dispatched late from the North hub; no update for three days.,2026-07-22T23:45:00+05:30
2026-07-22,North,damaged_item,4,4,580,cust3227@example.com,damaged item issue reported,2026-07-22T23:45:00+05:30
2026-07-22,North,billing,0,0,580,cust4538@example.com,billing issue reported,2026-07-22T23:45:00+05:30
2026-07-22,North,product_query,0,3,580,cust3217@example.com,product query issue reported,2026-07-22T23:45:00+05:30
2026-07-22,South,late_delivery,2,2,491,cust6993@example.com,Order dispatched late from the North hub; no update for three days.,2026-07-22T23:45:00+05:30
2026-07-22,South,damaged_item,0,0,491,cust5196@example.com,damaged item issue reported,2026-07-22T23:45:00+05:30
2026-07-22,South,billing,3,3,491,cust2905@example.com,billing issue reported,2026-07-22T23:45:00+05:30
2026-07-22,South,product_query,0,5,491,cust3115@example.com,product query issue reported,2026-07-22T23:45:00+05:30
2026-07-22,East,late_delivery,1,1,338,cust7233@example.com,Order dispatched late from the North hub; no update for three days.,2026-07-22T23:45:00+05:30
2026-07-22,East,damaged_item,2,2,338,cust386@example.com,damaged item issue reported,2026-07-22T23:45:00+05:30
2026-07-22,East,billing,1,1,338,cust8985@example.com,billing issue reported,2026-07-22T23:45:00+05:30
2026-07-22,East,product_query,0,1,338,cust6536@example.com,product query issue reported,2026-07-22T23:45:00+05:30
2026-07-22,West,late_delivery,4,4,446,cust4127@example.com,Order dispatched late from the North hub; no update for three days.,2026-07-22T23:45:00+05:30
2026-07-22,West,damaged_item,0,0,446,cust1046@example.com,damaged item issue reported,2026-07-22T23:45:00+05:30
2026-07-22,West,billing,2,2,446,cust3584@example.com,billing issue reported,2026-07-22T23:45:00+05:30
2026-07-22,West,product_query,0,2,446,cust4195@example.com,product query issue reported,2026-07-22T23:45:00+05:30
2026-07-23,North,late_delivery,2,2,580,cust4787@example.com,Order dispatched late from the North hub; no update for three days.,2026-07-23T23:45:00+05:30
2026-07-23,North,damaged_item,0,0,580,cust4401@example.com,damaged item issue reported,2026-07-23T23:45:00+05:30
2026-07-23,North,billing,1,1,580,cust8511@example.com,billing issue reported,2026-07-23T23:45:00+05:30
2026-07-23,North,product_query,0,3,580,cust1449@example.com,product query issue reported,2026-07-23T23:45:00+05:30
2026-07-23,South,late_delivery,1,1,491,cust1740@example.com,Order dispatched late from the North hub; no update for three days.,2026-07-23T23:45:00+05:30
2026-07-23,South,damaged_item,1,1,491,cust6388@example.com,damaged item issue reported,2026-07-23T23:45:00+05:30
2026-07-23,South,billing,2,2,491,cust938@example.com,billing issue reported,2026-07-23T23:45:00+05:30
2026-07-23,South,product_query,0,2,491,cust8866@example.com,product query issue reported,2026-07-23T23:45:00+05:30
2026-07-23,East,late_delivery,1,1,338,cust8132@example.com,Order dispatched late from the North hub; no update for three days.,2026-07-23T23:45:00+05:30
2026-07-23,East,damaged_item,0,0,338,cust8897@example.com,damaged item issue reported,2026-07-23T23:45:00+05:30
2026-07-23,East,billing,0,0,338,cust5307@example.com,billing issue reported,2026-07-23T23:45:00+05:30
2026-07-23,East,product_query,0,3,338,cust4728@example.com,product query issue reported,2026-07-23T23:45:00+05:30
2026-07-23,West,late_delivery,2,2,445,cust8847@example.com,Order dispatched late from the North hub; no update for three days.,2026-07-23T23:45:00+05:30
2026-07-23,West,damaged_item,4,4,445,cust560@example.com,damaged item issue reported,2026-07-23T23:45:00+05:30
2026-07-23,West,billing,2,2,445,cust6718@example.com,billing issue reported,2026-07-23T23:45:00+05:30
2026-07-23,West,product_query,0,4,445,cust2581@example.com,product query issue reported,2026-07-23T23:45:00+05:30
2026-07-24,North,late_delivery,6,6,579,cust387@example.com,Order dispatched late from the North hub; no update for three days.,2026-07-24T23:45:00+05:30
2026-07-24,North,damaged_item,0,0,579,cust7193@example.com,damaged item issue reported,2026-07-24T23:45:00+05:30
2026-07-24,North,billing,1,1,579,cust4479@example.com,billing issue reported,2026-07-24T23:45:00+05:30
2026-07-24,North,product_query,0,2,579,cust2040@example.com,product query issue reported,2026-07-24T23:45:00+05:30
2026-07-24,South,late_delivery,3,3,491,cust8663@example.com,Order dispatched late from the North hub; no update for three days.,2026-07-24T23:45:00+05:30
2026-07-24,South,damaged_item,1,1,491,cust1818@example.com,damaged item issue reported,2026-07-24T23:45:00+05:30
2026-07-24,South,billing,2,2,491,cust9407@example.com,billing issue reported,2026-07-24T23:45:00+05:30
2026-07-24,South,product_query,0,2,491,cust2144@example.com,product query issue reported,2026-07-24T23:45:00+05:30
2026-07-24,East,late_delivery,4,4,338,cust4191@example.com,Order dispatched late from the North hub; no update for three days.,2026-07-24T23:45:00+05:30
2026-07-24,East,damaged_item,3,3,338,cust6917@example.com,damaged item issue reported,2026-07-24T23:45:00+05:30
2026-07-24,East,billing,1,1,338,cust8283@example.com,billing issue reported,2026-07-24T23:45:00+05:30
2026-07-24,East,product_query,0,2,338,cust3907@example.com,product query issue reported,2026-07-24T23:45:00+05:30
2026-07-24,West,late_delivery,3,3,445,cust4286@example.com,Order dispatched late from the North hub; no update for three days.,2026-07-24T23:45:00+05:30
2026-07-24,West,damaged_item,0,0,445,cust1319@example.com,damaged item issue reported,2026-07-24T23:45:00+05:30
2026-07-24,West,billing,0,0,445,cust3299@example.com,billing issue reported,2026-07-24T23:45:00+05:30
2026-07-24,West,product_query,0,4,445,cust4880@example.com,product query issue reported,2026-07-24T23:45:00+05:30
2026-07-25,North,late_delivery,11,11,685,cust766@example.com,Order dispatched late from the North hub; no update for three days.,2026-07-25T23:45:00+05:30
2026-07-25,North,damaged_item,3,3,685,cust5605@example.com,damaged item issue reported,2026-07-25T23:45:00+05:30
2026-07-25,North,billing,2,2,685,cust177@example.com,billing issue reported,2026-07-25T23:45:00+05:30
2026-07-25,North,product_query,0,3,685,cust1853@example.com,product query issue reported,2026-07-25T23:45:00+05:30
2026-07-25,South,late_delivery,3,3,580,cust1574@example.com,Order dispatched late from the North hub; no update for three days.,2026-07-25T23:45:00+05:30
2026-07-25,South,damaged_item,0,0,580,cust6718@example.com,damaged item issue reported,2026-07-25T23:45:00+05:30
2026-07-25,South,billing,2,2,580,cust9714@example.com,billing issue reported,2026-07-25T23:45:00+05:30
2026-07-25,South,product_query,0,2,580,cust4325@example.com,product query issue reported,2026-07-25T23:45:00+05:30
2026-07-25,East,late_delivery,3,3,400,cust150@example.com,Order dispatched late from the North hub; no update for three days.,2026-07-25T23:45:00+05:30
2026-07-25,East,damaged_item,1,1,400,cust91@example.com,damaged item issue reported,2026-07-25T23:45:00+05:30
2026-07-25,East,billing,1,1,400,cust1934@example.com,billing issue reported,2026-07-25T23:45:00+05:30
2026-07-25,East,product_query,0,0,400,cust4471@example.com,product query issue reported,2026-07-25T23:45:00+05:30
2026-07-25,West,late_delivery,5,5,526,cust3818@example.com,Order dispatched late from the North hub; no update for three days.,2026-07-25T23:45:00+05:30
2026-07-25,West,damaged_item,0,0,526,cust7432@example.com,damaged item issue reported,2026-07-25T23:45:00+05:30
2026-07-25,West,billing,1,1,526,cust8483@example.com,billing issue reported,2026-07-25T23:45:00+05:30
2026-07-25,West,product_query,0,4,526,cust2094@example.com,product query issue reported,2026-07-25T23:45:00+05:30
2026-07-26,North,late_delivery,9,9,685,cust3066@example.com,Order dispatched late from the North hub; no update for three days.,2026-07-26T23:45:00+05:30
2026-07-27,North,damaged_item,4,4,685,cust7376@example.com,damaged item issue reported,2026-07-26T23:45:00+05:30
2026-07-26,North,billing,2,2,685,cust8426@example.com,billing issue reported,2026-07-26T23:45:00+05:30
2026-07-26,North,product_query,0,6,685,cust3190@example.com,product query issue reported,2026-07-26T23:45:00+05:30
2026-07-26,South,late_delivery,7,7,580,cust7617@example.com,Order dispatched late from the North hub; no update for three days.,2026-07-26T23:45:00+05:30
2026-07-26,South,damaged_item,4,4,580,cust5781@example.com,damaged item issue reported,2026-07-26T23:45:00+05:30
2026-07-26,South,billing,0,0,580,cust16@example.com,billing issue reported,2026-07-26T23:45:00+05:30
2026-07-26,South,product_query,0,4,580,cust1797@example.com,product query issue reported,2026-07-26T23:45:00+05:30
2026-07-26,East,late_delivery,0,0,399,cust5689@example.com,Order dispatched late from the North hub; no update for three days.,2026-07-26T23:45:00+05:30
2026-07-26,East,damaged_item,1,1,399,cust7681@example.com,damaged item issue reported,2026-07-26T23:45:00+05:30
2026-07-26,East,billing,0,0,399,cust3492@example.com,billing issue reported,2026-07-26T23:45:00+05:30
2026-07-26,East,product_query,0,3,399,cust3084@example.com,product query issue reported,2026-07-26T23:45:00+05:30
2026-07-26,West,late_delivery,3,3,526,cust5711@example.com,Order dispatched late from the North hub; no update for three days.,2026-07-26T23:45:00+05:30
2026-07-26,West,damaged_item,4,4,526,cust8646@example.com,damaged item issue reported,2026-07-26T23:45:00+05:30
2026-07-26,West,billing,2,2,526,cust8431@example.com,billing issue reported,2026-07-26T23:45:00+05:30
2026-07-26,West,product_query,0,3,526,cust7434@example.com,product query issue reported,2026-07-26T23:45:00+05:30
2026-07-27,North,late_delivery,1,1,578,cust82@example.com,Order dispatched late from the North hub; no update for three days.,2026-07-27T23:45:00+05:30
2026-07-27,North,damaged_item,3,3,578,cust4695@example.com,damaged item issue reported,2026-07-27T23:45:00+05:30
2026-07-27,North,billing,2,2,578,cust6898@example.com,billing issue reported,2026-07-27T23:45:00+05:30
2026-07-27,North,product_query,0,2,578,cust9485@example.com,product query issue reported,2026-07-27T23:45:00+05:30
2026-07-27,South,late_delivery,5,5,490,cust3826@example.com,Order dispatched late from the North hub; no update for three days.,2026-07-27T23:45:00+05:30
2026-07-27,South,damaged_item,1,1,490,cust2795@example.com,damaged item issue reported,2026-07-27T23:45:00+05:30
2026-07-27,South,billing,1,1,490,cust7286@example.com,billing issue reported,2026-07-27T23:45:00+05:30
2026-07-27,South,product_query,0,2,490,cust5259@example.com,product query issue reported,2026-07-27T23:45:00+05:30
2026-07-27,East,late_delivery,1,1,337,cust3698@example.com,Order dispatched late from the North hub; no update for three days.,2026-07-27T23:45:00+05:30
2026-07-27,East,damaged_item,0,0,337,cust6098@example.com,damaged item issue reported,2026-07-27T23:45:00+05:30
2026-07-27,East,billing,1,1,337,cust9067@example.com,billing issue reported,2026-07-27T23:45:00+05:30
2026-07-27,East,product_query,0,2,337,cust4282@example.com,product query issue reported,2026-07-27T23:45:00+05:30
2026-07-27,West,late_delivery,2,2,444,cust2847@example.com,Order dispatched late from the North hub; no update for three days.,2026-07-27T23:45:00+05:30
2026-07-27,West,damaged_item,1,1,444,cust2941@example.com,damaged item issue reported,2026-07-27T23:45:00+05:30
2026-07-27,West,billing,0,0,444,cust2895@example.com,billing issue reported,2026-07-27T23:45:00+05:30
2026-07-27,West,product_query,0,3,444,cust3639@example.com,product query issue reported,2026-07-27T23:45:00+05:30
2026-07-28,North,late_delivery,8,8,578,cust8707@example.com,Order dispatched late from the North hub; no update for three days.,2026-07-28T23:45:00+05:30
2026-07-28,North,damaged_item,1,1,578,cust8525@example.com,damaged item issue reported,2026-07-28T23:45:00+05:30
2026-07-28,North,billing,5,5,578,cust1532@example.com,billing issue reported,2026-07-28T23:45:00+05:30
2026-07-28,North,product_query,0,2,578,cust9096@example.com,product query issue reported,2026-07-28T23:45:00+05:30
2026-07-28,South,late_delivery,2,2,489,cust4122@example.com,Order dispatched late from the North hub; no update for three days.,2026-07-28T23:45:00+05:30
2026-07-28,South,damaged_item,5,5,489,cust2456@example.com,damaged item issue reported,2026-07-28T23:45:00+05:30
2026-07-28,South,billing,2,2,489,cust9971@example.com,billing issue reported,2026-07-28T23:45:00+05:30
2026-07-28,South,product_query,0,3,489,cust9363@example.com,product query issue reported,2026-07-28T23:45:00+05:30
2026-07-28,East,late_delivery,3,3,337,cust8165@example.com,Order dispatched late from the North hub; no update for three days.,2026-07-28T23:45:00+05:30
2026-07-28,East,damaged_item,1,1,337,cust8180@example.com,damaged item issue reported,2026-07-28T23:45:00+05:30
2026-07-28,East,billing,0,0,337,cust3958@example.com,billing issue reported,2026-07-28T23:45:00+05:30
2026-07-28,East,product_query,0,0,337,cust3365@example.com,product query issue reported,2026-07-28T23:45:00+05:30
2026-07-28,West,late_delivery,3,3,444,cust1408@example.com,Order dispatched late from the North hub; no update for three days.,2026-07-28T23:45:00+05:30
2026-07-28,West,damaged_item,3,3,444,cust7843@example.com,damaged item issue reported,2026-07-28T23:45:00+05:30
2026-07-28,West,billing,0,0,444,cust8185@example.com,billing issue reported,2026-07-28T23:45:00+05:30
2026-07-28,West,product_query,0,0,444,cust2651@example.com,product query issue reported,2026-07-28T23:45:00+05:30
2026-07-29,North,late_delivery,18,18,577,cust2038@example.com,Order dispatched late from the North hub; no update for three days.,2026-07-29T23:45:00+05:30
2026-07-29,North,damaged_item,0,0,577,cust9583@example.com,damaged item issue reported,2026-07-29T23:45:00+05:30
2026-07-29,North,billing,4,4,577,cust5643@example.com,billing issue reported,2026-07-29T23:45:00+05:30
2026-07-29,North,product_query,0,5,577,cust5724@example.com,product query issue reported,2026-07-29T23:45:00+05:30
2026-07-29,South,late_delivery,4,4,489,cust8874@example.com,Order dispatched late from the North hub; no update for three days.,2026-07-29T23:45:00+05:30
2026-07-29,South,damaged_item,4,4,489,cust7335@example.com,damaged item issue reported,2026-07-29T23:45:00+05:30
2026-07-30,South,billing,2,2,489,cust9728@example.com,billing issue reported,2026-07-29T23:45:00+05:30
2026-07-29,South,product_query,0,3,489,cust6650@example.com,product query issue reported,2026-07-29T23:45:00+05:30
2026-07-29,East,late_delivery,1,1,336,cust5895@example.com,Order dispatched late from the North hub; no update for three days.,2026-07-29T23:45:00+05:30
2026-07-29,East,damaged_item,1,1,336,cust7788@example.com,damaged item issue reported,2026-07-29T23:45:00+05:30
2026-07-29,East,billing,0,0,336,cust6583@example.com,billing issue reported,2026-07-29T23:45:00+05:30
2026-07-29,East,product_query,0,3,336,cust4344@example.com,product query issue reported,2026-07-29T23:45:00+05:30
2026-07-29,West,late_delivery,2,2,443,cust6609@example.com,Order dispatched late from the North hub; no update for three days.,2026-07-29T23:45:00+05:30
2026-07-29,West,damaged_item,2,2,443,cust8292@example.com,damaged item issue reported,2026-07-29T23:45:00+05:30
2026-07-29,West,billing,1,1,443,cust7873@example.com,billing issue reported,2026-07-29T23:45:00+05:30
2026-07-29,West,product_query,0,2,443,cust3385@example.com,product query issue reported,2026-07-29T23:45:00+05:30
2026-07-30,North,late_delivery,14,14,577,cust1904@example.com,Order dispatched late from the North hub; no update for three days.,2026-07-30T23:45:00+05:30
2026-07-30,North,damaged_item,2,2,577,cust8339@example.com,damaged item issue reported,2026-07-30T23:45:00+05:30
2026-07-30,North,billing,2,2,577,cust1285@example.com,billing issue reported,2026-07-30T23:45:00+05:30
2026-07-30,North,product_query,0,3,577,cust9167@example.com,product query issue reported,2026-07-30T23:45:00+05:30
2026-07-30,South,late_delivery,6,6,488,cust762@example.com,Order dispatched late from the North hub; no update for three days.,2026-07-30T23:45:00+05:30
2026-07-30,South,damaged_item,4,4,488,cust6819@example.com,damaged item issue reported,2026-07-30T23:45:00+05:30
2026-07-30,South,billing,1,1,488,cust1575@example.com,billing issue reported,2026-07-30T23:45:00+05:30
2026-07-31,South,product_query,0,0,488,cust4559@example.com,product query issue reported,2026-07-30T23:45:00+05:30
2026-07-30,East,late_delivery,1,1,336,cust5768@example.com,Order dispatched late from the North hub; no update for three days.,2026-07-30T23:45:00+05:30
2026-07-30,East,damaged_item,3,3,336,cust6985@example.com,damaged item issue reported,2026-07-30T23:45:00+05:30
2026-07-30,East,billing,1,1,336,cust8851@example.com,billing issue reported,2026-07-30T23:45:00+05:30
2026-07-30,East,product_query,0,2,336,cust4450@example.com,product query issue reported,2026-07-30T23:45:00+05:30
2026-07-30,West,late_delivery,2,2,443,cust5459@example.com,Order dispatched late from the North hub; no update for three days.,2026-07-30T23:45:00+05:30
2026-07-30,West,damaged_item,1,1,443,cust8945@example.com,damaged item issue reported,2026-07-30T23:45:00+05:30
2026-07-30,West,billing,0,0,443,cust323@example.com,billing issue reported,2026-07-30T23:45:00+05:30
2026-07-31,West,product_query,0,1,443,cust8020@example.com,product query issue reported,2026-07-30T23:45:00+05:30
2026-07-31,North,late_delivery,5,5,576,cust7679@example.com,Order dispatched late from the North hub; no update for three days.,2026-07-31T23:45:00+05:30
2026-07-31,North,damaged_item,5,5,576,cust5344@example.com,damaged item issue reported,2026-07-31T23:45:00+05:30
2026-07-31,North,billing,1,1,576,cust1482@example.com,billing issue reported,2026-07-31T23:45:00+05:30
2026-07-31,North,product_query,0,0,576,cust5448@example.com,product query issue reported,2026-07-31T23:45:00+05:30
2026-07-31,South,late_delivery,2,2,488,cust583@example.com,Order dispatched late from the North hub; no update for three days.,2026-07-31T23:45:00+05:30
2026-07-31,South,damaged_item,2,2,488,cust102@example.com,damaged item issue reported,2026-07-31T23:45:00+05:30
2026-07-31,South,billing,0,0,488,cust4560@example.com,billing issue reported,2026-07-31T23:45:00+05:30
2026-07-31,South,product_query,0,0,488,cust436@example.com,product query issue reported,2026-07-31T23:45:00+05:30
2026-07-31,East,late_delivery,3,3,336,cust1341@example.com,Order dispatched late from the North hub; no update for three days.,2026-07-31T23:45:00+05:30
2026-07-31,East,damaged_item,1,1,336,cust6522@example.com,damaged item issue reported,2026-07-31T23:45:00+05:30
2026-07-31,East,billing,3,3,336,cust4428@example.com,billing issue reported,2026-07-31T23:45:00+05:30
2026-07-31,East,product_query,0,1,336,cust8909@example.com,product query issue reported,2026-07-31T23:45:00+05:30
2026-07-31,West,late_delivery,2,2,443,cust793@example.com,Order dispatched late from the North hub; no update for three days.,2026-07-31T23:45:00+05:30
2026-07-31,West,damaged_item,1,1,443,cust1846@example.com,damaged item issue reported,2026-07-31T23:45:00+05:30
2026-07-31,West,billing,2,2,443,cust4803@example.com,billing issue reported,2026-07-31T23:45:00+05:30
2026-07-31,West,product_query,0,1,443,cust6550@example.com,product query issue reported,2026-07-31T23:45:00+05:30
2026-08-01,North,late_delivery,18,18,682,cust250@example.com,Order dispatched late from the North hub; no update for three days.,2026-08-01T23:45:00+05:30
2026-08-01,North,damaged_item,1,1,682,cust3307@example.com,damaged item issue reported,2026-08-01T23:45:00+05:30
2026-08-01,North,billing,3,3,682,cust4556@example.com,billing issue reported,2026-08-01T23:45:00+05:30
2026-08-02,North,product_query,0,1,682,cust528@example.com,product query issue reported,2026-08-01T23:45:00+05:30
2026-08-01,South,late_delivery,4,4,577,cust5467@example.com,Order dispatched late from the North hub; no update for three days.,2026-08-01T23:45:00+05:30
2026-08-01,South,damaged_item,2,2,577,cust6645@example.com,damaged item issue reported,2026-08-01T23:45:00+05:30
2026-08-01,South,billing,3,3,577,cust1288@example.com,billing issue reported,2026-08-01T23:45:00+05:30
2026-08-01,South,product_query,0,4,577,cust4032@example.com,product query issue reported,2026-08-01T23:45:00+05:30
2026-08-02,East,late_delivery,1,1,397,cust8165@example.com,Order dispatched late from the North hub; no update for three days.,2026-08-01T23:45:00+05:30
2026-08-01,East,damaged_item,0,0,397,cust3845@example.com,damaged item issue reported,2026-08-01T23:45:00+05:30
2026-08-01,East,billing,1,1,397,cust8972@example.com,billing issue reported,2026-08-01T23:45:00+05:30
2026-08-01,East,product_query,0,3,397,cust867@example.com,product query issue reported,2026-08-01T23:45:00+05:30
2026-08-01,West,late_delivery,3,3,524,cust4225@example.com,Order dispatched late from the North hub; no update for three days.,2026-08-01T23:45:00+05:30
2026-08-01,West,damaged_item,3,3,524,cust2092@example.com,damaged item issue reported,2026-08-01T23:45:00+05:30
2026-08-01,West,billing,2,2,524,cust8995@example.com,billing issue reported,2026-08-01T23:45:00+05:30
2026-08-01,West,product_query,0,3,524,cust7098@example.com,product query issue reported,2026-08-01T23:45:00+05:30
2026-08-02,North,late_delivery,10,10,681,cust8260@example.com,Order dispatched late from the North hub; no update for three days.,2026-08-02T23:45:00+05:30
2026-08-02,North,damaged_item,4,4,681,cust3833@example.com,damaged item issue reported,2026-08-02T23:45:00+05:30
2026-08-02,North,billing,1,1,681,cust2027@example.com,billing issue reported,2026-08-02T23:45:00+05:30
2026-08-03,North,product_query,0,3,681,cust1401@example.com,product query issue reported,2026-08-02T23:45:00+05:30
2026-08-02,South,late_delivery,3,3,577,cust3077@example.com,Order dispatched late from the North hub; no update for three days.,2026-08-02T23:45:00+05:30
2026-08-02,South,damaged_item,1,1,577,cust6991@example.com,damaged item issue reported,2026-08-02T23:45:00+05:30
2026-08-02,South,billing,2,2,577,cust3521@example.com,billing issue reported,2026-08-02T23:45:00+05:30
2026-08-02,South,product_query,0,4,577,cust1200@example.com,product query issue reported,2026-08-02T23:45:00+05:30
2026-08-02,East,late_delivery,1,1,397,cust417@example.com,Order dispatched late from the North hub; no update for three days.,2026-08-02T23:45:00+05:30
2026-08-02,East,damaged_item,2,2,397,cust6221@example.com,damaged item issue reported,2026-08-02T23:45:00+05:30
2026-08-02,East,billing,0,0,397,cust6159@example.com,billing issue reported,2026-08-02T23:45:00+05:30
2026-08-02,East,product_query,0,2,397,cust4710@example.com,product query issue reported,2026-08-02T23:45:00+05:30
2026-08-02,West,late_delivery,6,6,523,cust9788@example.com,Order dispatched late from the North hub; no update for three days.,2026-08-02T23:45:00+05:30
2026-08-02,West,damaged_item,1,1,523,cust4889@example.com,damaged item issue reported,2026-08-02T23:45:00+05:30
2026-08-02,West,billing,3,3,523,cust9394@example.com,billing issue reported,2026-08-02T23:45:00+05:30
2026-08-02,West,product_query,0,1,523,cust5910@example.com,product query issue reported,2026-08-02T23:45:00+05:30
2026-08-03,North,late_delivery,12,12,575,cust3801@example.com,Order dispatched late from the North hub; no update for three days.,2026-08-03T23:45:00+05:30
2026-08-03,North,damaged_item,3,3,575,cust930@example.com,damaged item issue reported,2026-08-03T23:45:00+05:30
2026-08-03,North,billing,1,1,575,cust2525@example.com,billing issue reported,2026-08-03T23:45:00+05:30
2026-08-03,North,product_query,0,2,575,cust2188@example.com,product query issue reported,2026-08-03T23:45:00+05:30
2026-08-04,South,late_delivery,1,1,487,cust9424@example.com,Order dispatched late from the North hub; no update for three days.,2026-08-03T23:45:00+05:30
2026-08-03,South,damaged_item,2,2,487,cust4873@example.com,damaged item issue reported,2026-08-03T23:45:00+05:30
2026-08-03,South,billing,1,1,487,cust4986@example.com,billing issue reported,2026-08-03T23:45:00+05:30
2026-08-03,South,product_query,0,6,487,cust760@example.com,product query issue reported,2026-08-03T23:45:00+05:30
2026-08-03,East,late_delivery,1,1,335,cust1738@example.com,Order dispatched late from the North hub; no update for three days.,2026-08-03T23:45:00+05:30
2026-08-03,East,damaged_item,1,1,335,cust2039@example.com,damaged item issue reported,2026-08-03T23:45:00+05:30
2026-08-03,East,billing,0,0,335,cust1983@example.com,billing issue reported,2026-08-03T23:45:00+05:30
2026-08-03,East,product_query,0,3,335,cust5634@example.com,product query issue reported,2026-08-03T23:45:00+05:30
2026-08-03,West,late_delivery,1,1,442,cust5076@example.com,Order dispatched late from the North hub; no update for three days.,2026-08-03T23:45:00+05:30
2026-08-03,West,damaged_item,1,1,442,cust1976@example.com,damaged item issue reported,2026-08-03T23:45:00+05:30
2026-08-03,West,billing,2,2,442,cust2163@example.com,billing issue reported,2026-08-03T23:45:00+05:30
2026-08-03,West,product_query,0,1,442,cust4120@example.com,product query issue reported,2026-08-03T23:45:00+05:30
2026-08-04,North,late_delivery,13,13,574,cust504@example.com,Order dispatched late from the North hub; no update for three days.,2026-08-04T23:45:00+05:30
2026-08-04,North,damaged_item,3,3,574,cust9972@example.com,damaged item issue reported,2026-08-04T23:45:00+05:30
2026-08-04,North,billing,1,1,574,cust3909@example.com,billing issue reported,2026-08-04T23:45:00+05:30
2026-08-04,North,product_query,0,3,574,cust6872@example.com,product query issue reported,2026-08-04T23:45:00+05:30
2026-08-04,South,late_delivery,0,0,487,cust7977@example.com,Order dispatched late from the North hub; no update for three days.,2026-08-04T23:45:00+05:30
2026-08-04,South,damaged_item,2,2,487,cust5751@example.com,damaged item issue reported,2026-08-04T23:45:00+05:30
2026-08-04,South,billing,1,1,487,cust2356@example.com,billing issue reported,2026-08-04T23:45:00+05:30
2026-08-04,South,product_query,0,3,487,cust6587@example.com,product query issue reported,2026-08-04T23:45:00+05:30
2026-08-04,East,late_delivery,0,0,335,cust120@example.com,Order dispatched late from the North hub; no update for three days.,2026-08-04T23:45:00+05:30
2026-08-04,East,damaged_item,1,1,335,cust5662@example.com,damaged item issue reported,2026-08-04T23:45:00+05:30
2026-08-04,East,billing,0,0,335,cust3259@example.com,billing issue reported,2026-08-04T23:45:00+05:30
2026-08-04,East,product_query,0,0,335,cust7262@example.com,product query issue reported,2026-08-04T23:45:00+05:30
2026-08-04,West,late_delivery,3,3,441,cust3712@example.com,Order dispatched late from the North hub; no update for three days.,2026-08-04T23:45:00+05:30
2026-08-04,West,damaged_item,1,1,441,cust3713@example.com,damaged item issue reported,2026-08-04T23:45:00+05:30
2026-08-04,West,billing,1,1,441,cust8706@example.com,billing issue reported,2026-08-04T23:45:00+05:30
2026-08-04,West,product_query,0,1,441,cust8133@example.com,product query issue reported,2026-08-04T23:45:00+05:30
2026-08-05,North,late_delivery,17,17,574,cust5687@example.com,Order dispatched late from the North hub; no update for three days.,2026-08-05T23:45:00+05:30
2026-08-05,North,damaged_item,3,3,574,cust7805@example.com,damaged item issue reported,2026-08-05T23:45:00+05:30
2026-08-05,North,billing,0,0,574,cust5204@example.com,billing issue reported,2026-08-05T23:45:00+05:30
2026-08-05,North,product_query,0,3,574,cust4902@example.com,product query issue reported,2026-08-05T23:45:00+05:30
2026-08-05,South,late_delivery,2,2,486,cust7518@example.com,Order dispatched late from the North hub; no update for three days.,2026-08-05T23:45:00+05:30
2026-08-05,South,damaged_item,2,2,486,cust2787@example.com,damaged item issue reported,2026-08-05T23:45:00+05:30
2026-08-05,South,billing,0,0,486,cust5989@example.com,billing issue reported,2026-08-05T23:45:00+05:30
2026-08-05,South,product_query,0,3,486,cust1494@example.com,product query issue reported,2026-08-05T23:45:00+05:30
2026-08-05,East,late_delivery,1,1,335,cust3274@example.com,Order dispatched late from the North hub; no update for three days.,2026-08-05T23:45:00+05:30
2026-08-05,East,damaged_item,0,0,335,cust9222@example.com,damaged item issue reported,2026-08-05T23:45:00+05:30
2026-08-05,East,billing,0,0,335,cust7107@example.com,billing issue reported,2026-08-05T23:45:00+05:30
2026-08-05,East,product_query,0,2,335,cust3333@example.com,product query issue reported,2026-08-05T23:45:00+05:30
2026-08-05,West,late_delivery,1,1,441,cust6502@example.com,Order dispatched late from the North hub; no update for three days.,2026-08-05T23:45:00+05:30
2026-08-05,West,damaged_item,0,0,441,cust1348@example.com,damaged item issue reported,2026-08-05T23:45:00+05:30
2026-08-05,West,billing,2,2,441,cust3304@example.com,billing issue reported,2026-08-05T23:45:00+05:30
2026-08-05,West,product_query,0,4,441,cust3854@example.com,product query issue reported,2026-08-05T23:45:00+05:30
2026-08-07,North,late_delivery,21,21,574,cust8806@example.com,Order dispatched late from the North hub; no update for three days.,2026-08-06T23:45:00+05:30
2026-08-06,North,damaged_item,3,3,574,cust7408@example.com,damaged item issue reported,2026-08-06T23:45:00+05:30
2026-08-06,North,billing,2,2,574,cust9960@example.com,billing issue reported,2026-08-06T23:45:00+05:30
2026-08-06,North,product_query,0,5,574,cust6239@example.com,product query issue reported,2026-08-06T23:45:00+05:30
2026-08-06,South,late_delivery,7,7,486,cust9757@example.com,Order dispatched late from the North hub; no update for three days.,2026-08-06T23:45:00+05:30
2026-08-06,South,damaged_item,0,0,486,cust1668@example.com,damaged item issue reported,2026-08-06T23:45:00+05:30
2026-08-06,South,billing,1,1,486,cust138@example.com,billing issue reported,2026-08-06T23:45:00+05:30
2026-08-06,South,product_query,0,3,486,cust2159@example.com,product query issue reported,2026-08-06T23:45:00+05:30
2026-08-06,East,late_delivery,3,3,334,cust7843@example.com,Order dispatched late from the North hub; no update for three days.,2026-08-06T23:45:00+05:30
2026-08-06,East,damaged_item,1,1,334,cust7856@example.com,damaged item issue reported,2026-08-06T23:45:00+05:30
2026-08-06,East,billing,0,0,334,cust9205@example.com,billing issue reported,2026-08-06T23:45:00+05:30
2026-08-06,East,product_query,0,3,334,cust3977@example.com,product query issue reported,2026-08-06T23:45:00+05:30
2026-08-06,West,late_delivery,4,4,441,cust1541@example.com,Order dispatched late from the North hub; no update for three days.,2026-08-06T23:45:00+05:30
2026-08-06,West,damaged_item,1,1,441,cust9882@example.com,damaged item issue reported,2026-08-06T23:45:00+05:30
2026-08-06,West,billing,1,1,441,cust8164@example.com,billing issue reported,2026-08-06T23:45:00+05:30
2026-08-06,West,product_query,0,3,441,cust7998@example.com,product query issue reported,2026-08-06T23:45:00+05:30
2026-08-07,North,late_delivery,9,9,573,cust4043@example.com,Order dispatched late from the North hub; no update for three days.,2026-08-07T23:45:00+05:30
2026-08-07,North,damaged_item,1,1,573,cust711@example.com,damaged item issue reported,2026-08-07T23:45:00+05:30
2026-08-07,North,billing,1,1,573,cust4326@example.com,billing issue reported,2026-08-07T23:45:00+05:30
2026-08-07,North,product_query,0,4,573,cust1515@example.com,product query issue reported,2026-08-07T23:45:00+05:30
2026-08-07,South,late_delivery,3,3,486,cust4292@example.com,Order dispatched late from the North hub; no update for three days.,2026-08-07T23:45:00+05:30
2026-08-07,South,damaged_item,0,0,486,cust8867@example.com,damaged item issue reported,2026-08-07T23:45:00+05:30
2026-08-07,South,billing,3,3,486,cust7616@example.com,billing issue reported,2026-08-07T23:45:00+05:30
2026-08-07,South,product_query,0,1,486,cust4830@example.com,product query issue reported,2026-08-07T23:45:00+05:30
2026-08-07,East,late_delivery,1,1,334,cust3@example.com,Order dispatched late from the North hub; no update for three days.,2026-08-07T23:45:00+05:30
2026-08-07,East,damaged_item,1,1,334,cust7088@example.com,damaged item issue reported,2026-08-07T23:45:00+05:30
2026-08-07,East,billing,0,0,334,cust9861@example.com,billing issue reported,2026-08-07T23:45:00+05:30
2026-08-07,East,product_query,0,2,334,cust3864@example.com,product query issue reported,2026-08-07T23:45:00+05:30
2026-08-07,West,late_delivery,5,5,440,cust5874@example.com,Order dispatched late from the North hub; no update for three days.,2026-08-07T23:45:00+05:30
2026-08-07,West,damaged_item,0,0,440,cust558@example.com,damaged item issue reported,2026-08-07T23:45:00+05:30
2026-08-07,West,billing,4,4,440,cust365@example.com,billing issue reported,2026-08-07T23:45:00+05:30
2026-08-07,West,product_query,0,2,440,cust7389@example.com,product query issue reported,2026-08-07T23:45:00+05:30
2026-08-08,North,late_delivery,10,10,678,cust9937@example.com,Order dispatched late from the North hub; no update for three days.,2026-08-08T23:45:00+05:30
2026-08-08,North,damaged_item,5,5,678,cust2348@example.com,damaged item issue reported,2026-08-08T23:45:00+05:30
2026-08-08,North,billing,1,1,678,cust5751@example.com,billing issue reported,2026-08-08T23:45:00+05:30
2026-08-08,North,product_query,0,3,678,cust9968@example.com,product query issue reported,2026-08-08T23:45:00+05:30
2026-08-08,South,late_delivery,3,3,574,cust7278@example.com,Order dispatched late from the North hub; no update for three days.,2026-08-08T23:45:00+05:30
2026-08-08,South,damaged_item,1,1,574,cust7859@example.com,damaged item issue reported,2026-08-08T23:45:00+05:30
2026-08-08,South,billing,1,1,574,cust9598@example.com,billing issue reported,2026-08-08T23:45:00+05:30
2026-08-08,South,product_query,0,0,574,cust407@example.com,product query issue reported,2026-08-08T23:45:00+05:30
2026-08-08,East,late_delivery,1,1,395,cust8164@example.com,Order dispatched late from the North hub; no update for three days.,2026-08-08T23:45:00+05:30
2026-08-08,East,damaged_item,1,1,395,cust6269@example.com,damaged item issue reported,2026-08-08T23:45:00+05:30
2026-08-08,East,billing,1,1,395,cust9878@example.com,billing issue reported,2026-08-08T23:45:00+05:30
2026-08-08,East,product_query,0,4,395,cust5112@example.com,product query issue reported,2026-08-08T23:45:00+05:30
2026-08-08,West,late_delivery,5,5,521,cust2237@example.com,Order dispatched late from the North hub; no update for three days.,2026-08-08T23:45:00+05:30
2026-08-08,West,damaged_item,1,1,521,cust2655@example.com,damaged item issue reported,2026-08-08T23:45:00+05:30
2026-08-08,West,billing,1,1,521,cust4451@example.com,billing issue reported,2026-08-08T23:45:00+05:30
2026-08-08,West,product_query,0,0,521,cust5714@example.com,product query issue reported,2026-08-08T23:45:00+05:30
2026-08-09,North,late_delivery,17,17,677,cust5192@example.com,Order dispatched late from the North hub; no update for three days.,2026-08-09T23:45:00+05:30
2026-08-09,North,damaged_item,1,1,677,cust584@example.com,damaged item issue reported,2026-08-09T23:45:00+05:30
2026-08-09,North,billing,2,2,677,cust5316@example.com,billing issue reported,2026-08-09T23:45:00+05:30
2026-08-09,North,product_query,0,4,677,cust8647@example.com,product query issue reported,2026-08-09T23:45:00+05:30
2026-08-09,South,late_delivery,3,3,574,cust734@example.com,Order dispatched late from the North hub; no update for three days.,2026-08-09T23:45:00+05:30
2026-08-09,South,damaged_item,2,2,574,cust7253@example.com,damaged item issue reported,2026-08-09T23:45:00+05:30
2026-08-09,South,billing,0,0,574,cust5661@example.com,billing issue reported,2026-08-09T23:45:00+05:30
2026-08-09,South,product_query,0,1,574,cust6153@example.com,product query issue reported,2026-08-09T23:45:00+05:30
2026-08-09,East,late_delivery,1,1,395,cust9911@example.com,Order dispatched late from the North hub; no update for three days.,2026-08-09T23:45:00+05:30
2026-08-09,East,damaged_item,5,5,395,cust1679@example.com,damaged item issue reported,2026-08-09T23:45:00+05:30
2026-08-09,East,billing,0,0,395,cust7126@example.com,billing issue reported,2026-08-09T23:45:00+05:30
2026-08-09,East,product_query,0,2,395,cust6513@example.com,product query issue reported,2026-08-09T23:45:00+05:30
2026-08-09,West,late_delivery,3,3,521,cust4428@example.com,Order dispatched late from the North hub; no update for three days.,2026-08-09T23:45:00+05:30
2026-08-09,West,damaged_item,0,0,521,cust4393@example.com,damaged item issue reported,2026-08-09T23:45:00+05:30
2026-08-09,West,billing,1,1,521,cust5020@example.com,billing issue reported,2026-08-09T23:45:00+05:30
2026-08-09,West,product_query,0,3,521,cust7504@example.com,product query issue reported,2026-08-09T23:45:00+05:30
2026-08-10,North,late_delivery,18,18,572,cust933@example.com,Order dispatched late from the North hub; no update for three days.,2026-08-10T23:45:00+05:30
2026-08-10,North,damaged_item,1,1,572,cust4455@example.com,damaged item issue reported,2026-08-10T23:45:00+05:30
2026-08-10,North,billing,0,0,572,cust3501@example.com,billing issue reported,2026-08-10T23:45:00+05:30
2026-08-10,North,product_query,0,4,572,cust7650@example.com,product query issue reported,2026-08-10T23:45:00+05:30
2026-08-10,South,late_delivery,0,0,484,cust1699@example.com,Order dispatched late from the North hub; no update for three days.,2026-08-10T23:45:00+05:30
2026-08-10,South,damaged_item,1,1,484,cust6100@example.com,damaged item issue reported,2026-08-10T23:45:00+05:30
2026-08-10,South,billing,3,3,484,cust5631@example.com,billing issue reported,2026-08-10T23:45:00+05:30
2026-08-10,South,product_query,0,3,484,cust4551@example.com,product query issue reported,2026-08-10T23:45:00+05:30
2026-08-10,East,late_delivery,2,2,333,cust2769@example.com,Order dispatched late from the North hub; no update for three days.,2026-08-10T23:45:00+05:30
2026-08-10,East,damaged_item,4,4,333,cust8635@example.com,damaged item issue reported,2026-08-10T23:45:00+05:30
2026-08-10,East,billing,1,1,333,cust5336@example.com,billing issue reported,2026-08-10T23:45:00+05:30
2026-08-10,East,product_query,0,1,333,cust5802@example.com,product query issue reported,2026-08-10T23:45:00+05:30
2026-08-10,West,late_delivery,3,3,439,cust1730@example.com,Order dispatched late from the North hub; no update for three days.,2026-08-10T23:45:00+05:30
2026-08-10,West,damaged_item,1,1,439,cust806@example.com,damaged item issue reported,2026-08-10T23:45:00+05:30
2026-08-10,West,billing,2,2,439,cust2756@example.com,billing issue reported,2026-08-10T23:45:00+05:30
2026-08-10,West,product_query,0,0,439,cust321@example.com,product query issue reported,2026-08-10T23:45:00+05:30
2026-08-11,North,late_delivery,12,12,674,cust9505@example.com,Order dispatched late from the North hub; no update for three days.,2026-08-11T23:45:00+05:30
2026-08-11,North,damaged_item,1,1,674,cust2790@example.com,damaged item issue reported,2026-08-11T23:45:00+05:30
2026-08-11,North,billing,0,0,674,cust4169@example.com,billing issue reported,2026-08-11T23:45:00+05:30
2026-08-11,North,product_query,0,5,674,cust1686@example.com,product query issue reported,2026-08-11T23:45:00+05:30
2026-08-11,South,late_delivery,2,2,571,cust9125@example.com,Order dispatched late from the North hub; no update for three days.,2026-08-11T23:45:00+05:30
2026-08-11,South,damaged_item,2,2,571,cust2603@example.com,damaged item issue reported,2026-08-11T23:45:00+05:30
2026-08-11,South,billing,4,4,571,cust8733@example.com,billing issue reported,2026-08-11T23:45:00+05:30
2026-08-11,South,product_query,0,1,571,cust6887@example.com,product query issue reported,2026-08-11T23:45:00+05:30
2026-08-11,East,late_delivery,3,3,393,cust2943@example.com,Order dispatched late from the North hub; no update for three days.,2026-08-11T23:45:00+05:30
2026-08-11,East,damaged_item,2,2,393,cust8651@example.com,damaged item issue reported,2026-08-11T23:45:00+05:30
2026-08-11,East,billing,1,1,393,cust278@example.com,billing issue reported,2026-08-11T23:45:00+05:30
2026-08-11,East,product_query,0,1,393,cust6860@example.com,product query issue reported,2026-08-11T23:45:00+05:30
2026-08-11,West,late_delivery,4,4,518,cust706@example.com,Order dispatched late from the North hub; no update for three days.,2026-08-11T23:45:00+05:30
2026-08-11,West,damaged_item,1,1,518,cust3921@example.com,damaged item issue reported,2026-08-11T23:45:00+05:30
2026-08-11,West,billing,0,0,518,cust4745@example.com,billing issue reported,2026-08-11T23:45:00+05:30
2026-08-11,West,product_query,0,3,518,cust4556@example.com,product query issue reported,2026-08-11T23:45:00+05:30
2026-08-12,North,late_delivery,21,21,674,cust56@example.com,Order dispatched late from the North hub; no update for three days.,2026-08-12T23:45:00+05:30
2026-08-12,North,damaged_item,3,3,674,cust5215@example.com,damaged item issue reported,2026-08-12T23:45:00+05:30
2026-08-12,North,billing,1,1,674,cust7034@example.com,billing issue reported,2026-08-12T23:45:00+05:30
2026-08-12,North,product_query,0,4,674,cust750@example.com,product query issue reported,2026-08-12T23:45:00+05:30
2026-08-12,South,late_delivery,3,3,571,cust1978@example.com,Order dispatched late from the North hub; no update for three days.,2026-08-12T23:45:00+05:30
2026-08-12,South,damaged_item,1,1,571,cust6318@example.com,damaged item issue reported,2026-08-12T23:45:00+05:30
2026-08-12,South,billing,1,1,571,cust7902@example.com,billing issue reported,2026-08-12T23:45:00+05:30
2026-08-12,South,product_query,0,2,571,cust8475@example.com,product query issue reported,2026-08-12T23:45:00+05:30
2026-08-12,East,late_delivery,2,2,393,cust5462@example.com,Order dispatched late from the North hub; no update for three days.,2026-08-12T23:45:00+05:30
2026-08-12,East,damaged_item,1,1,393,cust9546@example.com,damaged item issue reported,2026-08-12T23:45:00+05:30
2026-08-12,East,billing,0,0,393,cust730@example.com,billing issue reported,2026-08-12T23:45:00+05:30
2026-08-12,East,product_query,0,4,393,cust3876@example.com,product query issue reported,2026-08-12T23:45:00+05:30
2026-08-12,West,late_delivery,2,2,518,cust2233@example.com,Order dispatched late from the North hub; no update for three days.,2026-08-12T23:45:00+05:30
2026-08-12,West,damaged_item,4,4,518,cust4398@example.com,damaged item issue reported,2026-08-12T23:45:00+05:30
2026-08-12,West,billing,3,3,518,cust3273@example.com,billing issue reported,2026-08-12T23:45:00+05:30
2026-08-12,West,product_query,0,2,518,cust7900@example.com,product query issue reported,2026-08-12T23:45:00+05:30
2026-08-13,North,late_delivery,13,13,673,cust689@example.com,Order dispatched late from the North hub; no update for three days.,2026-08-13T23:45:00+05:30
2026-08-13,North,damaged_item,1,1,673,cust7317@example.com,damaged item issue reported,2026-08-13T23:45:00+05:30
2026-08-13,North,billing,4,4,673,cust3054@example.com,billing issue reported,2026-08-13T23:45:00+05:30
2026-08-13,North,product_query,0,5,673,cust2071@example.com,product query issue reported,2026-08-13T23:45:00+05:30
2026-08-13,South,late_delivery,4,4,570,cust1526@example.com,Order dispatched late from the North hub; no update for three days.,2026-08-13T23:45:00+05:30
2026-08-13,South,damaged_item,3,3,570,cust245@example.com,damaged item issue reported,2026-08-13T23:45:00+05:30
2026-08-13,South,billing,0,0,570,cust4912@example.com,billing issue reported,2026-08-13T23:45:00+05:30
2026-08-13,South,product_query,0,5,570,cust8666@example.com,product query issue reported,2026-08-13T23:45:00+05:30
2026-08-13,East,late_delivery,4,4,393,cust5954@example.com,Order dispatched late from the North hub; no update for three days.,2026-08-13T23:45:00+05:30
2026-08-13,East,damaged_item,4,4,393,cust7156@example.com,damaged item issue reported,2026-08-13T23:45:00+05:30
2026-08-13,East,billing,1,1,393,cust7436@example.com,billing issue reported,2026-08-13T23:45:00+05:30
2026-08-13,East,product_query,0,0,393,cust2068@example.com,product query issue reported,2026-08-13T23:45:00+05:30
2026-08-13,West,late_delivery,6,6,517,cust4406@example.com,Order dispatched late from the North hub; no update for three days.,2026-08-13T23:45:00+05:30
2026-08-13,West,damaged_item,1,1,517,cust6879@example.com,damaged item issue reported,2026-08-13T23:45:00+05:30
2026-08-13,West,billing,1,1,517,cust5951@example.com,billing issue reported,2026-08-13T23:45:00+05:30
2026-08-13,West,product_query,0,3,517,cust6474@example.com,product query issue reported,2026-08-13T23:45:00+05:30
2026-08-14,North,late_delivery,19,19,673,cust8749@example.com,Order dispatched late from the North hub; no update for three days.,2026-08-14T23:45:00+05:30
2026-08-14,North,damaged_item,3,3,673,cust5895@example.com,damaged item issue reported,2026-08-14T23:45:00+05:30
2026-08-14,North,billing,1,1,673,cust3137@example.com,billing issue reported,2026-08-14T23:45:00+05:30
2026-08-14,North,product_query,0,1,673,cust1260@example.com,product query issue reported,2026-08-14T23:45:00+05:30
2026-08-14,South,late_delivery,5,5,570,cust268@example.com,Order dispatched late from the North hub; no update for three days.,2026-08-14T23:45:00+05:30
2026-08-14,South,damaged_item,0,0,570,cust9575@example.com,damaged item issue reported,2026-08-14T23:45:00+05:30
2026-08-14,South,billing,1,1,570,cust6527@example.com,billing issue reported,2026-08-14T23:45:00+05:30
2026-08-15,South,product_query,0,0,570,cust6626@example.com,product query issue reported,2026-08-14T23:45:00+05:30
2026-08-14,East,late_delivery,6,6,392,cust2354@example.com,Order dispatched late from the North hub; no update for three days.,2026-08-14T23:45:00+05:30
2026-08-14,East,damaged_item,1,1,392,cust5317@example.com,damaged item issue reported,2026-08-14T23:45:00+05:30
2026-08-14,East,billing,0,0,392,cust1684@example.com,billing issue reported,2026-08-14T23:45:00+05:30
2026-08-14,East,product_query,0,2,392,cust3@example.com,product query issue reported,2026-08-14T23:45:00+05:30
2026-08-14,West,late_delivery,2,2,517,cust2149@example.com,Order dispatched late from the North hub; no update for three days.,2026-08-14T23:45:00+05:30
2026-08-14,West,damaged_item,2,2,517,cust5350@example.com,damaged item issue reported,2026-08-14T23:45:00+05:30
2026-08-14,West,billing,3,3,517,cust7496@example.com,billing issue reported,2026-08-14T23:45:00+05:30
2026-08-14,West,product_query,0,2,517,cust7973@example.com,product query issue reported,2026-08-14T23:45:00+05:30
2026-08-15,North,late_delivery,17,17,971,cust45@example.com,Order dispatched late from the North hub; no update for three days.,2026-08-15T23:45:00+05:30
2026-08-15,North,damaged_item,5,5,971,cust5850@example.com,damaged item issue reported,2026-08-15T23:45:00+05:30
2026-08-15,North,billing,0,0,971,cust1882@example.com,billing issue reported,2026-08-15T23:45:00+05:30
2026-08-15,North,product_query,0,2,971,cust3508@example.com,product query issue reported,2026-08-15T23:45:00+05:30
2026-08-15,South,late_delivery,8,8,823,cust9917@example.com,Order dispatched late from the North hub; no update for three days.,2026-08-15T23:45:00+05:30
2026-08-15,South,damaged_item,2,2,823,cust3219@example.com,damaged item issue reported,2026-08-15T23:45:00+05:30
2026-08-15,South,billing,1,1,823,cust1414@example.com,billing issue reported,2026-08-15T23:45:00+05:30
2026-08-15,South,product_query,0,2,823,cust5717@example.com,product query issue reported,2026-08-15T23:45:00+05:30
2026-08-15,East,late_delivery,2,2,566,cust8483@example.com,Order dispatched late from the North hub; no update for three days.,2026-08-15T23:45:00+05:30
2026-08-15,East,damaged_item,2,2,566,cust643@example.com,damaged item issue reported,2026-08-15T23:45:00+05:30
2026-08-15,East,billing,4,4,566,cust3017@example.com,billing issue reported,2026-08-15T23:45:00+05:30
2026-08-15,East,product_query,0,4,566,cust4171@example.com,product query issue reported,2026-08-15T23:45:00+05:30
2026-08-15,West,late_delivery,5,5,746,cust3614@example.com,Order dispatched late from the North hub; no update for three days.,2026-08-15T23:45:00+05:30
2026-08-15,West,damaged_item,1,1,746,cust5951@example.com,damaged item issue reported,2026-08-15T23:45:00+05:30
2026-08-15,West,billing,2,2,746,cust1883@example.com,billing issue reported,2026-08-15T23:45:00+05:30
2026-08-15,West,product_query,0,7,746,cust2743@example.com,product query issue reported,2026-08-15T23:45:00+05:30
2026-08-16,North,late_delivery,26,26,795,cust629@example.com,Order dispatched late from the North hub; no update for three days.,2026-08-16T23:45:00+05:30
2026-08-16,North,damaged_item,1,1,795,cust8661@example.com,damaged item issue reported,2026-08-16T23:45:00+05:30
2026-08-16,North,billing,0,0,795,cust7958@example.com,billing issue reported,2026-08-16T23:45:00+05:30
2026-08-17,North,product_query,0,6,795,cust3343@example.com,product query issue reported,2026-08-16T23:45:00+05:30
2026-08-16,South,late_delivery,7,7,674,cust6362@example.com,Order dispatched late from the North hub; no update for three days.,2026-08-16T23:45:00+05:30
2026-08-16,South,damaged_item,3,3,674,cust3088@example.com,damaged item issue reported,2026-08-16T23:45:00+05:30
2026-08-16,South,billing,3,3,674,cust179@example.com,billing issue reported,2026-08-16T23:45:00+05:30
2026-08-16,South,product_query,0,3,674,cust9854@example.com,product query issue reported,2026-08-16T23:45:00+05:30
2026-08-16,East,late_delivery,5,5,464,cust9107@example.com,Order dispatched late from the North hub; no update for three days.,2026-08-16T23:45:00+05:30
2026-08-16,East,damaged_item,0,0,464,cust8914@example.com,damaged item issue reported,2026-08-16T23:45:00+05:30
2026-08-16,East,billing,2,2,464,cust6880@example.com,billing issue reported,2026-08-16T23:45:00+05:30
2026-08-16,East,product_query,0,5,464,cust7961@example.com,product query issue reported,2026-08-16T23:45:00+05:30
2026-08-16,West,late_delivery,12,12,611,cust473@example.com,Order dispatched late from the North hub; no update for three days.,2026-08-16T23:45:00+05:30
2026-08-16,West,damaged_item,2,2,611,cust461@example.com,damaged item issue reported,2026-08-16T23:45:00+05:30
2026-08-16,West,billing,0,0,611,cust7387@example.com,billing issue reported,2026-08-16T23:45:00+05:30
2026-08-16,West,product_query,0,6,611,cust5203@example.com,product query issue reported,2026-08-16T23:45:00+05:30
2026-08-17,North,late_delivery,14,14,671,cust5495@example.com,Order dispatched late from the North hub; no update for three days.,2026-08-17T23:45:00+05:30
2026-08-17,North,damaged_item,3,3,671,cust653@example.com,damaged item issue reported,2026-08-17T23:45:00+05:30
2026-08-17,North,billing,2,2,671,cust5906@example.com,billing issue reported,2026-08-17T23:45:00+05:30
2026-08-17,North,product_query,0,3,671,cust1239@example.com,product query issue reported,2026-08-17T23:45:00+05:30
2026-08-17,South,late_delivery,4,4,569,cust994@example.com,Order dispatched late from the North hub; no update for three days.,2026-08-17T23:45:00+05:30
2026-08-17,South,damaged_item,2,2,569,cust6833@example.com,damaged item issue reported,2026-08-17T23:45:00+05:30
2026-08-17,South,billing,0,0,569,cust7808@example.com,billing issue reported,2026-08-17T23:45:00+05:30
2026-08-17,South,product_query,0,1,569,cust88@example.com,product query issue reported,2026-08-17T23:45:00+05:30
2026-08-17,East,late_delivery,2,2,391,cust5033@example.com,Order dispatched late from the North hub; no update for three days.,2026-08-17T23:45:00+05:30
2026-08-17,East,damaged_item,0,0,391,cust7663@example.com,damaged item issue reported,2026-08-17T23:45:00+05:30
2026-08-17,East,billing,1,1,391,cust1066@example.com,billing issue reported,2026-08-17T23:45:00+05:30
2026-08-17,East,product_query,0,2,391,cust4721@example.com,product query issue reported,2026-08-17T23:45:00+05:30
2026-08-17,West,late_delivery,3,3,516,cust8974@example.com,Order dispatched late from the North hub; no update for three days.,2026-08-17T23:45:00+05:30
2026-08-17,West,damaged_item,2,2,516,cust8321@example.com,damaged item issue reported,2026-08-17T23:45:00+05:30
2026-08-17,West,billing,0,0,516,cust5218@example.com,billing issue reported,2026-08-17T23:45:00+05:30
2026-08-17,West,product_query,0,0,516,cust6853@example.com,product query issue reported,2026-08-17T23:45:00+05:30
2026-08-18,North,late_delivery,12,12,568,cust5500@example.com,Order dispatched late from the North hub; no update for three days.,2026-08-18T23:45:00+05:30
2026-08-18,North,damaged_item,5,5,568,cust5155@example.com,damaged item issue reported,2026-08-18T23:45:00+05:30
2026-08-18,North,billing,2,2,568,cust4615@example.com,billing issue reported,2026-08-18T23:45:00+05:30
2026-08-18,North,product_query,0,6,568,cust593@example.com,product query issue reported,2026-08-18T23:45:00+05:30
2026-08-18,South,late_delivery,2,2,481,cust1800@example.com,Order dispatched late from the North hub; no update for three days.,2026-08-18T23:45:00+05:30
2026-08-18,South,damaged_item,2,2,481,cust4167@example.com,damaged item issue reported,2026-08-18T23:45:00+05:30
2026-08-18,South,billing,2,2,481,cust6212@example.com,billing issue reported,2026-08-18T23:45:00+05:30
2026-08-18,South,product_query,0,1,481,cust4922@example.com,product query issue reported,2026-08-18T23:45:00+05:30
2026-08-18,East,late_delivery,0,0,331,cust4198@example.com,Order dispatched late from the North hub; no update for three days.,2026-08-18T23:45:00+05:30
2026-08-18,East,damaged_item,1,1,331,cust238@example.com,damaged item issue reported,2026-08-18T23:45:00+05:30
2026-08-18,East,billing,0,0,331,cust7707@example.com,billing issue reported,2026-08-18T23:45:00+05:30
2026-08-18,East,product_query,0,0,331,cust7567@example.com,product query issue reported,2026-08-18T23:45:00+05:30
2026-08-18,West,late_delivery,6,6,437,cust809@example.com,Order dispatched late from the North hub; no update for three days.,2026-08-18T23:45:00+05:30
2026-08-18,West,damaged_item,0,0,437,cust689@example.com,damaged item issue reported,2026-08-18T23:45:00+05:30
2026-08-18,West,billing,0,0,437,cust4901@example.com,billing issue reported,2026-08-18T23:45:00+05:30
2026-08-18,West,product_query,0,3,437,cust5695@example.com,product query issue reported,2026-08-18T23:45:00+05:30
2026-08-19,North,late_delivery,11,11,568,cust7838@example.com,Order dispatched late from the North hub; no update for three days.,2026-08-19T23:45:00+05:30
2026-08-19,North,damaged_item,1,1,568,cust1868@example.com,damaged item issue reported,2026-08-19T23:45:00+05:30
2026-08-19,North,billing,1,1,568,cust3052@example.com,billing issue reported,2026-08-19T23:45:00+05:30
2026-08-19,North,product_query,0,2,568,cust265@example.com,product query issue reported,2026-08-19T23:45:00+05:30
2026-08-19,South,late_delivery,3,3,481,cust6759@example.com,Order dispatched late from the North hub; no update for three days.,2026-08-19T23:45:00+05:30
2026-08-19,South,damaged_item,1,1,481,cust7624@example.com,damaged item issue reported,2026-08-19T23:45:00+05:30
2026-08-19,South,billing,0,0,481,cust3123@example.com,billing issue reported,2026-08-19T23:45:00+05:30
2026-08-19,South,product_query,0,1,481,cust8590@example.com,product query issue reported,2026-08-19T23:45:00+05:30
2026-08-19,East,late_delivery,3,3,331,cust1631@example.com,Order dispatched late from the North hub; no update for three days.,2026-08-19T23:45:00+05:30
2026-08-19,East,damaged_item,1,1,331,cust1357@example.com,damaged item issue reported,2026-08-19T23:45:00+05:30
2026-08-19,East,billing,1,1,331,cust1995@example.com,billing issue reported,2026-08-19T23:45:00+05:30
2026-08-19,East,product_query,0,3,331,cust5050@example.com,product query issue reported,2026-08-19T23:45:00+05:30
2026-08-19,West,late_delivery,2,2,436,cust9513@example.com,Order dispatched late from the North hub; no update for three days.,2026-08-19T23:45:00+05:30
2026-08-19,West,damaged_item,1,1,436,cust1655@example.com,damaged item issue reported,2026-08-19T23:45:00+05:30
2026-08-19,West,billing,2,2,436,cust8900@example.com,billing issue reported,2026-08-19T23:45:00+05:30
2026-08-19,West,product_query,0,1,436,cust2528@example.com,product query issue reported,2026-08-19T23:45:00+05:30
2026-08-20,North,late_delivery,9,9,567,cust569@example.com,Order dispatched late from the North hub; no update for three days.,2026-08-20T23:45:00+05:30
2026-08-20,North,damaged_item,3,3,567,cust2126@example.com,damaged item issue reported,2026-08-20T23:45:00+05:30
2026-08-20,North,billing,1,1,567,cust5416@example.com,billing issue reported,2026-08-20T23:45:00+05:30
2026-08-20,North,product_query,0,4,567,cust6916@example.com,product query issue reported,2026-08-20T23:45:00+05:30
2026-08-20,South,late_delivery,4,4,481,cust4105@example.com,Order dispatched late from the North hub; no update for three days.,2026-08-20T23:45:00+05:30
2026-08-20,South,damaged_item,1,1,481,cust1513@example.com,damaged item issue reported,2026-08-20T23:45:00+05:30
2026-08-20,South,billing,2,2,481,cust6770@example.com,billing issue reported,2026-08-20T23:45:00+05:30
2026-08-20,South,product_query,0,1,481,cust9866@example.com,product query issue reported,2026-08-20T23:45:00+05:30
2026-08-20,East,late_delivery,0,0,331,cust4941@example.com,Order dispatched late from the North hub; no update for three days.,2026-08-20T23:45:00+05:30
2026-08-20,East,damaged_item,2,2,331,cust6900@example.com,damaged item issue reported,2026-08-20T23:45:00+05:30
2026-08-20,East,billing,1,1,331,cust6023@example.com,billing issue reported,2026-08-20T23:45:00+05:30
2026-08-21,East,product_query,0,4,331,cust6875@example.com,product query issue reported,2026-08-20T23:45:00+05:30
2026-08-20,West,late_delivery,3,3,436,cust8256@example.com,Order dispatched late from the North hub; no update for three days.,2026-08-20T23:45:00+05:30
2026-08-20,West,damaged_item,1,1,436,cust6096@example.com,damaged item issue reported,2026-08-20T23:45:00+05:30
2026-08-20,West,billing,1,1,436,cust988@example.com,billing issue reported,2026-08-20T23:45:00+05:30
2026-08-20,West,product_query,0,2,436,cust1579@example.com,product query issue reported,2026-08-20T23:45:00+05:30
2026-08-21,North,late_delivery,3,3,567,cust518@example.com,Order dispatched late from the North hub; no update for three days.,2026-08-21T23:45:00+05:30
2026-08-21,North,damaged_item,0,0,567,cust2957@example.com,damaged item issue reported,2026-08-21T23:45:00+05:30
2026-08-21,North,billing,3,3,567,cust2093@example.com,billing issue reported,2026-08-21T23:45:00+05:30
2026-08-21,North,product_query,0,1,567,cust4527@example.com,product query issue reported,2026-08-21T23:45:00+05:30
2026-08-21,South,late_delivery,2,2,480,cust5571@example.com,Order dispatched late from the North hub; no update for three days.,2026-08-21T23:45:00+05:30
2026-08-21,South,damaged_item,2,2,480,cust276@example.com,damaged item issue reported,2026-08-21T23:45:00+05:30
2026-08-21,South,billing,0,0,480,cust5921@example.com,billing issue reported,2026-08-21T23:45:00+05:30
2026-08-21,South,product_query,0,3,480,cust1659@example.com,product query issue reported,2026-08-21T23:45:00+05:30
2026-08-21,East,late_delivery,2,2,331,cust7563@example.com,Order dispatched late from the North hub; no update for three days.,2026-08-21T23:45:00+05:30
2026-08-21,East,damaged_item,1,1,331,cust9908@example.com,damaged item issue reported,2026-08-21T23:45:00+05:30
2026-08-21,East,billing,0,0,331,cust5394@example.com,billing issue reported,2026-08-21T23:45:00+05:30
2026-08-21,East,product_query,0,1,331,cust1664@example.com,product query issue reported,2026-08-21T23:45:00+05:30
2026-08-21,West,late_delivery,2,2,436,cust385@example.com,Order dispatched late from the North hub; no update for three days.,2026-08-21T23:45:00+05:30
2026-08-21,West,damaged_item,0,0,436,cust6630@example.com,damaged item issue reported,2026-08-21T23:45:00+05:30
2026-08-21,West,billing,1,1,436,cust975@example.com,billing issue reported,2026-08-21T23:45:00+05:30
2026-08-21,West,product_query,0,1,436,cust7620@example.com,product query issue reported,2026-08-21T23:45:00+05:30
2026-08-22,North,late_delivery,5,5,671,cust2875@example.com,Order dispatched late from the North hub; no update for three days.,2026-08-22T23:45:00+05:30
2026-08-22,North,damaged_item,4,4,671,cust8789@example.com,damaged item issue reported,2026-08-22T23:45:00+05:30
2026-08-22,North,billing,3,3,671,cust2242@example.com,billing issue reported,2026-08-22T23:45:00+05:30
2026-08-22,North,product_query,0,4,671,cust7176@example.com,product query issue reported,2026-08-22T23:45:00+05:30
2026-08-22,South,late_delivery,2,2,568,cust5814@example.com,Order dispatched late from the North hub; no update for three days.,2026-08-22T23:45:00+05:30
2026-08-22,South,damaged_item,2,2,568,cust2996@example.com,damaged item issue reported,2026-08-22T23:45:00+05:30
2026-08-22,South,billing,2,2,568,cust4572@example.com,billing issue reported,2026-08-22T23:45:00+05:30
2026-08-22,South,product_query,0,2,568,cust6592@example.com,product query issue reported,2026-08-22T23:45:00+05:30
2026-08-22,East,late_delivery,5,5,391,cust7482@example.com,Order dispatched late from the North hub; no update for three days.,2026-08-22T23:45:00+05:30
2026-08-22,East,damaged_item,1,1,391,cust8110@example.com,damaged item issue reported,2026-08-22T23:45:00+05:30
2026-08-22,East,billing,1,1,391,cust2837@example.com,billing issue reported,2026-08-22T23:45:00+05:30
2026-08-22,East,product_query,0,0,391,cust3074@example.com,product query issue reported,2026-08-22T23:45:00+05:30
2026-08-22,West,late_delivery,2,2,515,cust5938@example.com,Order dispatched late from the North hub; no update for three days.,2026-08-22T23:45:00+05:30
2026-08-22,West,damaged_item,0,0,515,cust4328@example.com,damaged item issue reported,2026-08-22T23:45:00+05:30
2026-08-22,West,billing,0,0,515,cust7653@example.com,billing issue reported,2026-08-22T23:45:00+05:30
2026-08-22,West,product_query,0,2,515,cust8324@example.com,product query issue reported,2026-08-22T23:45:00+05:30
2026-08-23,North,late_delivery,4,4,670,cust3378@example.com,Order dispatched late from the North hub; no update for three days.,2026-08-23T23:45:00+05:30
2026-08-23,North,damaged_item,2,2,670,cust8719@example.com,damaged item issue reported,2026-08-23T23:45:00+05:30
2026-08-23,North,billing,3,3,670,cust4379@example.com,billing issue reported,2026-08-23T23:45:00+05:30
2026-08-23,North,product_query,0,5,670,cust1163@example.com,product query issue reported,2026-08-23T23:45:00+05:30
2026-08-23,South,late_delivery,6,6,568,cust3190@example.com,Order dispatched late from the North hub; no update for three days.,2026-08-23T23:45:00+05:30
2026-08-23,South,damaged_item,2,2,568,cust1032@example.com,damaged item issue reported,2026-08-23T23:45:00+05:30
2026-08-23,South,billing,2,2,568,cust8539@example.com,billing issue reported,2026-08-23T23:45:00+05:30
2026-08-23,South,product_query,0,5,568,cust111@example.com,product query issue reported,2026-08-23T23:45:00+05:30
2026-08-23,East,late_delivery,2,2,391,cust9851@example.com,Order dispatched late from the North hub; no update for three days.,2026-08-23T23:45:00+05:30
2026-08-23,East,damaged_item,0,0,391,cust2257@example.com,damaged item issue reported,2026-08-23T23:45:00+05:30
2026-08-23,East,billing,0,0,391,cust8181@example.com,billing issue reported,2026-08-23T23:45:00+05:30
2026-08-23,East,product_query,0,6,391,cust7906@example.com,product query issue reported,2026-08-23T23:45:00+05:30
2026-08-23,West,late_delivery,1,1,515,cust4638@example.com,Order dispatched late from the North hub; no update for three days.,2026-08-23T23:45:00+05:30
2026-08-23,West,damaged_item,0,0,515,cust5018@example.com,damaged item issue reported,2026-08-23T23:45:00+05:30
2026-08-23,West,billing,1,1,515,cust9138@example.com,billing issue reported,2026-08-23T23:45:00+05:30
2026-08-23,West,product_query,0,2,515,cust6284@example.com,product query issue reported,2026-08-23T23:45:00+05:30
2026-08-24,North,late_delivery,0,0,566,cust5119@example.com,Order dispatched late from the North hub; no update for three days.,2026-08-24T23:45:00+05:30
2026-08-24,North,damaged_item,3,3,566,cust1764@example.com,damaged item issue reported,2026-08-24T23:45:00+05:30
2026-08-24,North,billing,1,1,566,cust7068@example.com,billing issue reported,2026-08-24T23:45:00+05:30
2026-08-24,North,product_query,0,3,566,cust864@example.com,product query issue reported,2026-08-24T23:45:00+05:30
2026-08-24,South,late_delivery,6,6,479,cust4516@example.com,Order dispatched late from the North hub; no update for three days.,2026-08-24T23:45:00+05:30
2026-08-24,South,damaged_item,3,3,479,cust9697@example.com,damaged item issue reported,2026-08-24T23:45:00+05:30
2026-08-24,South,billing,0,0,479,cust8641@example.com,billing issue reported,2026-08-24T23:45:00+05:30
2026-08-24,South,product_query,0,6,479,cust4165@example.com,product query issue reported,2026-08-24T23:45:00+05:30
2026-08-24,East,late_delivery,3,3,330,cust9066@example.com,Order dispatched late from the North hub; no update for three days.,2026-08-24T23:45:00+05:30
2026-08-24,East,damaged_item,0,0,330,cust1755@example.com,damaged item issue reported,2026-08-24T23:45:00+05:30
2026-08-24,East,billing,1,1,330,cust888@example.com,billing issue reported,2026-08-24T23:45:00+05:30
2026-08-24,East,product_query,0,4,330,cust3988@example.com,product query issue reported,2026-08-24T23:45:00+05:30
2026-08-24,West,late_delivery,2,2,435,cust3612@example.com,Order dispatched late from the North hub; no update for three days.,2026-08-24T23:45:00+05:30
2026-08-24,West,damaged_item,2,2,435,cust5449@example.com,damaged item issue reported,2026-08-24T23:45:00+05:30
2026-08-24,West,billing,0,0,435,cust4642@example.com,billing issue reported,2026-08-24T23:45:00+05:30
2026-08-24,West,product_query,0,4,435,cust6447@example.com,product query issue reported,2026-08-24T23:45:00+05:30
2026-08-25,North,late_delivery,4,4,565,cust1836@example.com,Order dispatched late from the North hub; no update for three days.,2026-08-25T23:45:00+05:30
2026-08-25,North,damaged_item,0,0,565,cust4215@example.com,damaged item issue reported,2026-08-25T23:45:00+05:30
2026-08-25,North,billing,3,3,565,cust3060@example.com,billing issue reported,2026-08-25T23:45:00+05:30
2026-08-25,North,product_query,0,3,565,cust3152@example.com,product query issue reported,2026-08-25T23:45:00+05:30
2026-08-25,South,late_delivery,8,8,479,cust3650@example.com,Order dispatched late from the North hub; no update for three days.,2026-08-25T23:45:00+05:30
2026-08-25,South,damaged_item,1,1,479,cust428@example.com,damaged item issue reported,2026-08-25T23:45:00+05:30
2026-08-25,South,billing,2,2,479,cust8527@example.com,billing issue reported,2026-08-25T23:45:00+05:30
2026-08-25,South,product_query,0,0,479,cust3440@example.com,product query issue reported,2026-08-25T23:45:00+05:30
2026-08-25,East,late_delivery,3,3,330,cust2025@example.com,Order dispatched late from the North hub; no update for three days.,2026-08-25T23:45:00+05:30
2026-08-25,East,damaged_item,1,1,330,cust8579@example.com,damaged item issue reported,2026-08-25T23:45:00+05:30
2026-08-25,East,billing,1,1,330,cust1297@example.com,billing issue reported,2026-08-25T23:45:00+05:30
2026-08-25,East,product_query,0,1,330,cust3431@example.com,product query issue reported,2026-08-25T23:45:00+05:30
2026-08-25,West,late_delivery,4,4,434,cust1935@example.com,Order dispatched late from the North hub; no update for three days.,2026-08-25T23:45:00+05:30
2026-08-25,West,damaged_item,0,0,434,cust123@example.com,damaged item issue reported,2026-08-25T23:45:00+05:30
2026-08-25,West,billing,1,1,434,cust6651@example.com,billing issue reported,2026-08-25T23:45:00+05:30
2026-08-25,West,product_query,0,1,434,cust9844@example.com,product query issue reported,2026-08-25T23:45:00+05:30
